date,long_return,short_return,portfolio_return,cost,net_return,capital,month
2022-01-04,0.06649,-0.10894,0.08771499999999999,0.0026,0.08511499999999998,1085115.0,2022-01
2022-01-07,0.14579,-0.11366999999999998,0.12972999999999998,0.0026,0.12713,1223065.66995,2022-01
2022-01-12,0.03525,-0.08975,0.0625,0.0026,0.0599,1296327.3035800052,2022-01
2022-01-17,0.10144,-0.1345,0.11797,0.0026,0.11537,1445884.5845940304,2022-01
2022-01-20,0.1278,-0.17851,0.15315499999999999,0.0026,0.150555,1663569.7382275846,2022-01
2022-01-25,0.14403,-0.17233,0.15818,0.0026,0.15558,1922387.9181010323,2022-01
2022-01-28,0.14999999999999997,-0.13166999999999998,0.140835,0.0026,0.138235,2188129.211959728,2022-01
2022-02-09,0.03915,-0.06504,0.052095,0.0026,0.049495000000000004,2296430.667305675,2022-02
2022-02-14,0.14999999999999997,-0.04049,0.09524499999999998,0.0026,0.09264499999999998,2509183.4864782095,2022-02
2022-02-17,0.09895,-0.06026,0.079605,0.0026,0.07700499999999999,2702403.160854464,2022-02
2022-02-22,0.14999999999999997,-0.08534,0.11766999999999998,0.0026,0.11506999999999998,3013368.692573987,2022-02
2022-02-25,0.13011,-0.09792000000000001,0.114015,0.0026,0.111415,3349103.165457118,2022-02
2022-03-02,0.021339999999999998,-0.16834,0.09484,0.0026,0.09223999999999999,3658024.441438882,2022-03
2022-03-07,0.14999999999999997,-0.1266,0.13829999999999998,0.0026,0.1357,4154418.358142138,2022-03
2022-03-10,0.0804,-0.14307999999999998,0.11173999999999999,0.0026,0.10913999999999999,4607831.577749771,2022-03
2022-03-15,0.14999999999999997,-0.030180000000000002,0.09008999999999999,0.0026,0.08748999999999998,5010970.762487099,2022-03
2022-03-18,0.07898,-0.02787,0.053425,0.0026,0.050825,5265653.351490505,2022-03
2022-03-23,0.07366,-0.12398,0.09882,0.0026,0.09622,5772314.516970921,2022-03
2022-03-28,0.14999999999999997,-0.17543999999999998,0.16271999999999998,0.0026,0.16011999999999998,6696577.517428305,2022-03
2022-03-31,0.14999999999999997,-0.12025999999999999,0.13512999999999997,0.0026,0.13252999999999998,7584074.935813079,2022-03
2022-04-07,0.14999999999999997,-0.16031,0.155155,0.0026,0.152555,8741063.487646043,2022-04
2022-04-12,0.13918999999999998,-0.13219,0.13568999999999998,0.0026,0.13308999999999999,9904411.627216855,2022-04
2022-04-15,0.14999999999999997,-0.18868000000000001,0.16934,0.0026,0.16674,11555873.221938992,2022-04
2022-04-20,0.08922,-0.18786,0.13854,0.0026,0.13594,13126778.627729379,2022-04
2022-04-25,0.14999999999999997,-0.32266,0.23632999999999998,0.0026,0.23373,16194900.596388565,2022-04
2022-04-28,0.14999999999999997,-0.16518000000000002,0.15759,0.0026,0.15499000000000002,18704948.239822827,2022-04
2022-05-06,0.14767999999999998,-0.00458,0.07612999999999999,0.0026,0.07352999999999998,20080323.083897,2022-05
2022-05-16,0.10230000000000002,-0.11144000000000001,0.10687000000000002,0.0026,0.10427000000000002,22174098.37185494,2022-05
2022-05-19,0.14083999999999997,-0.10939999999999998,0.12511999999999998,0.0026,0.12251999999999998,24890868.904374603,2022-05
2022-05-24,0.14999999999999997,-0.25084999999999996,0.20042499999999996,0.0026,0.19782499999999997,29814905.045382507,2022-05
2022-05-27,0.14999999999999997,-0.18213,0.16606499999999996,0.0026,0.16346499999999997,34688598.49862596,2022-05
2022-06-01,0.14113,-0.10368,0.122405,0.0026,0.119805,38844466.041753836,2022-06
2022-06-07,0.09613000000000001,-0.07818,0.08715500000000001,0.0026,0.084555,42128959.86791433,2022-06
2022-06-10,0.13974999999999999,-0.04614,0.092945,0.0026,0.090345,45935100.74718104,2022-06
2022-06-15,0.14999999999999997,-0.18775999999999998,0.16887999999999997,0.0026,0.16627999999999998,53573189.29942231,2022-06
2022-06-20,0.057569999999999996,-0.08963,0.0736,0.0026,0.071,57376885.73968129,2022-06
2022-06-23,0.08659,-0.04557,0.06608,0.0026,0.06348,61019170.446436256,2022-06
2022-06-28,0.08179,-0.07407,0.07793,0.0026,0.07533,65615744.55616629,2022-06
2022-07-01,0.10255,-0.11344000000000001,0.10799500000000001,0.0026,0.105395,72531315.95366344,2022-07
2022-07-06,0.14397,-0.10249000000000001,0.12323,0.0026,0.12063,81280768.59715386,2022-07
2022-07-11,0.14999999999999997,-0.1285,0.13924999999999998,0.0026,0.13665,92387785.62595493,2022-07
2022-07-14,0.07963,-0.0643,0.071965,0.0026,0.069365,98796264.37589929,2022-07
2022-07-19,0.04131,-0.05219,0.04675,0.0026,0.04415,103158119.44809523,2022-07
2022-07-22,0.10395000000000001,-0.058140000000000004,0.081045,0.0026,0.078445,111250358.12820107,2022-07
2022-07-27,0.03136,-0.10833,0.06984499999999999,0.0026,0.06724499999999999,118731388.46053195,2022-07
2022-08-01,0.08684,-0.08945000000000002,0.088145,0.0026,0.085545,128888265.08638816,2022-08
2022-08-04,0.14999999999999997,-0.034969999999999994,0.09248499999999998,0.0026,0.08988499999999998,140473386.79367816,2022-08
2022-08-09,0.06083000000000001,-0.02286,0.04184500000000001,0.0026,0.03924500000000001,145986264.85839605,2022-08
2022-08-12,0.10958000000000001,-0.04954,0.07956,0.0026,0.07696,157221367.8018982,2022-08
2022-08-17,0.0863,-0.09239,0.08934500000000001,0.0026,0.086745,170859535.35187387,2022-08
2022-08-22,0.07981,-0.13951,0.10966000000000001,0.0026,0.10706,189151757.2066455,2022-08
2022-08-25,0.14999999999999997,-0.16055999999999998,0.15527999999999997,0.0026,0.15267999999999998,218031447.4969561,2022-08
2022-08-30,0.07471000000000001,-0.10537,0.09004000000000001,0.0026,0.08744,237096117.26608995,2022-08
2022-09-02,0.08595,-0.05922000000000001,0.07258500000000001,0.0026,0.069985,253689289.03295726,2022-09
2022-09-07,0.1058,-0.08956,0.09768,0.0026,0.09508,277810066.6342108,2022-09
2022-09-13,0.07287999999999999,-0.11768,0.09528,0.0026,0.09268,303557503.60986954,2022-09
2022-09-16,0.14999999999999997,-0.10763,0.12881499999999999,0.0026,0.126215,341871013.9279892,2022-09
2022-09-21,0.12860999999999997,-0.08774,0.108175,0.0026,0.10557499999999999,377964046.22343665,2022-09
2022-09-26,0.09637,-0.18022,0.138295,0.0026,0.135695,429251877.47572595,2022-09
2022-09-29,0.10508999999999999,-0.12854,0.11681499999999999,0.0026,0.11421499999999998,478278880.66161597,2022-09
2022-10-11,0.14999999999999997,-0.0006400000000000003,0.07531999999999998,0.0026,0.07271999999999998,513059320.86332864,2022-10
2022-10-19,0.06918,-0.12323999999999999,0.09620999999999999,0.0026,0.09360999999999998,561086803.8893448,2022-10
2022-10-24,0.14999999999999997,-0.13995000000000002,0.144975,0.0026,0.142375,640971537.5930902,2022-10
2022-10-27,0.14514,-0.13365,0.139395,0.0026,0.136795,728653239.0781369,2022-10
2022-11-01,0.12215000000000001,-0.03635,0.07925,0.0026,0.07665,784504509.853476,2022-11
2022-11-09,0.11434,-0.053079999999999995,0.08370999999999999,0.0026,0.08110999999999999,848135670.6476915,2022-11
2022-11-14,0.14999999999999997,-0.08678,0.11838999999999998,0.0026,0.11578999999999998,946341299.9519877,2022-11
2022-11-17,0.11633000000000002,-0.08238,0.099355,0.0026,0.096755,1037904552.4288422,2022-11
2022-11-22,0.14999999999999997,-0.15612,0.15305999999999997,0.0026,0.15045999999999998,1194067671.3872857,2022-11
2022-11-25,0.14999999999999997,-0.040400000000000005,0.09519999999999998,0.0026,0.09259999999999997,1304638337.7577484,2022-11
2022-11-30,0.08415,-0.02383,0.05399,0.0026,0.051390000000000005,1371683701.9351192,2022-11
2022-12-05,0.03765999999999999,-0.05752,0.04758999999999999,0.0026,0.044989999999999995,1433395751.6851802,2022-12
2022-12-08,0.05313000000000001,-0.07410000000000001,0.063615,0.0026,0.06101500000000001,1520854393.4742515,2022-12
2022-12-13,0.07303000000000001,-0.09601,0.08452000000000001,0.0026,0.08192,1645442785.3876622,2022-12
2022-12-16,0.10866,-0.13281,0.12073500000000001,0.0026,0.118135,1839827168.839434,2022-12
2022-12-21,0.09809999999999999,-0.10468999999999999,0.10139499999999999,0.0026,0.09879499999999998,2021592893.9849257,2022-12
2022-12-26,0.05869,-0.1038,0.081245,0.0026,0.07864499999999999,2180581067.1323705,2022-12
2022-12-29,0.11387999999999998,-0.02051,0.06719499999999999,0.0026,0.06459499999999999,2321435701.163786,2022-12
2023-01-04,0.13377,-0.02645,0.08011,0.0026,0.07751,2501370182.360991,2023-01
2023-01-09,0.042210000000000004,-0.10667,0.07444,0.0026,0.07184,2681068616.2618046,2023-01
2023-01-12,0.13355,-0.11105000000000001,0.1223,0.0026,0.1197,3001992529.628342,2023-01
2023-01-17,0.14999999999999997,-0.06632,0.10815999999999998,0.0026,0.10555999999999997,3318882861.0559096,2023-01
2023-01-20,0.06096999999999999,-0.07172,0.066345,0.0026,0.063745,3530445049.0339184,2023-01
2023-02-01,0.02219,-0.07715000000000001,0.049670000000000006,0.0026,0.04707000000000001,3696623097.491945,2023-02
2023-02-06,0.09172000000000001,-0.059789999999999996,0.075755,0.0026,0.073155,3967049560.188968,2023-02
2023-02-09,0.0392,-0.04821,0.043705,0.0026,0.041105,4130115132.3605356,2023-02
2023-02-14,0.05390999999999999,-0.07008,0.061994999999999995,0.0026,0.059394999999999996,4375423320.64709,2023-02
2023-02-17,0.14999999999999997,-0.061399999999999996,0.10569999999999999,0.0026,0.10309999999999998,4826529465.005805,2023-02
2023-02-22,0.05149999999999999,-0.07488999999999998,0.06319499999999999,0.0026,0.06059499999999999,5118993017.937832,2023-02
2023-02-27,0.13376999999999997,-0.049319999999999996,0.09154499999999999,0.0026,0.08894499999999998,5574301851.918313,2023-02
2023-03-02,0.09072,-0.06466999999999999,0.07769499999999999,0.0026,0.07509499999999998,5992904049.488118,2023-03
2023-03-07,0.0631,-0.07056,0.06683,0.0026,0.06423,6377828276.5867405,2023-03
2023-03-10,0.07874,-0.07276,0.07575000000000001,0.0026,0.07315,6844366415.019061,2023-03
2023-03-15,0.08327999999999999,-0.09236,0.08782,0.0026,0.08521999999999999,7427643320.906986,2023-03
2023-03-20,0.09774,-0.07887,0.088305,0.0026,0.08570499999999999,8064229491.725319,2023-03
2023-03-23,0.053720000000000004,-0.06749000000000001,0.060605000000000006,0.0026,0.05800500000000001,8531995123.392847,2023-03
2023-03-28,0.14368,-0.08514999999999999,0.11441499999999999,0.0026,0.11181499999999998,9486000158.115019,2023-03
2023-03-31,0.12227000000000002,-0.06794,0.09510500000000001,0.0026,0.092505,10363502602.74145,2023-03
2023-04-06,0.13415,-0.13144999999999998,0.13279999999999997,0.0026,0.13019999999999998,11712830641.618385,2023-04
2023-04-11,0.11842,-0.11021999999999998,0.11431999999999999,0.0026,0.11171999999999999,13021388080.899992,2023-04
2023-04-14,0.08157,-0.11916,0.10036500000000001,0.0026,0.097765,14294424086.62918,2023-04
2023-04-19,0.0917,-0.20048999999999997,0.14609499999999997,0.0026,0.14349499999999998,16345602470.940035,2023-04
2023-04-24,0.14999999999999997,-0.28183,0.215915,0.0026,0.213315,19832364662.028606,2023-04
2023-04-27,0.12814,-0.27717,0.20265500000000003,0.0026,0.20005500000000004,23799928374.49074,2023-04
2023-05-05,0.07455,-0.15435,0.11445,0.0026,0.11184999999999999,26461950363.177532,2023-05
2023-05-10,0.10833999999999999,-0.08303999999999999,0.09569,0.0026,0.09308999999999999,28925293322.485725,2023-05
2023-05-15,0.08088,-0.12738,0.10413,0.0026,0.10153,31862078353.517696,2023-05
2023-05-18,0.11313999999999999,-0.13328,0.12321,0.0026,0.12061,35704963623.735466,2023-05
2023-05-23,0.14999999999999997,-0.09984000000000001,0.12491999999999999,0.0026,0.12231999999999998,40072394774.19079,2023-05
2023-05-26,0.11952999999999998,-0.18972000000000003,0.154625,0.0026,0.15202500000000002,46164400589.737144,2023-05
2023-05-31,0.14611,-0.22164,0.183875,0.0026,0.18127500000000002,54532852306.64175,2023-05
2023-06-05,0.057440000000000005,-0.18861,0.123025,0.0026,0.12042499999999999,61099971045.66908,2023-06
2023-06-08,0.14999999999999997,-0.19787000000000002,0.173935,0.0026,0.17133500000000002,71568534584.7788,2023-06
2023-06-13,0.13182,-0.10691000000000002,0.119365,0.0026,0.116765,79925234525.5705,2023-06
2023-06-16,0.0694,-0.12839,0.09889500000000001,0.0026,0.096295,87621634984.21031,2023-06
2023-06-21,0.14999999999999997,-0.13263999999999998,0.14131999999999997,0.0026,0.13871999999999998,99776508189.21996,2023-06
2023-06-28,0.14999999999999997,-0.13809,0.14404499999999998,0.0026,0.141445,113889396390.04417,2023-06
2023-07-03,0.06603,-0.07613,0.07108,0.0026,0.06848,121688542254.83441,2023-07
2023-07-06,0.09961,-0.0738,0.086705,0.0026,0.084105,131923157101.17728,2023-07
2023-07-11,0.07105,-0.0675,0.069275,0.0026,0.066675,140719133600.8983,2023-07
2023-07-14,0.10823,-0.13218000000000002,0.120205,0.0026,0.117605,157268407308.03192,2023-07
2023-07-19,0.10861999999999998,-0.10110000000000001,0.10486,0.0026,0.10225999999999999,173350674639.35126,2023-07
2023-07-24,0.12261999999999999,-0.0744,0.09850999999999999,0.0026,0.09590999999999998,189976737844.0114,2023-07
2023-07-27,0.13369999999999999,-0.08491,0.10930499999999999,0.0026,0.10670499999999998,210248205655.65665,2023-07
2023-08-01,0.07085,-0.11495,0.0929,0.0026,0.09029999999999999,229233618626.36246,2023-08
2023-08-04,0.08765,-0.07042999999999999,0.07904,0.0026,0.07644,246756236434.16162,2023-08
2023-08-09,0.10863,-0.14203000000000002,0.12533,0.0026,0.12272999999999999,277040629331.72626,2023-08
2023-08-14,0.08887999999999999,-0.11768,0.10328,0.0026,0.10067999999999999,304933079892.8445,2023-08
2023-08-17,0.07365,-0.11408,0.093865,0.0026,0.091265,332762797429.2649,2023-08
2023-08-22,0.09492999999999999,-0.10954,0.10223499999999999,0.0026,0.09963499999999999,365917618751.1297,2023-08
2023-08-25,0.14999999999999997,-0.034280000000000005,0.09213999999999999,0.0026,0.08953999999999998,398681882334.10583,2023-08
2023-08-30,0.053720000000000004,-0.06291,0.058315,0.0026,0.055715,420894443408.3505,2023-08
2023-09-04,0.06442,-0.08872,0.07657,0.0026,0.07397,452028005387.26624,2023-09
2023-09-07,0.14999999999999997,-0.06837000000000001,0.10918499999999999,0.0026,0.10658499999999999,500207410341.46796,2023-09
2023-09-12,0.08115,-0.08331999999999998,0.08223499999999999,0.0026,0.07963499999999998,540041427464.0107,2023-09
2023-09-15,0.14656999999999998,-0.14807,0.14732,0.0026,0.14472000000000002,618196222846.6023,2023-09
2023-09-20,0.14999999999999997,-0.08307,0.11653499999999999,0.0026,0.11393499999999998,688630409496.6299,2023-09
2023-09-25,0.13728,-0.059629999999999996,0.098455,0.0026,0.095855,754639077398.9293,2023-09
2023-09-28,0.08489,-0.08749,0.08618999999999999,0.0026,0.08358999999999998,817719357878.7058,2023-09
2023-10-11,0.09591000000000001,-0.09942000000000001,0.097665,0.0026,0.095065,895455848635.445,2023-10
2023-10-16,0.13859,-0.1356,0.137095,0.0026,0.134495,1015890182997.6692,2023-10
2023-10-19,0.14999999999999997,-0.11149,0.130745,0.0026,0.128145,1146071430497.9055,2023-10
2023-10-24,0.11542,-0.014249999999999999,0.064835,0.0026,0.062235000000000006,1217397185974.9426,2023-10
2023-10-27,0.05241,-0.05738,0.054895,0.0026,0.052295,1281060971815.5022,2023-10
2023-11-01,0.13167999999999996,-0.014409999999999997,0.07304499999999998,0.0026,0.07044499999999998,1371305311975.0452,2023-11
2023-11-06,0.03066,-0.030110000000000005,0.030385000000000002,0.0026,0.027785000000000004,1409407030068.2717,2023-11
2023-11-09,0.12705,-0.04053,0.08379,0.0026,0.08119,1523836786839.515,2023-11
2023-11-14,0.058779999999999985,-0.03429,0.04653499999999999,0.0026,0.043934999999999995,1590786556069.309,2023-11
2023-11-17,0.1404,-0.05750999999999999,0.09895499999999999,0.0026,0.09635499999999998,1744066794679.3672,2023-11
2023-11-22,0.13130999999999998,-0.07525000000000001,0.10328,0.0026,0.10067999999999999,1919659439567.686,2023-11
2023-11-27,0.14526,-0.05728000000000001,0.10127,0.0026,0.09867,2109072236469.8296,2023-11
2023-11-30,0.12143,-0.09702,0.10922499999999999,0.0026,0.10662499999999998,2333952063683.4253,2023-11
2023-12-05,0.0867,-0.1106,0.09865,0.0026,0.09605,2558128159400.2183,2023-12
2023-12-08,0.10779000000000001,-0.05656,0.082175,0.0026,0.07957499999999999,2761691207684.4907,2023-12
2023-12-13,0.04786,-0.07415000000000001,0.061005000000000004,0.0026,0.058405000000000006,2922987782669.3037,2023-12
2023-12-18,0.08959,-0.15293,0.12126,0.0026,0.11866,3269829512960.8433,2023-12
2023-12-21,0.14999999999999997,-0.14459,0.14729499999999998,0.0026,0.144695,3742957494338.7124,2023-12
2023-12-26,0.12465999999999999,-0.04117,0.08291499999999999,0.0026,0.08031499999999998,4043573125496.526,2023-12
2024-01-04,0.056799999999999996,-0.12814,0.09247,0.0026,0.08986999999999999,4406969042284.898,2024-01
2024-01-09,0.14999999999999997,-0.17021999999999998,0.16010999999999997,0.0026,0.15750999999999998,5101110736135.193,2024-01
2024-01-12,0.12634,-0.10178000000000001,0.11406000000000001,0.0026,0.11146,5669680538784.822,2024-01
2024-01-17,0.12169,-0.18138,0.151535,0.0026,0.148935,6514094409828.74,2024-01
2024-01-22,0.14999999999999997,-0.09872,0.12435999999999998,0.0026,0.12175999999999998,7307250545169.488,2024-01
2024-01-30,0.10984000000000001,-0.23329999999999998,0.17157,0.0026,0.16897,8541956669786.777,2024-01
2024-02-02,0.14999999999999997,-0.21647,0.18323499999999998,0.0026,0.180635,10084933012833.713,2024-02
2024-02-07,0.14999999999999997,0.05212,0.048939999999999984,0.0026,0.046339999999999985,10552268808648.428,2024-02
2024-02-28,0.14999999999999997,-0.055279999999999996,0.10263999999999998,0.0026,0.10003999999999998,11607917780265.615,2024-02
2024-03-04,0.10730999999999999,-0.07666,0.091985,0.0026,0.08938499999999999,12645491511054.658,2024-03
2024-03-07,0.14999999999999997,-0.059789999999999996,0.10489499999999999,0.0026,0.10229499999999998,13939062065177.994,2024-03
2024-03-12,0.11377000000000001,-0.03191,0.07284,0.0026,0.07024,14918141784636.098,2024-03
2024-03-15,0.06616999999999999,-0.00529,0.03573,0.0026,0.03313,15412379821961.094,2024-03
2024-03-20,0.021490000000000002,-0.10246,0.061975,0.0026,0.059375000000000004,16327489873890.033,2024-03
2024-03-25,0.14999999999999997,-0.11561000000000002,0.132805,0.0026,0.13020500000000002,18453410692919.887,2024-03
2024-03-28,0.11695,-0.05732,0.087135,0.0026,0.084535,20013369765845.87,2024-03
2024-04-02,0.020819999999999998,-0.118,0.06941,0.0026,0.06681,21350462999902.035,2024-04
2024-04-09,0.06355000000000001,-0.12545,0.0945,0.0026,0.0919,23312570549593.035,2024-04
2024-04-12,0.09056,-0.16416999999999998,0.127365,0.0026,0.124765,26221163414213.01,2024-04
2024-04-17,0.030749999999999993,-0.12505000000000002,0.07790000000000001,0.0026,0.0753,28195617019303.25,2024-04
2024-04-22,0.09296,-0.11246,0.10271,0.0026,0.10010999999999999,31018280239105.695,2024-04
2024-04-25,0.12867,-0.09705,0.11286,0.0026,0.11026,34438355818269.49,2024-04
2024-04-30,0.08568,-0.06560999999999999,0.07564499999999999,0.0026,0.07304499999999998,36953905519014.984,2024-04
2024-05-08,0.08372,-0.20088999999999996,0.142305,0.0026,0.139705,42116550889548.97,2024-05
2024-05-13,0.14999999999999997,-0.15677999999999997,0.15338999999999997,0.0026,0.15078999999999998,48467305598184.055,2024-05
2024-05-16,0.14999999999999997,-0.18297999999999998,0.16648999999999997,0.0026,0.16388999999999998,56410612312670.43,2024-05
2024-05-21,0.14999999999999997,-0.12993,0.13996499999999998,0.0026,0.137365,64159456073000.4,2024-05
2024-05-24,0.14999999999999997,-0.25053000000000003,0.200265,0.0026,0.197665,76841534957670.02,2024-05
2024-05-29,0.11160999999999999,-0.22802999999999995,0.16981999999999997,0.0026,0.16721999999999998,89690976433291.6,2024-05
2024-06-03,0.12458999999999998,-0.22990999999999998,0.17724999999999996,0.0026,0.17464999999999997,105355505467365.97,2024-06
2024-06-06,0.14999999999999997,-0.19195999999999996,0.17097999999999997,0.0026,0.16837999999999997,123095265477961.05,2024-06
2024-06-12,0.05932,-0.10232000000000001,0.08082,0.0026,0.07822,132723777143647.16,2024-06
2024-06-17,0.08051,-0.10245,0.09148,0.0026,0.08888,144520266456174.53,2024-06
2024-06-20,0.14873999999999998,-0.17831999999999998,0.16352999999999998,0.0026,0.16093,167777912936966.7,2024-06
2024-06-25,0.14999999999999997,-0.13817,0.14408499999999996,0.0026,0.14148499999999997,191515970948853.4,2024-06
2024-06-28,0.14999999999999997,-0.13935,0.144675,0.0026,0.142075,218725602521411.75,2024-06
2024-07-03,0.13818999999999998,-0.175,0.15659499999999998,0.0026,0.153995,252408251681696.56,2024-07
2024-07-08,0.14999999999999997,-0.12079,0.135395,0.0026,0.132795,285926805463767.44,2024-07
2024-07-11,0.045219999999999996,-0.14577,0.095495,0.0026,0.09289499999999999,312487976057324.1,2024-07
2024-07-16,0.14142,-0.11293,0.12717499999999998,0.0026,0.12457499999999998,351416165674665.25,2024-07
2024-07-19,0.09957999999999999,-0.15446,0.12702,0.0026,0.12441999999999999,395139365007907.06,2024-07
2024-07-24,0.14999999999999997,-0.10744000000000001,0.12872,0.0026,0.12612,444974341722704.3,2024-07
2024-07-29,0.14999999999999997,-0.06482,0.10740999999999998,0.0026,0.10480999999999997,491612102478661.0,2024-07
2024-08-01,0.043890000000000005,-0.037309999999999996,0.0406,0.0026,0.038,510293362372850.1,2024-08
2024-08-06,0.05478999999999999,-0.13904,0.096915,0.0026,0.094315,558421680845045.44,2024-08
2024-08-09,0.14999999999999997,-0.09256,0.12127999999999999,0.0026,0.11867999999999998,624695165927735.4,2024-08
2024-08-14,0.14999999999999997,-0.13485,0.14242499999999997,0.0026,0.13982499999999998,712043167503581.0,2024-08
2024-08-19,0.14999999999999997,-0.14855,0.149275,0.0026,0.146675,816482099097168.9,2024-08
2024-08-22,0.14999999999999997,-0.11999,0.13499499999999998,0.0026,0.13239499999999998,924580246607138.6,2024-08
2024-08-27,0.14999999999999997,-0.08195,0.11597499999999998,0.0026,0.11337499999999998,1029404532066223.0,2024-08
2024-08-30,0.031179999999999996,-0.05789999999999999,0.044539999999999996,0.0026,0.04194,1072577758141080.5,2024-08
2024-09-04,0.08327999999999999,-0.07347999999999999,0.07837999999999999,0.0026,0.07577999999999999,1153857700653011.5,2024-09
2024-09-09,0.14999999999999997,-0.13243,0.14121499999999998,0.0026,0.138615,1313799685829028.5,2024-09
2024-09-12,0.14587,-0.10007999999999999,0.122975,0.0026,0.120375,1471948323010697.8,2024-09
2024-09-19,0.08731999999999998,-0.043320000000000004,0.06531999999999999,0.0026,0.06271999999999998,1564268921829928.5,2024-09
2024-09-30,0.14999999999999997,-0.17122999999999997,0.16061499999999995,0.0026,0.15801499999999996,1811446875512884.8,2024-09
2024-10-10,0.03831,-0.00846,0.023385,0.0026,0.020784999999999998,1849097798820420.2,2024-10
2024-10-15,0.12727,-0.035,0.081135,0.0026,0.078535,1994316694450782.0,2024-10
2024-10-31,0.11326,-0.015989999999999997,0.064625,0.0026,0.062025000000000004,2118014187424091.8,2024-10
2024-11-13,0.019200000000000005,-0.09437999999999999,0.05679,0.0026,0.05419,2232789376240603.2,2024-11
2024-11-18,0.14999999999999997,-0.09122999999999999,0.12061499999999997,0.0026,0.11801499999999997,2496292014477638.0,2024-11
2024-11-21,0.04013,-0.07341,0.05677,0.0026,0.05417,2631516152901892.0,2024-11
2024-11-26,0.09698,-0.0007699999999999999,0.048875,0.0026,0.046275000000000004,2753289562877427.0,2024-11
2024-12-04,0.14243999999999998,-0.02311,0.08277499999999999,0.0026,0.08017499999999998,2974034553581124.5,2024-12
2024-12-09,0.09465,-0.04314,0.068895,0.0026,0.06629499999999999,3171198174310785.0,2024-12
2024-12-12,0.0009200000000000004,-0.07200000000000001,0.036460000000000006,0.0026,0.03386000000000001,3278574944492948.0,2024-12
2024-12-17,0.14999999999999997,-0.12598000000000004,0.13799,0.0026,0.13539,3722461206227848.5,2024-12
2024-12-20,0.10651999999999999,-0.15550999999999998,0.131015,0.0026,0.128415,4200481062025597.5,2024-12
2024-12-25,0.11674,-0.12440999999999999,0.12057499999999999,0.0026,0.11797499999999998,4696032815318067.0,2024-12
2024-12-30,0.027430000000000003,-0.18261,0.10502,0.0026,0.10242,5177000496262943.0,2024-12
2025-01-03,0.14999999999999997,-0.07026000000000002,0.11012999999999999,0.0026,0.10752999999999999,5733683359626097.0,2025-01
2025-01-08,0.08509,-0.021800000000000003,0.053445,0.0026,0.050845,6025212490046286.0,2025-01
2025-01-13,0.14999999999999997,-0.026840000000000003,0.08841999999999998,0.0026,0.08581999999999998,6542296225942058.0,2025-01
2025-01-21,0.12569999999999998,-0.14875,0.13722499999999999,0.0026,0.134625,7423052855359508.0,2025-01
2025-01-24,0.14999999999999997,-0.08023,0.11511499999999998,0.0026,0.11251499999999998,8258257647380282.0,2025-01
2025-02-06,0.10941999999999999,-0.020549999999999995,0.06498499999999999,0.0026,0.06238499999999999,8773449050712100.0,2025-02
2025-02-11,0.07657,-0.04348,0.060024999999999995,0.0026,0.057425,9277264362449242.0,2025-02
2025-02-14,0.14999999999999997,-0.052669999999999995,0.10133499999999998,0.0026,0.09873499999999998,1.0193255059275668e+16,2025-02
2025-02-19,0.05882,-0.0556,0.05721,0.0026,0.05461,1.0749908718062712e+16,2025-02
2025-02-24,0.12588000000000002,-0.10951999999999999,0.1177,0.0026,0.1151,1.198722321151173e+16,2025-02
2025-02-27,0.13639,-0.07537,0.10588,0.0026,0.10328,1.3225263624796662e+16,2025-02
2025-03-04,0.10050999999999999,-0.06868,0.084595,0.0026,0.081995,1.4309669115711864e+16,2025-03
2025-03-07,0.08848999999999999,-0.060629999999999996,0.07455999999999999,0.0026,0.07195999999999998,1.533939290527849e+16,2025-03
2025-03-12,0.10588,-0.01812,0.062,0.0026,0.0594,1.625055284385203e+16,2025-03
2025-03-17,0.03899999999999999,-0.062,0.050499999999999996,0.0026,0.0479,1.7028954325072544e+16,2025-03
2025-03-20,0.14999999999999997,-0.18245999999999998,0.16623,0.0026,0.16363,1.9815402121284164e+16,2025-03
2025-03-25,0.11556999999999999,-0.11351,0.11454,0.0026,0.11194,2.203353823474071e+16,2025-03
2025-03-28,0.14296999999999999,-0.11333,0.12815,0.0026,0.12555,2.479984896011241e+16,2025-03
2025-04-02,0.04057,-0.17045999999999997,0.10551499999999998,0.0026,0.10291499999999998,2.7352125415842372e+16,2025-04
2025-04-08,0.14999999999999997,-0.0039099999999999985,0.07695499999999998,0.0026,0.07435499999999998,2.9385892701137332e+16,2025-04
2025-04-16,0.07355999999999999,-0.0631,0.06833,0.0026,0.06573,3.1317427428383092e+16,2025-04
2025-04-21,0.045079999999999995,-0.13863,0.09185499999999999,0.0026,0.08925499999999999,3.4112664413503428e+16,2025-04
2025-04-24,0.14999999999999997,-0.29587,0.222935,0.0026,0.220335,4.16288783270527e+16,2025-04
2025-04-29,0.14999999999999997,-0.08900000000000001,0.1195,0.0026,0.11689999999999999,4.649529420348517e+16,2025-04
2025-05-07,0.038900000000000004,-0.03161,0.035255,0.0026,0.032655,4.801359803569998e+16,2025-05
2025-05-12,0.01125,-0.03887,0.02506,0.0026,0.02246,4.90919834475818e+16,2025-05
2025-05-15,0.14999999999999997,-0.11563999999999999,0.13282,0.0026,0.13022,5.54847415321259e+16,2025-05
2025-05-20,0.07436,-0.08571,0.080035,0.0026,0.07743499999999999,5.978120249266607e+16,2025-05
2025-05-23,0.14999999999999997,-0.22227999999999998,0.18613999999999997,0.0026,0.18353999999999998,7.075344439817001e+16,2025-05
2025-05-28,0.14999999999999997,-0.04848,0.09923999999999998,0.0026,0.09663999999999998,7.759105726480917e+16,2025-05
2025-06-03,0.12502000000000002,-0.029070000000000002,0.07704500000000002,0.0026,0.07444500000000001,8.336732352288789e+16,2025-06
2025-06-06,0.09503,-0.036,0.065515,0.0026,0.062915,8.861237868233038e+16,2025-06
2025-06-11,0.05626,-0.08730000000000002,0.07178000000000001,0.0026,0.06918,9.4742583039574e+16,2025-06
2025-06-16,0.08388,-0.14204999999999998,0.11296499999999998,0.0026,0.11036499999999998,1.0519884821673659e+17,2025-06
2025-06-19,0.14999999999999997,-0.08373,0.11686499999999998,0.0026,0.11426499999999998,1.17219394608222e+17,2025-06
2025-06-24,0.07869,-0.040749999999999995,0.059719999999999995,0.0026,0.05712,1.2391496642824365e+17,2025-06
2025-06-27,0.05374000000000001,-0.012750000000000001,0.033245000000000004,0.0026,0.030645000000000006,1.2771234057443718e+17,2025-06
2025-07-02,0.12378,-0.023880000000000002,0.07383,0.0026,0.07123,1.3680929059355434e+17,2025-07
2025-07-07,0.14148,-0.08536999999999999,0.113425,0.0026,0.11082499999999999,1.51971180223585e+17,2025-07
2025-07-10,0.14999999999999997,-0.04974,0.09986999999999999,0.0026,0.09726999999999998,1.667534169239331e+17,2025-07
2025-07-15,0.14999999999999997,-0.058679999999999996,0.10433999999999999,0.0026,0.10173999999999998,1.83718909561774e+17,2025-07
2025-07-18,0.07343,-0.03666,0.055045,0.0026,0.052445,1.9335404777374128e+17,2025-07
2025-07-23,0.13327,-0.04708,0.090175,0.0026,0.087575,2.1028702850752666e+17,2025-07
2025-07-28,0.07114,-0.06742000000000001,0.06928000000000001,0.0026,0.06668,2.2430896756840854e+17,2025-07
2025-07-31,0.14999999999999997,-0.0301,0.09004999999999998,0.0026,0.08744999999999997,2.439247867822659e+17,2025-07
