year,n_events,n_active,freq_per_stock,a3_div,a3_c1,a3_ex,a5_div,a5_c1,a5_ex,a10_div,a10_c1,a10_ex,a15_div,a15_c1,a15_ex,a20_div,a20_c1,a20_ex,a25_div,a25_c1,a25_ex,a30_div,a30_c1,a30_ex,a45_div,a45_c1,a45_ex,a60_div,a60_c1,a60_ex,b3_div,b3_c1,b3_ex,b5_div,b5_c1,b5_ex,b10_div,b10_c1,b10_ex,b15_div,b15_c1,b15_ex,b20_div,b20_c1,b20_ex,b25_div,b25_c1,b25_ex,b30_div,b30_c1,b30_ex,b45_div,b45_c1,b45_ex,b60_div,b60_c1,b60_ex
1990,0,1,0.0,,,,,,,,,,,,,,,,,,,,,,,,,,,,,,,,,,,,,,,,,,,,,,,,,,,,,,
1991,0,2,0.0,,100.0,,,88.88888888888889,,,100.0,,,100.0,,,100.0,,,100.0,,,100.0,,,100.0,,,100.0,,,100.0,,,100.0,,,100.0,,,100.0,,,100.0,,,100.0,,,100.0,,,100.0,,,100.0,
1992,57,5,11.4,45.614035087719294,62.7906976744186,,40.35087719298245,55.81395348837209,,47.368421052631575,51.162790697674424,,43.859649122807014,48.837209302325576,,35.08771929824561,51.162790697674424,,42.10526315789473,53.48837209302325,,50.877192982456144,53.48837209302325,,68.42105263157895,62.7906976744186,,77.19298245614034,72.09302325581395,,42.10526315789473,55.81395348837209,,43.859649122807014,62.7906976744186,,45.614035087719294,53.48837209302325,,40.35087719298245,51.162790697674424,,38.59649122807017,53.48837209302325,,43.859649122807014,53.48837209302325,,50.877192982456144,53.48837209302325,,68.42105263157895,65.11627906976744,,78.94736842105263,74.4186046511628,
1993,179,27,6.62962962962963,34.63687150837989,45.94594594594595,-11.30907443756606,39.10614525139665,49.32432432432432,-10.218179072927676,40.22346368715084,48.64864864864865,-8.425184961497813,35.754189944134076,41.891891891891895,-6.137701947757819,39.10614525139665,45.27027027027027,-6.164125018873619,51.955307262569825,43.91891891891892,8.036388343650906,57.54189944134078,43.24324324324324,14.29865619809754,50.27932960893855,43.24324324324324,7.036086365695311,41.340782122905026,30.405405405405407,10.935376717499619,40.22346368715084,45.94594594594595,-5.722482258795111,37.43016759776536,47.97297297297297,-10.542805375207607,40.22346368715084,47.2972972972973,-7.073833610146458,36.87150837988827,44.5945945945946,-7.723086214706328,45.81005586592179,47.97297297297297,-2.162917107051179,54.7486033519553,45.27027027027027,9.478333081685037,56.424581005586596,43.91891891891892,12.505662086667677,54.18994413407822,41.891891891891895,12.298052242186323,41.340782122905026,31.756756756756754,9.584025366148271
1994,851,41,20.75609756097561,33.13748531139836,36.38443935926773,-3.246954047869373,30.19976498237368,36.61327231121281,-6.413507328839131,25.851938895417153,33.40961098398169,-7.557672088564541,25.146886016451237,32.036613272311214,-6.889727255859977,28.08460634547591,30.892448512585812,-2.8078421671099036,25.26439482961222,29.290617848970253,-4.026223019358035,27.967097532314924,25.62929061784897,2.337806914465954,33.25499412455934,25.400457665903893,7.854536458655446,40.8930669800235,27.23112128146453,13.661945698558966,33.13748531139836,34.09610983981693,-0.958624528418575,31.8448883666275,33.86727688787185,-2.022388521244352,26.79200940070505,34.55377574370709,-7.761766343002041,25.381903642773207,33.18077803203661,-7.798874389263407,29.142185663924796,32.951945080091534,-3.809759416166738,26.08695652173913,28.832951945080094,-2.7459954233409647,28.789659224441834,26.54462242562929,2.2450367988125457,34.312573443008226,25.85812356979405,8.454449873214177,42.18566392479436,27.68878718535469,14.49687673943967
1995,554,49,11.306122448979592,46.02888086642599,41.124260355029584,4.904620511396409,42.7797833935018,37.278106508875744,5.5016768846260575,43.32129963898917,40.38461538461539,2.9366842543737803,44.765342960288805,40.38461538461539,4.3807275756734185,44.04332129963899,42.30769230769231,1.7356289919466832,43.32129963898917,42.30769230769231,1.0136073312968605,44.765342960288805,42.15976331360947,2.605579646679338,42.96028880866426,39.64497041420118,3.315318394463077,32.31046931407942,36.83431952662722,-4.523850212547799,48.375451263537904,42.455621301775146,5.919829961762758,43.86281588447653,43.34319526627219,0.5196206182043426,42.96028880866426,41.86390532544378,1.0963834832204782,43.86281588447653,41.56804733727811,2.294768547198423,44.22382671480145,42.89940828402367,1.3244184307777758,46.02888086642599,43.047337278106504,2.9815435883194894,44.94584837545126,43.49112426035503,1.4547241150962336,42.057761732851986,40.532544378698226,1.5252173541537601,34.47653429602888,36.98224852071006,-2.505714224681178
1996,577,91,6.34065934065934,47.313691507798964,55.259975816203145,-7.946284308404181,52.686308492201036,55.62273276904474,-2.9364242768437023,59.27209705372617,58.64570737605804,0.6263896776681293,55.63258232235702,62.15235792019347,-6.51977559783645,62.391681109185434,62.636033857315596,-0.2443527481301615,70.7105719237435,64.57073760580411,6.139834317939389,69.15077989601387,66.74727932285369,2.403500573160187,73.91304347826086,68.31922611850061,5.593817359760251,83.65217391304348,72.39709443099274,11.255079482050746,53.552859618717505,55.8645707376058,-2.3117111188882973,59.09878682842288,54.776299879081016,4.322486949341865,64.12478336221838,57.31559854897219,6.8091848132461905,60.65857885615251,63.845223700120926,-3.1866448439684163,67.24436741767764,63.119709794437725,4.124657623239912,72.44367417677643,63.361547762998796,9.08212641377763,72.61698440207972,66.0217654171705,6.5952189849092235,77.21739130434783,69.16565900846433,8.051732295883497,85.91304347826086,74.69733656174334,11.215706916517519
1997,1499,150,9.993333333333334,49.766511007338224,53.39739190116678,-3.6308808938285537,50.100066711140755,56.48592999313659,-6.385863281995832,56.170780520346895,55.11324639670556,1.0575341236413323,51.63442294863242,54.70144131777626,-3.067018369143838,51.501000667111406,55.83791208791209,-4.336911420800682,57.30486991327551,54.670329670329664,2.634540242945846,53.502334889926615,53.05841924398626,0.4439156459403577,55.236824549699804,49.34707903780069,5.889745511899115,58.97264843228819,50.37800687285223,8.594641559435956,52.901934623082056,54.56417295813315,-1.662238335051093,50.70046697798533,57.03500343170899,-6.334536453723658,56.237491661107406,55.73095401509952,0.5065376460078852,50.233488992661776,56.112637362637365,-5.879148369975589,55.236824549699804,55.56318681318682,-0.32636226348701314,57.104736490994,54.60164835164834,2.5030881393456568,54.503002001334224,53.402061855670105,1.1009401456641186,55.70380253502335,50.92783505154639,4.775967483476961,58.77251501000668,49.896907216494846,8.875607793511833
1998,1908,189,10.095238095238095,46.540880503144656,49.368686868686865,-2.8278063655422088,48.89937106918239,48.148148148148145,0.7512229210342483,51.83438155136268,48.484848484848484,3.349533066514198,47.9559748427673,48.569023569023564,-0.6130487262562667,48.06079664570231,49.621212121212125,-1.5604154755098136,47.74633123689728,47.76936026936027,-0.02302903246299337,50.524109014675055,46.2962962962963,4.2278127183787575,54.14046121593291,48.19023569023569,5.9502255256972205,53.24947589098532,49.11616161616162,4.133314274823704,48.84696016771489,47.13804713804714,1.7089130296677482,51.78197064989518,47.43265993265993,4.349310717235248,51.15303983228512,48.44276094276094,2.710278889524176,48.68972746331237,48.90572390572391,-0.21599644241153726,48.16561844863732,49.2003367003367,-1.0347182516993811,49.21383647798742,47.97979797979798,1.2340384981894417,51.677148846960165,47.22222222222222,4.4549266247379435,54.14046121593291,48.10606060606061,6.0344006098723,53.77358490566038,48.4006734006734,5.3729115049869804
1999,3052,289,10.560553633217992,48.42726081258191,46.81834340561678,1.6089174069651335,52.2608125819135,48.24031283327408,4.020499748639416,55.14416775884666,49.84002843938855,5.304139319458116,53.24377457404981,50.053323853537144,3.190450720512665,55.43905635648755,49.697831496622825,5.741224859864722,58.6173001310616,50.83540703874867,7.781893092312927,58.58453473132372,51.90188410949165,6.6826506218320745,62.77850589777195,55.314610735869174,7.4638951619027765,65.69462647444298,60.078208318521156,5.616418155921828,51.965923984272614,48.13366512619979,3.8322588580728265,54.78374836173001,47.52932811944543,7.254420242284581,56.32372214941023,49.48453608247423,6.839186066936001,53.14547837483617,50.23107003199431,2.914408342841867,57.11009174311926,50.23107003199431,6.879021711124956,58.71559633027523,50.693210095982934,8.022386234292298,59.01048492791612,51.795236402417345,7.215248525498772,62.77850589777195,56.34553857092073,6.4329673268512195,66.25163826998688,60.184856025595444,6.06678224439144
2000,2886,570,5.063157894736842,61.642411642411645,52.75259783329649,8.889813809115154,63.409563409563404,55.140393544107894,8.26916986545551,62.85516285516286,57.41764315719655,5.437519697966309,62.75121275121275,59.31903603802786,3.4321767131848873,62.612612612612615,59.49590979438426,3.1167028182283545,64.34511434511434,60.19460415745246,4.1505101876618795,65.52321552321553,59.796550199026974,5.726665324188552,61.67706167706167,58.73893805309734,2.93812362396433,60.006937218175516,58.9953529541934,1.0115842639821153,63.82536382536382,53.725403493256685,10.099960332107138,64.93416493416494,55.38359495909795,9.550569975066992,63.27096327096328,56.97545876630555,6.295504504657728,63.06306306306306,59.49590979438426,3.5671532686788012,63.860013860013865,58.85474242759231,5.0052714324215515,66.14691614691614,59.75232198142415,6.394594165491988,66.66666666666666,59.079849590798496,7.5868170758681615,62.3007623007623,58.53982300884956,3.7609392919127416,60.30534351145038,59.074811863656485,1.230531647793896
2001,11613,1139,10.195785776997367,44.87212606561612,44.11566156615662,0.7564644994595042,40.52355119262895,43.24932493249325,-2.7257737398643016,41.26614987080103,39.72772277227723,1.5384270985237976,36.230510810578,37.308730873087306,-1.0782200625093097,34.97931747673216,37.0653763924834,-2.086058915751238,33.94534953883286,36.446494880162035,-2.5011453413291775,31.52858005000431,35.25374142005176,-3.7251613700474486,23.706450500172473,31.918964546989308,-8.212514046816835,22.457078768009666,27.03737055380459,-4.580291785794923,46.094893653664,44.45319531953195,1.6416983341320517,42.71075518815121,43.17056705670567,-0.45981186855446055,42.6442721791559,39.18766876687669,3.4566034122792075,36.81943487250172,37.08370837083708,-0.2642734983353563,35.749375161596134,36.660290311691234,-0.9109151500951,33.91379310344828,36.007651625970524,-2.093858522522247,31.789963786859804,34.91616968605828,-3.126205899198478,24.146257330113833,31.693866066404052,-7.5476087362902184,22.6986455008196,26.868527690229627,-4.169882189410025
2002,16809,1206,13.937810945273633,41.157919790551,42.635209179397926,-1.477289388846927,44.49601332857313,43.25038679731821,1.2456265312549206,43.60942520528383,42.78436935775084,0.8250558475329868,37.51487741014044,42.03160270880361,-4.516725298663168,40.57496577584668,42.283134472750724,-1.7081686969040462,43.235521695137194,42.49032258064516,0.7451991144920314,44.81547619047619,43.48667655977805,1.3287996306981427,46.17811644243363,45.24331999483671,0.9347964475969164,46.89453939141309,42.563903950426024,4.330635440987066,43.865286207306916,43.56346290208212,0.3018233052247936,47.84600737831727,43.54329185739153,4.302715520925737,43.56777341425681,42.69039788482621,0.8773755294306014,37.93370231506278,42.22508868107062,-4.291386366007842,41.74156300220225,42.21863914866172,-0.47707614645947416,44.107142857142854,42.18064516129032,1.9264976958525324,45.27380952380952,43.91534391534391,1.3584656084656075,46.815097035361354,44.57854653414225,2.2365505012191065,46.67420949205026,42.60908856183837,4.06512093021189
2003,21411,1266,16.912322274881518,45.67745551352109,47.04970795088807,-1.3722524373669813,44.953528560085935,46.59077363213732,-1.6372450720513854,36.97977486103975,45.323955415151694,-8.344180554111944,34.05915611420027,43.582712369597616,-9.523556255397345,33.19312020938493,42.00298062593145,-8.80986041654652,34.32738150883425,41.136485600143104,-6.809104091308853,35.21548097597457,40.28622540250447,-5.070744426529899,32.189603590127156,40.33758797566504,-8.147984385537882,33.35359865313567,40.27918630316769,-6.925587650032021,46.756340198963144,47.383478364524976,-0.6271381655618313,45.14245679588977,47.31195613303135,-2.1694993371415805,37.46438081001541,45.33857892226991,-7.874198112254497,34.402018974622614,43.397913561847986,-8.995894587225372,33.87240009347979,42.291641826636464,-8.419241733156674,35.439842946620544,41.02915747421144,-5.5893145275908935,36.03346732728803,39.92844364937388,-3.894976322085853,32.413986537023185,40.5940594059406,-8.180072868917414,33.77449375672263,40.4104277277337,-6.63593397101107
2004,23148,1362,16.995594713656388,48.643394106973126,46.094012311135984,2.5493817958371423,49.08831662633944,45.55630176852474,3.5320148578147013,37.86411963004581,42.68681780016792,-4.822698170122109,34.74539638627129,41.748768472906406,-7.0033720866351175,32.31021960919938,39.1109618183854,-6.800742209186019,32.8793185454231,36.7790346063389,-3.8997160609158,34.807800406451335,34.647477179817436,0.1603232266338992,30.557958477508652,30.402868829495155,0.15508964801349734,29.04733062213377,25.732862507706965,3.3144681144268056,50.8403542881832,46.37381085618355,4.466543431999646,48.963014172139644,45.91962386656219,3.0433903055774536,36.2952718471778,43.017072488105235,-6.721800640927434,35.47745644749924,41.821540528437076,-6.344084080937833,32.664706899533115,38.732433794300434,-6.067726894767318,34.01219354001816,36.560645089035724,-2.548451549017564,35.019673974142776,34.46653598431812,0.5531379898246556,30.912629757785464,30.537345212080464,0.375284545705,28.608515057113188,25.4806344935822,3.1278805635309865
2005,20198,1365,14.797069597069598,47.99465240641711,50.82565807400948,-2.831005667592372,49.17050463031744,51.678840074130605,-2.5083354438131664,45.974334836248325,50.43610989969473,-4.461775063446403,47.95539033457249,48.29598124216151,-0.3405909075890179,50.05700123915737,46.42954557852818,3.6274556606291952,47.13258983890954,45.752168931085286,1.3804209078242522,45.08403986315633,44.87200480323126,0.21203505992506422,42.564815734578325,41.887390093386486,0.6774256411918387,45.63811797473391,44.650273224043715,0.9878447506901935,50.40356523892052,52.77157028397013,-2.368005045049607,50.92115689381933,51.91322359097351,-0.9920666971541792,47.03929438580843,50.67059208374223,-3.631297697933796,49.660470879801736,48.62285246795746,1.037618411844278,50.95910780669145,47.14129841789416,3.8178093887972864,47.739664915237434,46.07912687585266,1.6605380393847753,46.040168608975954,44.874454148471614,1.16571446050434,42.87771928081852,42.037138175860186,0.840581104958332,45.941509997015814,45.321893103071375,0.6196168939444391
2006,12091,1417,8.532815808045166,63.31375630738688,55.94549722333543,7.368259084051452,66.48465293290312,57.09623862140035,9.388414311502764,69.52814569536424,59.538399862550826,9.98974583281342,67.0860927152318,61.890575766256084,5.195516948975715,70.04139072847683,63.745773396756256,6.295617331720571,71.88871408462366,65.81799415104076,6.070719933582893,72.46004802517182,67.13515374024782,5.3248942849239995,74.74295190713102,70.99219108865411,3.7507608184769055,81.52020579205045,76.59427783522924,4.925927956821212,66.73835718421705,56.895860766015915,9.842496418201137,70.74886222589988,58.15870834764686,12.590153878253027,70.19039735099338,60.36655211912944,9.823845231863942,67.66556291390728,62.713418127649824,4.952144786257456,71.4380329497475,64.20220082530949,7.235832124438005,72.77469570257514,66.46404404174791,6.310651660827233,73.51552795031056,67.33218588640275,6.183342063907801,76.07595986400199,71.59508497932934,4.4808748846726445,82.50622406639005,77.09278942832519,5.413434638064857
2007,9947,1516,6.561345646437995,61.31107983108788,60.23024594453166,1.0808338865562206,63.509301156359975,62.3600209314495,1.149280224910477,66.60633484162895,65.70023027004396,0.90610457158499,67.23981900452489,67.74480556863976,-0.5049865641148727,69.27099044746103,67.58779504893494,1.6831953985260952,71.89259855189059,66.98073701842546,4.911861533465128,71.2604365757972,66.79405297874568,4.466383597051518,72.51509054325955,67.20590544997644,5.309185093283105,71.234530636885,65.81496413424787,5.4195665026371245,63.03670186023127,60.68550497121926,2.3511968890120087,67.22976370035194,63.04029304029304,4.189470660058902,67.86324786324786,66.56374293489637,1.299504928351496,68.6375062845651,67.6453655728267,0.9921407117384007,71.52051488334675,67.35057050141316,4.16994438193359,71.97023031278286,66.89175041876047,5.078479894022394,72.20601549139926,66.73123233169301,5.474783159706249,72.78672032193158,67.36820061776871,5.418519704162875,71.86839722306067,65.48510393214303,6.383293290917635
2008,33146,1577,21.018389346861127,44.22856453267362,44.687346134908914,-0.4587816022352911,42.75025644119954,42.45900832143384,0.2912481197656973,40.37892958426356,39.55584006302934,0.8230895212342162,34.022267145400235,38.311912148520214,-4.289645003119979,32.22195401605214,38.04599399221943,-5.824039976167292,33.25890162945082,36.92815285369577,-3.6692512242449524,33.151271915266,35.35408253718113,-2.202810621915127,34.95579226892785,31.675366886634492,3.280425382293359,37.885143495186654,32.14479192317163,5.740351572015022,43.43510529173958,44.928606597735104,-1.4935013059955224,44.669040004827124,42.63626963415235,2.0327703706747755,38.708704178609146,40.388024423872366,-1.67932024526322,33.31623570588057,38.79942876840498,-5.483193062524407,32.85356507045654,38.42517358546314,-5.571608515006602,33.8171394085697,36.87087560326997,-3.053736194700271,32.891758954705935,35.38855510686496,-2.4967961521590283,35.18211171127674,31.60149709445484,3.580614616821901,38.47360956031023,32.40581137650825,6.067798183801983
2009,11737,1681,6.9821534800713865,57.63823805060918,58.12616119614261,-0.4879231455334292,69.76823449216087,60.185799601857994,9.582434890302878,77.5562372188139,64.30404388992125,13.252193328892659,77.33083347537072,66.54128683954332,10.789546635827406,75.9417078575081,68.1256915246736,7.816016332834508,82.87029146071247,69.07280371763665,13.79748774307582,83.3731038009204,70.59188100402851,12.781222796891896,81.43758526603001,73.93383818254284,7.50374708348717,83.00759580097295,75.89139389644328,7.1162019045296745,65.11885490329726,60.004423800044236,5.114431103253025,73.27027948193592,61.6191108161911,11.651168665744812,78.71506475800955,64.96615194017964,13.748912817829904,77.64615646838247,67.3466678467121,10.299488621670378,77.56945628089314,68.78955521132994,8.779901069563195,84.10601670359638,69.47419668938656,14.631820014209822,83.40577857325492,71.15410155385365,12.25167701940127,81.42905866302866,74.00026571011027,7.428792952918386,83.40018776137237,76.07742392700536,7.322763834367009
2010,21979,2020,10.88069306930693,53.64000364000364,52.70976844551415,0.9302351944894909,57.30730730730731,52.925796812749006,4.381510494558306,53.84265368339628,52.68509296148738,1.1575607219089008,49.43349865768758,50.93791500664011,-1.5044163489525317,53.30633049651845,50.66196306287611,2.644367433642337,56.9744686660902,50.6744697630017,6.2999989030885,59.00878350703136,51.41327356493587,7.5955099420954895,63.52132550411944,53.06520566139543,10.456119842724007,63.384769447858346,52.64621642937196,10.738553018486385,56.73855673855673,53.34080345285525,3.3977532857014836,58.97074213950949,53.917662682602916,5.053079456906573,53.9973608772808,53.06274900398407,0.9346118732967312,50.73485917095145,51.22841965471447,-0.4935604837630194,55.37250261684795,51.168292176800165,4.204210440047788,57.77090065079871,51.28875607022787,6.482144580570839,59.60768250500637,52.09396920267297,7.5137133023334,64.15403523146252,53.46781222761798,10.686223003844532,63.184487232008735,52.833008177327635,10.3514790546811
2011,34655,2302,15.05430060816681,46.02510460251046,45.272548468670976,0.7525561338394837,45.12768720242389,43.29422509484333,1.8334621075805657,42.09280849590211,40.223424436169466,1.8693840597326457,41.93985917118781,39.17442473212717,2.765434439060641,42.237100311670325,38.56666081152292,3.6704395001474026,43.415774436524195,38.09858412676106,5.317190309763134,42.02764710975152,36.82934542004849,5.19830168970303,33.9384144757727,32.75704547051795,1.1813690052547514,26.958152958152958,28.696935619904412,-1.7387826617514541,46.55605251767422,45.14225500526871,1.4137975124055089,47.343817630933486,43.82267186566902,3.521145765264464,43.02781946208011,40.64992095555946,2.3778985065206513,42.17072607641695,39.71192692780608,2.458799148610865,43.55592750779176,39.420340769365886,4.1355867384258715,43.25127701942224,38.811790745880614,4.439486273541625,41.97570055698248,37.020379479971886,4.955321077010595,33.79700441545698,32.97139644388221,0.8256079715747688,27.38239538239538,28.893730671914536,-1.511335289519156
2012,37121,2461,15.083705810646078,50.15489884431993,50.83638583638583,-0.6814869920658992,54.19843215430619,50.76162276015751,3.436809394148682,52.73040760796358,49.67489850117525,3.055509106788328,48.83745992402403,49.18648310387985,-0.3490231798558199,46.75216208206482,48.80185597850972,-2.0496938964449,44.44444444444444,49.073537043255286,-4.629092598810843,46.53518698135575,48.50112949508517,-1.9659425137294235,47.28688436253907,48.008059346093965,-0.7211749835548957,46.75611596077163,47.63402124801563,-0.8779052872439976,53.88594057272164,52.1597118349156,1.7262287378060392,55.56962366315563,51.796452883177146,3.7731707799784857,52.967482960209054,50.95393632284257,2.013546637366481,49.40593259153487,49.60163619158094,-0.19570360004606613,46.3169522577864,49.543636863152116,-3.226684605365719,45.50598124797931,49.45511157239232,-3.9491303244130123,48.00625067356396,48.88271567250748,-0.8764649989435185,47.661385925207455,48.130170650547974,-0.4687847253405195,46.57290656320725,48.049212358041274,-1.4763057948340261
2013,26020,2474,10.517380759902991,58.41884776509474,50.55769679981312,7.861150965281617,59.337407279295896,50.74313078517826,8.594276494117636,56.78542603482071,51.26146119254803,5.523964842272676,57.39708652035208,51.95935291712901,5.437733603223073,58.87598985161836,52.0557145360042,6.820275315614154,59.11816714077035,52.47773397576289,6.640433165007465,58.537710463596525,52.766827274054606,5.7708831895419195,55.70462058891367,52.36704535498379,3.3375752339298828,55.77381410009995,53.922542204568025,1.851271895531923,60.563434413313345,51.87607673664847,8.687357676664874,60.49809754410239,52.170993079685815,8.327104464416578,58.663233146283346,51.84839105296969,6.814842093313658,58.54249144789945,52.40904047187993,6.1334509760195175,60.079188129468754,52.736085966244225,7.343102163224529,59.48335511647574,52.92451452766828,6.558840588807463,58.90289843930191,53.30705212439773,5.595846314904179,56.17744291535327,52.77299144300692,3.404451472346345,56.104405320212194,54.50376774344296,1.6006375767692376
2014,26001,2609,9.9658873131468,57.786238990808044,54.43955851946766,3.3466804713403846,61.424560593823315,55.752933981770006,5.671626612053309,60.61538461538461,57.840938874166405,2.7744457412182086,61.08461538461538,59.670326469988645,1.414288914626738,64.0601561598523,61.20511401694964,2.8550421429026542,65.66406400246163,62.59902143522833,3.0650425672332986,68.733651330974,63.19499053444007,5.538660796533925,71.34282416313967,68.17162331420582,3.17120084893385,77.72048637832846,73.00667113351007,4.713815244818392,60.56305526710511,55.58694196103555,4.976113306069564,62.79758470828045,56.786743935466966,6.010840772813488,61.003846153846155,58.70755431300599,2.296291840840162,61.933151275049035,60.65759967382124,1.2755516012277965,65.10635024424016,61.86912077350962,3.23722947073054,66.31793530520405,63.08140381534877,3.236531489855274,69.24408540103866,63.663899810688804,5.580185590349856,72.7702962677953,68.83283329935044,3.937462968444862,78.32461135908882,73.36130047194547,4.963310887143351
2015,25447,2884,8.823509015256588,56.45459189688372,56.17856501705464,0.27602687982908236,57.256258105081145,56.67993177942012,0.5763263256610216,63.04868943293906,60.82104066305616,2.2276487698828973,58.374597186198216,61.040126873933986,-2.66552968773577,50.17291519295763,59.990424035670465,-9.817508842712833,49.95677120176059,58.632350740685325,-8.675579538924737,52.55442898687417,56.646914466989884,-4.0924854801157124,55.575207326180085,50.36518199233716,5.210025333842921,59.26187949534253,46.10364338532467,13.158236110017853,60.458993201556176,57.08515349171205,3.373839709844127,60.29787401265375,58.2657610484426,2.0321129642111515,65.49948911420262,61.53800119688809,3.9614879173145283,57.82048259058398,61.34833477961639,-3.5278521890324086,51.83525897980036,60.06104859947331,-8.225789619672952,52.334355104928086,58.77599880293282,-6.441643698004732,55.74157038434332,56.41347937990064,-0.6719089955573239,59.15969028809496,50.31728927203065,8.842401016064308,60.92834964430295,46.25333053917313,14.67501910512982
2016,35199,3157,11.149509027557809,57.82026877290678,50.88147475009737,6.938794022809411,60.667102309855956,51.65134756192553,9.015754747930423,58.48842165080267,50.66469335825934,7.823728292543329,61.33257564995027,51.07753024874072,10.25504540120955,61.87526637306435,50.83605961468557,11.039206758378782,62.11178359332822,51.40475695886996,10.70702663445826,62.28120027278927,51.57613211466556,10.705068158123709,64.80434226604905,54.121007530511555,10.683334735537493,60.80654787279393,54.5211384647346,6.28540940805933,61.411483933289766,52.95079839023757,8.460685543052193,60.45117481603546,52.591265513839126,7.8599093021963355,58.88620542690723,51.51892818195981,7.367277244947424,62.63105554766302,51.661733395648334,10.969322152014684,62.57600727396715,51.45661317962299,11.119394094344159,61.955502514704634,52.03313253012048,9.92236998458415,62.86940213684928,52.107190153462646,10.762211983386635,65.73360993492284,54.518306933264086,11.215303001658754,61.26410321993918,54.90949697457606,6.354606245363122
2017,53410,3617,14.76638097871164,48.8045086034189,47.609817612853504,1.1946909905653982,49.862382744481266,46.79464723604008,3.0677355084411886,50.77795877099365,45.07811952637848,5.69983924461517,48.81852905931696,44.49193115205867,4.326597907258289,48.96728648203285,43.561119155495355,5.406167326537492,48.63766596131159,42.20986991148376,6.427796049827833,44.95926584886225,40.39377802690583,4.565487821956424,39.41266809004757,35.76867379829028,3.643994291757288,37.453877994418534,32.43786208185386,5.016015912564676,50.86970360800615,48.103689864549274,2.766013743456874,51.64859855080605,47.40652514070857,4.242073410097483,50.706809713718656,45.32567318246573,5.381136531252928,49.33810174696201,44.95072165911533,4.3873800878466795,49.83053386513866,43.773646597225465,6.056887267913197,48.78464419475655,42.34766564682253,6.436978547934025,45.27390205075382,40.55960388639761,4.714298164356208,39.78911488182193,35.70644430430009,4.082670577521839,37.49508344102939,32.56167071575406,4.933412725275325
2018,66645,3724,17.89607948442535,43.99393766600141,45.43743350519682,-1.443495839195414,44.13481594861868,45.164194373401536,-1.0293784247828555,38.68203442738583,42.925831202046034,-4.243796774660204,35.74065736154885,40.500061382330074,-4.759404020781226,31.803992195707636,38.063961696642316,-6.25996950093468,31.593798309994447,36.384842036339826,-4.791043726345379,32.46378986866792,35.279312461632905,-2.8155225929649887,30.631117516363414,35.412701336444194,-4.78158382008078,32.86089632910442,36.8113983909599,-3.950502061855481,43.865546218487395,46.69571978066945,-2.830173562182054,45.9730788277135,46.10332480818414,-0.13024598047064018,38.669107936126785,43.185677749360615,-4.516569813233829,36.319975986792734,40.52544349640906,-4.2054675096163265,32.09263233727056,38.307449921224396,-6.214817583953838,32.5828868176565,36.642658372892456,-4.059771555235955,32.55283381364073,35.97708205443012,-3.424248240789389,31.29165916051162,36.0130986492018,-4.72143948869018,33.284787700438415,37.18830610490112,-3.9035184044627087
2019,52836,3924,13.464831804281346,52.303528164748634,51.67083386563978,0.6326942991088558,55.54524976811979,52.727637750725485,2.8176120173943033,53.10074584484913,53.39952908536697,-0.29878324051784233,58.69511710244808,53.53472665875696,5.160390443691121,58.16450183663423,52.68980120844818,5.474700628186049,57.01490276278665,52.460931794946696,4.553970967839952,57.512168330145265,52.45572393646156,5.056444393683705,53.16011901377755,49.30596142606663,3.8541575877109224,50.91681362231451,46.87031826652538,4.046495355789126,52.595116411130036,52.370784056066576,0.22433235506345994,53.612599140623516,52.76875342215733,0.8438457184661843,55.1546586907962,53.67064578541964,1.4840129053765594,58.385716449560746,53.703636098130836,4.68208035142991,57.88347565940204,52.82219788243885,5.061277776963188,56.91940615058324,52.601504308456256,4.317901842126986,56.06272964885034,52.50789709131411,3.55483255753623,53.22479768019256,49.238383985973115,3.9864136942194435,50.85427135678392,46.9744582891804,3.8798130676035214
2020,57117,4363,13.091221636488655,51.861515830764915,48.5607160135462,3.300799817218717,52.55451440581487,47.90233956526247,4.652174840552398,50.203244910116695,47.33204312966547,2.871201780451223,50.422406842640314,47.294751939725934,3.1276549029143794,49.46709672895558,47.25299414133384,2.2141025876217384,50.58998860348909,46.77982507691776,3.81016352657133,49.89389873906105,46.40955607799751,3.4843426610635433,48.6841643566441,46.39806328895037,2.2861010676937283,49.5742551659966,47.151433366204735,2.422821799791862,53.51826555987531,48.64967602591793,4.868589533957383,52.44968382700696,48.52694693553125,3.922736891475708,50.09900643103721,47.64307437102571,2.4559320600114987,50.18930098857183,47.262641274669065,2.9266597139027652,49.67655978822993,47.384338869398405,2.292220918831525,51.231786221528644,47.02435483034588,4.207431391182766,50.239385489556476,46.71876080492359,3.5206246846328852,49.390297394508295,46.6166323689626,2.7736650255456965,49.79895703474795,47.52331355213758,2.27564348261037
2021,64506,4839,13.330440173589585,50.55815684207262,49.517364148366404,1.0407926937062157,52.87860698060255,49.95012354015439,2.9284834404481614,55.10653475172905,51.46036374798557,3.6461710037434827,56.542643113048065,51.653901057575716,4.888742055472349,56.33143069859784,51.72540832616972,4.6060223724281215,56.41829011043554,52.36962095276111,4.048669157674432,58.23340520918977,52.61929619848922,5.6141090107005525,57.71265455560899,52.249485612504984,5.463168943104009,57.581258242184475,51.76136363636363,5.819894605820842,51.88699724005333,50.31306589730211,1.573931342751223,53.65101024981005,50.767341927562924,2.883668322247125,55.465612157866175,51.691377352119595,3.7742348057465804,56.8180408213909,51.91330642066647,4.904734400724429,56.15771187492244,52.15602597362725,4.00168590129519,57.05422508996153,52.591500859739625,4.462724230221902,58.447481501016085,52.7091553945126,5.738326106503486,58.09274112226377,52.32165341031232,5.771087711951445,57.64731436373227,51.80896805896806,5.838346304764208
2022,74334,5181,14.347423277359583,47.61731734560674,46.92600918776268,0.6913081578440625,45.43631297699648,46.8692397922136,-1.4329268152171153,46.06240913251845,46.77225620827398,-0.7098470757555333,45.641667676318946,46.32405324989174,-0.6823855735727946,43.71566303996553,46.188885939050124,-2.473222899084597,44.77853216941481,45.93884510034099,-1.1603129309261817,46.12928002587218,46.30245757262281,-0.17317754675062957,47.88426519187968,46.66079122600862,1.223473965871058,49.85550694106844,47.08665164387588,2.768855297192559,45.51070673898707,46.94966138378831,-1.4389546448012425,45.385650827836855,47.28389889680212,-1.898248068965266,46.015912119865924,46.76024862071373,-0.7443365008478082,45.58292945611201,46.42088793272052,-0.837958476608506,43.50314440000539,46.29013777492105,-2.78699337491566,45.23139104075447,46.117400419287215,-0.8860093785327479,46.24361583139057,46.55324265003984,-0.3096268186492708,48.512727812327164,46.93069583951204,1.5820319728151233,49.97704253882512,47.256007949948916,2.7210345888762006
2023,76845,5380,14.283457249070633,45.154024425175116,46.37428486562577,-1.2202604404506516,44.72371625405342,46.4185157440653,-1.6947994900118815,46.152042517715714,45.886243557117204,0.2657989605985094,46.105841888582,44.895849485708375,1.209992402873624,44.426778569846086,43.500232642299544,0.9265459275465417,45.09131676030817,41.874474823864006,3.216841936444162,45.27034955734905,40.5179658913125,4.75238366603655,42.59090078567513,38.42829788335145,4.162602902323684,40.91271240677612,36.71244935209517,4.200263054680953,44.809895833333336,46.55878288496558,-1.748887051632245,45.216326743247116,46.55731352922183,-1.3409867859747138,46.45406701057787,45.78090685957887,0.6731601509990028,45.44104234527687,44.49584555545505,0.9451967898218214,44.48629556740131,43.165690798402416,1.3206047689988907,45.29514522605204,41.39959405825394,3.8955511677981036,45.228843395488326,40.166795965865006,5.06204742962332,42.53755693906052,38.39903740409621,4.13851953496431,40.622510155301,36.52451970379577,4.097990451505233
2024,82151,5432,15.123527245949926,49.74787459501596,46.52572479069883,3.2221498043171266,48.897282807359574,45.748605642025765,3.148677165333808,46.24199939042975,45.47758672100189,0.7644126694278555,44.79120932728426,46.360496036183804,-1.569286708899547,45.3446382822984,46.08605946107189,-0.7414211787734928,48.348322696376925,46.592816381336014,1.7555063150409111,50.885566066524255,46.188569438917625,4.69699662760663,54.49924859799382,47.75105448482662,6.748194113167202,59.39582136264166,49.46539040814548,9.930430954496181,48.87743790276407,46.600168935705064,2.2772689670590083,49.045152641520936,45.66278679767953,3.3823658438414057,45.211475389848694,45.870089208061025,-0.6586138182123307,45.19099424334082,46.37389402525102,-1.1828997819102014,46.083179816267524,46.19352433037102,-0.11034451410349533,49.50513174113082,46.485054955985476,3.020076785145342,51.351945214174975,46.294177630760814,5.0577675834141615,54.80126583825129,47.925791359745176,6.8754744785061135,59.79729316689693,49.27925909328553,10.518034073611396
2025,64223,5499,11.679032551372977,57.088128572096,51.68812795242549,5.400000619670507,58.663551401869164,53.081608671670786,5.581942730198378,62.05596410320329,56.25712058523715,5.798843517966134,62.47487260997616,57.29141678261287,5.183455827363289,62.340233181619794,58.53945253460644,3.8007806470133545,62.44407376806398,58.7806224056434,3.663451362420581,63.871822859816,59.6484492171096,4.223373642706399,65.81571350550051,60.245055683563756,5.570657821936756,64.28359490903412,60.50752037643895,3.7760745325951746,58.34436570360564,52.63006438771717,5.71430131588847,60.25421352690115,54.228020528562524,6.026192998338622,62.557454698431,56.59682661517612,5.960628083254882,62.133985756806034,57.84865240911108,4.2853333476949516,62.56917057659034,58.85274219087376,3.7164283857165756,63.320601761633796,59.297917266532295,4.022684495101501,64.19805068226121,59.909531579957765,4.288519102303447,65.74959816482264,60.3972397239724,5.352358440850246,64.69421539230385,60.96706040526265,3.727154987041196
2026,63041,5548,11.362833453496755,48.12689303363622,47.170587575270225,0.9563054583659962,48.805383822771766,45.64290182548859,3.162481997283173,44.68849070814285,44.18758900528667,0.5009017028561829,44.46566260719176,42.701828837021324,1.7638337701704359,44.18825073364563,41.29343832020997,2.894812413435659,44.0925319297729,38.89847726825858,5.194054661514322,40.85559827475166,35.80993814152675,5.0456601332249065,32.561327561327566,29.674278723621168,2.8870488377063985,22.96319498825372,26.868745467730236,-3.905550479476517,48.039734038292075,47.018521307032074,1.0212127312600003,48.861229248427726,45.792593439685895,3.0686358087418313,44.77748300156368,44.2406269026062,0.5368560989574789,44.44484518421005,42.53486714852897,1.9099780356810854,44.68065693430657,41.06481579448547,3.6158411398211,43.95938525043305,38.358156340883056,5.601228909549995,40.42832689781458,35.321362568162634,5.1069643296519445,32.56749135669274,29.160564248824482,3.4069271078682597,22.59041848134823,26.74837990792599,-4.15796142657776
