feature,representative,is_representative,corr_with_rep,rank
macd_death_cross_rankpct,macd_death_cross_rankpct,True,1.0,1
REGIME_CODE,REGIME_CODE,True,1.0,3
MKT_NH_NL_DIFF,MKT_NH_NL_DIFF,True,1.0,8
ma_arrangement_rankpct,ma_arrangement_rankpct,True,1.0,9
TREND_SLOPE_120,TREND_SLOPE_120,True,1.0,10
AMT20,AMT20,True,1.0,12
macd_zero_cross_down_rankpct,macd_zero_cross_down_rankpct,True,1.0,13
STYLE_SIZE_RS60,STYLE_SIZE_RS60,True,1.0,15
RET120_20,RET120_20,True,1.0,20
LN_FREE_MV,LN_FREE_MV,True,1.0,21
MKT_SEAL_RATIO,MKT_SEAL_RATIO,True,1.0,23
volume_z,volume_z,True,1.0,24
doji_pattern_rankpct,doji_pattern_rankpct,True,1.0,25
MACD_DIF_NORM,MACD_DIF_NORM,True,1.0,26
MEAN_R_60,MEAN_R_60,True,1.0,27
DIST_52W_HIGH,DIST_52W_HIGH,True,1.0,28
SJV60,SJV60,True,1.0,29
IDXMIN_R_60,IDXMIN_R_60,True,1.0,30
STD_A_20,STD_A_20,True,1.0,31
MKT_RET20,MKT_RET20,True,1.0,32
BREADTH_ADV5,BREADTH_ADV5,True,1.0,33
VOL_CONTRACTION60,VOL_CONTRACTION60,True,1.0,34
log_volume_z,log_volume_z,True,1.0,35
ABN_TURN_21_252,ABN_TURN_21_252,True,1.0,36
MKT_TURNOVER_PCTL_EQW,MKT_TURNOVER_PCTL_EQW,True,1.0,37
BREADTH_ABOVE_MA20,BREADTH_ABOVE_MA20,True,1.0,38
RESI_LOW_30,RESI_LOW_30,True,1.0,39
volume_ma_20_z,volume_ma_20_z,True,1.0,40
price_volume_divergence_rankpct,price_volume_divergence_rankpct,True,1.0,42
COV_R_RIDX_10,COV_R_RIDX_10,True,1.0,43
RSQ_CF_60,RSQ_CF_60,True,1.0,44
hammer_pattern_rankpct,hammer_pattern_rankpct,True,1.0,45
DIV_ZERO_AXIS_DEPTH,MACD_DIF_NORM,False,0.9852398018592475,46
KURT_R_5,KURT_R_5,True,1.0,47
REF_LOW_60,REF_LOW_60,True,1.0,49
signed_vol_strength_rankpct,signed_vol_strength_rankpct,True,1.0,50
rsi_overbought_14_rankpct,rsi_overbought_14_rankpct,True,1.0,51
RSQ_OPEN_60,RSQ_CF_60,False,0.9937175517664756,52
signed_vol_strength_z,signed_vol_strength_z,True,1.0,53
SLOPE_V_60,SLOPE_V_60,True,1.0,54
MAX_LOGV_20,MAX_LOGV_20,True,1.0,55
COV_R_RIDX_5,COV_R_RIDX_5,True,1.0,56
illiq,illiq,True,1.0,57
MKT_RSI14,MKT_RSI14,True,1.0,58
RSQ_HIGH_60,RSQ_CF_60,False,0.9949074382149224,59
DIV_DIF_LEVEL_L1,DIV_DIF_LEVEL_L1,True,1.0,62
CAL_MONTH_12,CAL_MONTH_12,True,1.0,63
Q80_A_20,Q80_A_20,True,1.0,65
rsi_overbought_6_rankpct,rsi_overbought_6_rankpct,True,1.0,66
SLOPE_CF_60,REF_LOW_60,False,-0.9006768410843364,67
volume_lag_25_z,volume_lag_25_z,True,1.0,68
log_volume_rankpct,log_volume_z,False,0.9433471363715003,69
COV_R_RIDX_30,COV_R_RIDX_30,True,1.0,70
stoch_overbought_rankpct,stoch_overbought_rankpct,True,1.0,71
MIN_RETID_30,MIN_RETID_30,True,1.0,72
MKT_SH_AMPLITUDE,MKT_SH_AMPLITUDE,True,1.0,73
RESI_VWAP_30,RESI_VWAP_30,True,1.0,74
IDXMAX_OPEN_60,IDXMAX_OPEN_60,True,1.0,75
MAX_A_3,MAX_A_3,True,1.0,76
ILLIQ20,AMT20,False,-0.9169755976495985,77
MKT_LIMITUP_PREM,MKT_LIMITUP_PREM,True,1.0,78
MA200_RATIO,MA200_RATIO,True,1.0,79
IDXMIN_VWAP_20,IDXMIN_VWAP_20,True,1.0,80
vol_divergence_rankpct,vol_divergence_rankpct,True,1.0,81
MKT_LIMITUP_PREM_MA5,MKT_LIMITUP_PREM_MA5,True,1.0,82
COV_CLOSE_LOGV_20,COV_CLOSE_LOGV_20,True,1.0,83
volatility_30d_rankpct,volatility_30d_rankpct,True,1.0,84
signed_volume_strength_rankpct,signed_volume_strength_rankpct,True,1.0,85
MKT_SH_SZ_SYNC_STRENGTH,MKT_SH_SZ_SYNC_STRENGTH,True,1.0,86
CORR_CLOSE_RIDX_30,CORR_CLOSE_RIDX_30,True,1.0,87
rsi_oversold_6_rankpct,rsi_oversold_6_rankpct,True,1.0,88
CAL_HOLIDAY,CAL_HOLIDAY,True,1.0,89
DIV_PRICE_NEWLOW_DEPTH,DIV_PRICE_NEWLOW_DEPTH,True,1.0,90
SKEW_LOW_30,SKEW_LOW_30,True,1.0,91
alpha12_z,alpha12_z,True,1.0,92
CORR_R_A_60,CORR_R_A_60,True,1.0,93
SKEW60,SKEW60,True,1.0,94
illiq_lag_5,illiq_lag_5,True,1.0,95
signed_volume_strength,signed_volume_strength,True,1.0,96
illiq_rankpct,illiq_rankpct,True,1.0,97
day_of_month,day_of_month,True,1.0,98
volatility_5d,volatility_5d,True,1.0,100
KURT_OPEN_60,KURT_OPEN_60,True,1.0,101
macd_hist_acceleration_rankpct,macd_hist_acceleration_rankpct,True,1.0,102
volatility_25d_z,volatility_25d_z,True,1.0,104
CAL_DOW_1,CAL_DOW_1,True,1.0,105
RESI_VWAP_5,RESI_VWAP_5,True,1.0,106
SLOPE_HLR_60,SLOPE_HLR_60,True,1.0,107
MKT_MEDIAN_RET20,MKT_MEDIAN_RET20,True,1.0,108
CORR_HLR_V_5,CORR_HLR_V_5,True,1.0,109
rsi_oversold_14_rankpct,rsi_oversold_14_rankpct,True,1.0,110
quarter,quarter,True,1.0,111
STD_A_10,STD_A_10,True,1.0,112
IDXMIN_RETON_30,IDXMIN_RETON_30,True,1.0,113
RSQ_LOW_60,RSQ_CF_60,False,0.9935912464296562,115
CAL_MONTH_POS,day_of_month,False,-0.9893641996134834,116
VSHRINK,VSHRINK,True,1.0,117
IDXMIN_VWAP_30,IDXMIN_VWAP_30,True,1.0,118
SLOPE_OPEN_20,SLOPE_OPEN_20,True,1.0,119
SKEW_RETID_60,SKEW_RETID_60,True,1.0,120
KDJ_D,KDJ_D,True,1.0,121
CORR_CLOSE_RIDX_20,CORR_CLOSE_RIDX_20,True,1.0,124
MKT_SZ_AMPLITUDE,MKT_SH_AMPLITUDE,False,0.9577209784409813,125
volume_dryup_rankpct,volume_dryup_rankpct,True,1.0,126
DELTA_A_60,DELTA_A_60,True,1.0,127
POS_52W,POS_52W,True,1.0,128
COV_R_RIDX_60,COV_R_RIDX_60,True,1.0,129
STD_LOGV_20,STD_LOGV_20,True,1.0,130
MAX5_20,MAX5_20,True,1.0,131
ma_arrangement_z,ma_arrangement_z,True,1.0,132
STD_V_30,STD_V_30,True,1.0,133
COV_R_RIDX_20,COV_R_RIDX_10,False,0.9044540215051858,134
macd_signal_z,macd_signal_z,True,1.0,135
EMA_HIGH_60,EMA_HIGH_60,True,1.0,136
distance_to_support_z,distance_to_support_z,True,1.0,137
rsi_24_rankpct,rsi_24_rankpct,True,1.0,138
atr_ratio_z,atr_ratio_z,True,1.0,139
MIN_CF_5,MIN_CF_5,True,1.0,140
RESI_LOW_60,RESI_LOW_60,True,1.0,141
KURT_A_10,KURT_A_10,True,1.0,142
intraday_pos_lag_1,intraday_pos_lag_1,True,1.0,143
RET60,RET60,True,1.0,144
SKEW_RETID_20,SKEW_RETID_20,True,1.0,145
KURT_LOW_60,KURT_OPEN_60,False,0.9442097148084299,146
IDXMAX_CF_30,IDXMAX_CF_30,True,1.0,147
RSQ_R_10,RSQ_R_10,True,1.0,149
volume_ratio_z,volume_ratio_z,True,1.0,150
SLOPE_RETID_60,SLOPE_RETID_60,True,1.0,151
REF_LOGV_5,MAX_LOGV_20,False,0.9237507026465898,152
CORR_CLOSE_RIDX_10,CORR_CLOSE_RIDX_10,True,1.0,153
volume_lag_3_rankpct,volume_lag_3_rankpct,True,1.0,154
MED_VWAP_20,MED_VWAP_20,True,1.0,155
support_resistance_ratio_rankpct,support_resistance_ratio_rankpct,True,1.0,156
MEAN_HLR_5,MEAN_HLR_5,True,1.0,158
CORR_HLR_V_30,CORR_HLR_V_30,True,1.0,159
volume_ma20_z,volume_ma_20_z,False,0.9847864703438611,160
RESI_HIGH_60,RESI_LOW_60,False,0.9537687885285094,161
AMIHUD_TURN20,AMIHUD_TURN20,True,1.0,162
DELTA_V_60,DELTA_A_60,False,0.9556944236171907,163
EMA_R_60,EMA_R_60,True,1.0,164
IND_BREADTH_MA60,IND_BREADTH_MA60,True,1.0,165
MKT_SZ_VOLUME_RATIO,MKT_SZ_VOLUME_RATIO,True,1.0,166
WMA_RETID_60,WMA_RETID_60,True,1.0,167
volume_spike_rankpct,volume_spike_rankpct,True,1.0,168
DELTA_OPEN_30,DELTA_OPEN_30,True,1.0,169
DELTA_OPEN_60,REF_LOW_60,False,-0.9916045691324306,170
vol_gk_ratio,vol_gk_ratio,True,1.0,171
KURT_VWAP_60,KURT_VWAP_60,True,1.0,172
IDXMAX_LOW_20,IDXMAX_LOW_20,True,1.0,173
distance_to_resistance_rankpct,distance_to_resistance_rankpct,True,1.0,174
CORR_CLOSE_RIDX_60,CORR_CLOSE_RIDX_60,True,1.0,175
intraday_pos_lag_3,intraday_pos_lag_3,True,1.0,176
SKEW_HIGH_5,SKEW_HIGH_5,True,1.0,177
EMA_VWAP_3,EMA_VWAP_3,True,1.0,178
MACD_HIST_AMP20,MACD_HIST_AMP20,True,1.0,179
illiq_lag_3_rankpct,illiq_lag_3_rankpct,True,1.0,180
SKEW_HIGH_30,SKEW_HIGH_30,True,1.0,182
RESI_LOW_20,RESI_LOW_20,True,1.0,183
obv,obv,True,1.0,184
CORR_R_V_60,CORR_R_A_60,False,0.981732382482601,185
MEAN_RETID_20,MEAN_RETID_20,True,1.0,187
RSQ_R_30,RSQ_R_30,True,1.0,188
DIST_52W_LOW,DIST_52W_LOW,True,1.0,189
COV_HLR_LOGV_20,MEAN_RETID_20,False,0.9178025878236095,192
support_resistance_ratio_lag_3_z,support_resistance_ratio_lag_3_z,True,1.0,193
CORR_R_RIDX_10,CORR_R_RIDX_10,True,1.0,194
STD_V_60,STD_V_60,True,1.0,195
volume_lag_10_rankpct,volume_lag_10_rankpct,True,1.0,197
RESI_CF_30,RESI_LOW_30,False,0.9214938268252266,198
macd_above_signal_rankpct,macd_above_signal_rankpct,True,1.0,199
SKEW_HLR_3,SKEW_HLR_3,True,1.0,200
MACD_HIST,MACD_HIST,True,1.0,201
SLOPE_V_20,SLOPE_V_20,True,1.0,202
KURT_HIGH_60,KURT_HIGH_60,True,1.0,203
EMA_LOW_5,EMA_LOW_5,True,1.0,204
efficiency_ratio_z,efficiency_ratio_z,True,1.0,205
KURT_OPEN_5,KURT_OPEN_5,True,1.0,206
EMA_RETON_60,EMA_R_60,False,0.9957436520378491,207
macd_hist_rankpct,macd_hist_rankpct,True,1.0,208
MAX_LOGV_30,MAX_LOGV_20,False,0.9768390590708735,209
MEAN_RETID_30,WMA_RETID_60,False,0.9749188203550967,210
macd_hist_amplitude,macd_hist_amplitude,True,1.0,211
efficiency_ratio_lag_5,efficiency_ratio_lag_5,True,1.0,213
MKT_SZ_PRICE_CHANGE,MKT_SZ_PRICE_CHANGE,True,1.0,214
SLOPE_VWAP_20,SLOPE_OPEN_20,False,0.9603573231698405,215
macd_golden_cross_rankpct,macd_golden_cross_rankpct,True,1.0,216
EMA_RETID_60,EMA_RETID_60,True,1.0,217
RESI_A_60,RESI_A_60,True,1.0,218
RESID_MOM60,RESID_MOM60,True,1.0,219
KURT_LOGV_60,KURT_LOGV_60,True,1.0,220
CORR_CLOSE_A_5,CORR_CLOSE_A_5,True,1.0,221
RSQ_R_20,RSQ_R_20,True,1.0,222
MKT_SZ_PRICE_CHANGE_ABS,MKT_SZ_PRICE_CHANGE_ABS,True,1.0,223
T1_GAP,T1_GAP,True,1.0,224
COV_R_RIDX_3,COV_R_RIDX_3,True,1.0,226
price_vs_ma60_z,price_vs_ma60_z,True,1.0,227
MED_V_20,Q80_A_20,False,0.9315729645495617,228
IDXMIN_R_30,IDXMIN_R_30,True,1.0,229
MED_RETID_30,MED_RETID_30,True,1.0,230
macd_hist_acceleration_z,macd_hist_acceleration_z,True,1.0,231
support_resistance_ratio_lag_5_rankpct,support_resistance_ratio_rankpct,False,0.9382618980666422,232
MIN_V_60,MIN_V_60,True,1.0,233
SLOPE_LOGV_60,SLOPE_V_60,False,0.9359728677863953,234
atr,atr,True,1.0,235
EMA_HLR_60,EMA_HLR_60,True,1.0,236
WMA_HLR_5,MEAN_HLR_5,False,0.9740110321727538,237
RESI_OPEN_30,RESI_LOW_30,False,0.9681818650747929,238
COUNT_R_10,COUNT_R_10,True,1.0,239
macd_rankpct,macd_rankpct,True,1.0,240
TSRANK_HLR_30,TSRANK_HLR_30,True,1.0,241
SLOPE_A_20,SLOPE_V_20,False,0.9852264665624676,242
GAP_VOL20,GAP_VOL20,True,1.0,243
Q20_VWAP_5,Q20_VWAP_5,True,1.0,244
MIN_A_10,MIN_A_10,True,1.0,245
illiq_lag_1,illiq_lag_1,True,1.0,246
MAX_LOGV_10,MAX_LOGV_20,False,0.9726466022594771,247
IDXMAX_LOW_30,IDXMAX_LOW_30,True,1.0,248
MIN_HLR_60,MIN_HLR_60,True,1.0,249
KURT_RETON_30,KURT_RETON_30,True,1.0,250
DELTA_HLR_60,DELTA_HLR_60,True,1.0,251
RSQ_HIGH_5,RSQ_HIGH_5,True,1.0,253
Q80_HLR_3,MEAN_HLR_5,False,0.906045321935886,254
MED_RETID_10,MED_RETID_10,True,1.0,255
SKEW_HIGH_60,SKEW_HIGH_60,True,1.0,256
CORR_R_RIDX_20,CORR_R_RIDX_20,True,1.0,257
REF_LOGV_10,MAX_LOGV_20,False,0.9238127454252649,258
volatility_30d_z,volatility_25d_z,False,0.9121427363885434,259
atr_ratio_rankpct,support_resistance_ratio_rankpct,False,0.9089574987217413,260
volume_lag_5_z,volume_ma_20_z,False,0.9047452324980233,261
RSQ_HIGH_3,RSQ_HIGH_3,True,1.0,262
Q20_RETID_5,Q20_RETID_5,True,1.0,263
KURT_HIGH_30,KURT_HIGH_30,True,1.0,264
MAX_V_20,MAX_V_20,True,1.0,265
STD_A_30,STD_V_30,False,0.9832411486718721,266
COV_CLOSE_LOGV_30,COV_CLOSE_LOGV_20,False,0.9502253927045159,267
CORR_CLOSE_A_20,CORR_CLOSE_A_20,True,1.0,269
IND_EXCESS_RET20,IND_EXCESS_RET20,True,1.0,270
REF_LOGV_30,REF_LOGV_30,True,1.0,271
MIN_RETID_3,MIN_RETID_3,True,1.0,272
rsi_14_z,rsi_24_rankpct,False,0.905672988179571,273
RESI_OPEN_3,RESI_OPEN_3,True,1.0,274
Q80_RETID_60,Q80_RETID_60,True,1.0,275
SKEW_CF_20,SKEW_CF_20,True,1.0,276
SLOPE_LOGV_5,SLOPE_LOGV_5,True,1.0,277
SLOPE_A_10,SLOPE_A_10,True,1.0,278
distance_to_resistance_z,distance_to_resistance_z,True,1.0,279
SLOPE_RETON_20,SLOPE_RETON_20,True,1.0,280
efficiency_ratio_lag_3_rankpct,efficiency_ratio_lag_3_rankpct,True,1.0,281
volume_trend_10,volume_trend_10,True,1.0,282
KURT_RETON_20,KURT_RETON_20,True,1.0,283
illiq_lag_3,illiq_lag_3,True,1.0,284
SKEW_V_30,SKEW_V_30,True,1.0,285
close_lag_30,atr,False,0.9393127794689335,286
KURT_CF_60,KURT_OPEN_60,False,0.9266005393342526,288
COV_R_LOGV_3,COV_R_LOGV_3,True,1.0,289
MED_OPEN_60,EMA_HIGH_60,False,0.9149442934939879,290
Q80_RETON_10,Q80_RETON_10,True,1.0,291
SLOPE_LOGV_10,SLOPE_A_10,False,0.9297447511286187,292
close_vs_high,close_vs_high,True,1.0,293
REF_VWAP_3,REF_VWAP_3,True,1.0,295
volatility_25d_rankpct,volatility_30d_rankpct,False,0.9605735119683231,296
RSQ_A_3,RSQ_A_3,True,1.0,297
macd_robust_z,macd_robust_z,True,1.0,298
Q20_RETID_10,Q20_RETID_10,True,1.0,299
REBOUND_FROM_L2,REBOUND_FROM_L2,True,1.0,300
RESI_CF_10,RESI_CF_10,True,1.0,301
price_vs_ma60_rankpct,price_vs_ma60_rankpct,True,1.0,302
Q20_LOW_10,Q20_LOW_10,True,1.0,303
efficiency_ratio,efficiency_ratio,True,1.0,305
STD_R_3,STD_R_3,True,1.0,306
RESI_HIGH_30,RESI_LOW_30,False,0.9311791737204923,307
rsi_momentum,rsi_momentum,True,1.0,308
CAL_DOW_2,CAL_DOW_2,True,1.0,309
KBAR_KUP,KBAR_KUP,True,1.0,310
SKEW_VWAP_60,SKEW_VWAP_60,True,1.0,311
KURT_LOGV_5,KURT_LOGV_5,True,1.0,312
STD_RETON_10,GAP_VOL20,False,0.9333053576490661,313
IDXMIN_HIGH_10,IDXMIN_HIGH_10,True,1.0,314
stoch_oversold_rankpct,stoch_oversold_rankpct,True,1.0,315
CORR_R_V_5,CORR_R_V_5,True,1.0,316
volatility_25d,volatility_25d,True,1.0,317
KURT_LOGV_10,KURT_LOGV_10,True,1.0,318
support_resistance_ratio_lag_5_z,support_resistance_ratio_lag_3_z,False,0.9825571043165161,319
daily_return_z,daily_return_z,True,1.0,320
CAL_MONTH_2,CAL_MONTH_2,True,1.0,321
obv_trend_z,obv_trend_z,True,1.0,322
EMA_LOW_60,EMA_HIGH_60,False,0.9932464908907777,323
RET_ON,RET_ON,True,1.0,324
STD_RETID_20,STD_RETID_20,True,1.0,325
REF_RETID_30,REF_RETID_30,True,1.0,326
RSQ_OPEN_20,RSQ_OPEN_20,True,1.0,327
RSQ_OPEN_3,RSQ_OPEN_3,True,1.0,328
MIN_LOW_60,MIN_LOW_60,True,1.0,329
SKEW_LOGV_60,SKEW_LOGV_60,True,1.0,330
DELTA_HLR_20,DELTA_HLR_20,True,1.0,331
REF_R_3,REF_R_3,True,1.0,332
MIN_OPEN_60,MIN_LOW_60,False,0.9640120002701513,333
volatility_3d,STD_R_3,False,0.9302913210346783,334
effective_spread,effective_spread,True,1.0,335
efficiency_ratio_lag_3_z,efficiency_ratio_lag_3_rankpct,False,0.9641690420391801,336
REF_RETON_3,REF_RETON_3,True,1.0,337
rsi_24,rsi_24,True,1.0,338
volume_lag_15_rankpct,volume_lag_15_rankpct,True,1.0,339
MED_LOGV_60,MAX_LOGV_20,False,0.9303840701069923,340
price_trend_5_rankpct,price_trend_5_rankpct,True,1.0,341
SKEW_LOGV_30,SKEW_LOGV_30,True,1.0,342
RESI_CF_60,RESI_LOW_60,False,0.9523731082793815,343
DELTA_HIGH_5,DELTA_HIGH_5,True,1.0,344
IDXMIN_CF_60,IDXMIN_CF_60,True,1.0,345
SKEW_OPEN_30,SKEW_LOW_30,False,0.9382027652506814,346
DELTA_RETID_60,DELTA_RETID_60,True,1.0,347
price_vs_ma5_rankpct,price_vs_ma5_rankpct,True,1.0,348
EMA_VWAP_60,EMA_VWAP_60,True,1.0,349
CAL_MONTH_11,CAL_MONTH_11,True,1.0,350
KURT_LOGV_30,KURT_LOGV_30,True,1.0,351
KURT_CF_20,KURT_CF_20,True,1.0,352
RESI_VWAP_10,RESI_VWAP_10,True,1.0,353
ma_60,atr,False,0.9476851598848919,354
MED_LOW_60,EMA_HIGH_60,False,0.9073929348534278,355
SKEW_OPEN_3,SKEW_OPEN_3,True,1.0,356
macd_percentile_rankpct,macd_percentile_rankpct,True,1.0,357
engulfing_pattern_rankpct,engulfing_pattern_rankpct,True,1.0,358
DELTA_RETON_3,DELTA_RETON_3,True,1.0,360
KURT60,KURT60,True,1.0,361
MIN_CF_60,MIN_LOW_60,False,0.9513656383270253,362
EP_TSRANK_500,EP_TSRANK_500,True,1.0,363
DELTA_VWAP_20,DELTA_VWAP_20,True,1.0,364
Q80_HLR_5,MEAN_HLR_5,False,0.970419210990664,365
REF_RETID_3,REF_RETID_3,True,1.0,366
KURT_LOW_20,KURT_LOW_20,True,1.0,367
RESI_A_3,RESI_A_3,True,1.0,368
volatility_15d_rankpct,volatility_15d_rankpct,True,1.0,369
Q20_R_60,Q20_R_60,True,1.0,370
SLOPE_HLR_10,SLOPE_HLR_10,True,1.0,371
KURT_CF_5,KURT_CF_5,True,1.0,372
macd_hist,macd_hist,True,1.0,373
price_vs_ma5_z,price_vs_ma5_z,True,1.0,374
REBOUND_DAY_T,REBOUND_DAY_T,True,1.0,375
SKEW_CF_30,SKEW_LOW_30,False,0.925368447054929,376
KBAR_KSFT,KBAR_KSFT,True,1.0,377
Q20_VWAP_60,MED_VWAP_20,False,0.9161820994151797,378
MEAN_HLR_10,MEAN_HLR_10,True,1.0,379
SKEW_R_30,SKEW_R_30,True,1.0,380
RSQ_LOW_30,RSQ_LOW_30,True,1.0,381
SKEW_A_5,SKEW_A_5,True,1.0,382
MED_CF_3,MED_CF_3,True,1.0,383
RESI_R_5,RESI_R_5,True,1.0,384
Q80_VWAP_10,Q80_VWAP_10,True,1.0,385
MEAN_HLR_30,MEAN_HLR_30,True,1.0,386
UPPER_SHADOW_RATIO,UPPER_SHADOW_RATIO,True,1.0,387
dist_to_high_60_z,dist_to_high_60_z,True,1.0,388
slowk,slowk,True,1.0,389
STD_OPEN_30,STD_OPEN_30,True,1.0,390
illiq_z,illiq_z,True,1.0,391
bb_position_z,bb_position_z,True,1.0,392
ST_STATUS,ST_STATUS,True,1.0,393
MIN_R_3,MIN_R_3,True,1.0,394
SLOPE_LOW_5,SLOPE_LOW_5,True,1.0,395
rsi_24_z,rsi_24_rankpct,False,0.950845672772452,396
RSQ_HLR_30,RSQ_HLR_30,True,1.0,397
SLOPE_LOGV_30,SLOPE_LOGV_30,True,1.0,398
MIN_LOGV_5,MAX_LOGV_20,False,0.9274661775044367,399
MEAN_RETON_60,MEAN_R_60,False,0.9989043423651567,400
RSQ_RETON_5,RSQ_RETON_5,True,1.0,401
volume_lag_10_z,volume_ma_20_z,False,0.9087927094421239,402
volatility_3d_z,volatility_3d_z,True,1.0,403
RESI_V_3,RESI_A_3,False,0.9986484358100519,404
ret_intraday_z,ret_intraday_z,True,1.0,405
RSQ_LOGV_20,RSQ_LOGV_20,True,1.0,406
MIN_R_5,MIN_R_5,True,1.0,407
AMT_SHRINK_PEAK,AMT_SHRINK_PEAK,True,1.0,408
RET5,RET5,True,1.0,409
macd_z,macd_signal_z,False,0.9697525718320671,410
MEAN_LOW_5,EMA_LOW_5,False,0.9654669089390041,411
MED_A_20,Q80_A_20,False,0.9279847150026009,412
RESI_VWAP_20,RESI_LOW_20,False,0.9022137666523973,413
IDXMIN_LOW_60,IDXMIN_LOW_60,True,1.0,414
IDXMAX_RETON_60,IDXMAX_RETON_60,True,1.0,415
daily_return_rankpct,daily_return_rankpct,True,1.0,416
rsi_6_rankpct,rsi_6_rankpct,True,1.0,417
SKEW_LOGV_10,SKEW_LOGV_10,True,1.0,418
high_mean_20_rankpct,high_mean_20_rankpct,True,1.0,419
IND_CAPIT_PCT120,IND_CAPIT_PCT120,True,1.0,420
RESI_RETON_10,RESI_RETON_10,True,1.0,421
intraday_pos_lag_2_rankpct,intraday_pos_lag_2_rankpct,True,1.0,422
illiq_lag_1_z,illiq_lag_1_z,True,1.0,423
WMA_A_3,WMA_A_3,True,1.0,424
KURT_VWAP_30,KURT_VWAP_30,True,1.0,425
volume_lag_15_z,volume_lag_15_z,True,1.0,426
WMA_RETID_10,WMA_RETID_10,True,1.0,427
RSQ_V_3,RSQ_A_3,False,0.9746761558029207,428
SLOPE_VWAP_60,SLOPE_VWAP_60,True,1.0,429
MEAN_LOW_30,MEAN_LOW_30,True,1.0,430
upper_shadow_ratio_z,upper_shadow_ratio_z,True,1.0,431
DELTA_RETID_30,DELTA_RETID_30,True,1.0,432
Q20_RETON_10,Q20_RETON_10,True,1.0,433
MAX_LOGV_5,MAX_LOGV_20,False,0.9554047109829573,434
SLOPE_RETON_3,SLOPE_RETON_3,True,1.0,435
macd_golden_cross_z,macd_golden_cross_rankpct,False,0.9019696761359923,436
KURT_OPEN_20,KURT_OPEN_20,True,1.0,437
return_lag_2,return_lag_2,True,1.0,438
CAL_DOW_0,CAL_DOW_0,True,1.0,439
MIN_LOW_30,MIN_LOW_30,True,1.0,440
RESI_RETON_5,RESI_RETON_5,True,1.0,441
CORR_HLR_V_20,CORR_HLR_V_20,True,1.0,442
COV_CLOSE_LOGV_10,COV_CLOSE_LOGV_10,True,1.0,443
STR20,STR20,True,1.0,444
MED_RETID_3,MED_RETID_3,True,1.0,445
SKEW_RETID_30,SKEW_RETID_30,True,1.0,446
IDXMIN_A_60,IDXMIN_A_60,True,1.0,448
intraday_pos_lag_3_z,intraday_pos_lag_3_z,True,1.0,449
MIN_V_10,MIN_A_10,False,0.9916779514966708,450
CAL_DOW_4,CAL_DOW_4,True,1.0,451
STD_RETID_30,MEAN_HLR_30,False,0.9453190051565568,452
LOG_PRICE,LOG_PRICE,True,1.0,453
STD_LOGV_10,STD_LOGV_10,True,1.0,454
rsi_robust_z,rsi_robust_z,True,1.0,455
MAX_CF_20,MAX_CF_20,True,1.0,456
RSQ_LOW_20,RSQ_OPEN_20,False,0.9622881463418252,457
REF_HIGH_3,REF_HIGH_3,True,1.0,458
SKEW_RETON_20,SKEW_RETON_20,True,1.0,459
RSQ_VWAP_30,RSQ_LOW_30,False,0.969121333340246,460
ret_intraday_lag_1,ret_intraday_lag_1,True,1.0,461
SLOPE_HLR_30,SLOPE_HLR_60,False,0.9400053941869023,462
STD_R_30,STD_R_30,True,1.0,463
MAX_A_5,MAX_A_5,True,1.0,464
SLOPE_HLR_3,SLOPE_HLR_3,True,1.0,465
RSQ_OPEN_30,RSQ_LOW_30,False,0.9843570194734246,466
MEAN_A_30,MEAN_A_30,True,1.0,467
MEAN_VWAP_3,EMA_VWAP_3,False,0.9620110256882026,468
clv_rankpct,clv_rankpct,True,1.0,469
amihud_illiq_intraday_rankpct,amihud_illiq_intraday_rankpct,True,1.0,470
MIN_HIGH_10,MIN_HIGH_10,True,1.0,471
atr_z,atr_z,True,1.0,472
macd_hist_direction_z,macd_hist_direction_z,True,1.0,473
KURT_OPEN_30,KURT_OPEN_30,True,1.0,474
COUNT_RETON_30,COUNT_RETON_30,True,1.0,475
rsi_14,rsi_24,False,0.94491640129572,476
efficiency_ratio_rankpct,efficiency_ratio_z,False,0.9694089809457531,477
STD_CF_5,STD_CF_5,True,1.0,478
vol_divergence,vol_divergence,True,1.0,479
MED_HIGH_60,EMA_HIGH_60,False,0.922621911285763,480
RSQ_VWAP_5,RSQ_VWAP_5,True,1.0,481
Q20_RETON_30,Q20_RETON_30,True,1.0,482
DELTA_HLR_3,DELTA_HLR_3,True,1.0,483
SLOPE_LOW_3,SLOPE_LOW_3,True,1.0,484
MAX_RETID_30,WMA_RETID_60,False,0.914587758735449,486
return_lag_3,REF_R_3,False,0.9866192044136107,487
STD_VWAP_60,SLOPE_VWAP_60,False,-0.9773812345338201,489
BP_IND_Z,BP_IND_Z,True,1.0,490
STD_VWAP_3,STD_VWAP_3,True,1.0,491
STD_VWAP_20,STD_VWAP_20,True,1.0,492
Q20_RETID_20,Q20_RETID_20,True,1.0,493
EMA_LOW_10,EMA_LOW_10,True,1.0,494
RSQ_HLR_20,RSQ_HLR_20,True,1.0,495
DIV_DIF_LIFT,DIV_DIF_LIFT,True,1.0,496
efficiency_ratio_lag_1,efficiency_ratio_lag_1,True,1.0,499
SKEW_CF_10,SKEW_CF_10,True,1.0,500
volume_ma_ratio,volume_ma_ratio,True,1.0,501
DELTA_RETID_3,DELTA_RETID_3,True,1.0,502
rsi_6_z,rsi_6_rankpct,False,0.9464971674452871,503
KURT_LOW_10,KURT_LOW_10,True,1.0,504
Q20_R_3,MIN_R_3,False,0.9416019982332416,505
MIN_HIGH_60,MIN_LOW_60,False,0.9019007948980083,506
MED_LOGV_3,MAX_LOGV_20,False,0.9377819451003169,507
Q20_HLR_3,Q20_HLR_3,True,1.0,508
IDXMAX_HLR_30,IDXMAX_HLR_30,True,1.0,509
vol_gk_lag_1_z,vol_gk_lag_1_z,True,1.0,510
vol_gk_ratio_lag_5_z,vol_gk_ratio_lag_5_z,True,1.0,511
STD_HIGH_3,STD_HIGH_3,True,1.0,512
MIN_RETID_60,MIN_RETID_60,True,1.0,513
smart_money_diff,smart_money_diff,True,1.0,514
MAX_HLR_5,MAX_HLR_5,True,1.0,515
