feature,sign_2019,sign_2020,sign_2021,sign_2022,consistent
cs_n,1,-1,-1,-1,False
macd_death_cross_rankpct,1,1,1,1,True
market_avg_amplitude_rankpct,-1,-1,-1,1,False
REGIME_CODE,1,1,1,1,True
MKT_DD120,-1,-1,1,-1,False
LIMITUP_N_MKT,1,-1,1,1,False
day_of_year,-1,1,-1,-1,False
bb_squeeze_rankpct,1,-1,-1,-1,False
MKT_NH_NL_DIFF,1,1,1,1,True
ma_arrangement_rankpct,1,1,1,1,True
TREND_SLOPE_120,-1,-1,-1,-1,True
MKT_VOL20_PCT,-1,1,-1,1,False
AMT20,-1,-1,-1,-1,True
macd_zero_cross_down_rankpct,1,1,1,1,True
STYLE_GV_RS60,-1,1,-1,-1,False
STYLE_SIZE_RS60,-1,-1,-1,-1,True
MKT_DOWNLIMIT_Z,1,-1,-1,-1,False
MKT_AMT_PCT,1,1,1,-1,False
MKT_TURNOVER_PCTL,1,1,-1,1,False
LIMITUP_N_MKT_MA20,-1,1,1,-1,False
RET120_20,-1,-1,-1,-1,True
LN_FREE_MV,-1,-1,-1,-1,True
rsi_overbought_24_rankpct,1,-1,-1,1,False
MKT_SEAL_RATIO,-1,-1,-1,-1,True
volume_z,-1,-1,-1,-1,True
doji_pattern_rankpct,1,1,1,1,True
MACD_DIF_NORM,-1,-1,-1,-1,True
MEAN_R_60,-1,-1,-1,-1,True
DIST_52W_HIGH,-1,-1,-1,-1,True
SJV60,-1,-1,-1,-1,True
IDXMIN_R_60,-1,-1,-1,-1,True
STD_A_20,-1,-1,-1,-1,True
MKT_RET20,1,1,1,1,True
BREADTH_ADV5,1,1,1,1,True
VOL_CONTRACTION60,-1,-1,-1,-1,True
log_volume_z,-1,-1,-1,-1,True
ABN_TURN_21_252,-1,-1,-1,-1,True
MKT_TURNOVER_PCTL_EQW,1,1,1,1,True
BREADTH_ABOVE_MA20,1,1,1,1,True
RESI_LOW_30,1,1,1,1,True
volume_ma_20_z,-1,-1,-1,-1,True
week_of_year,1,-1,-1,-1,False
price_volume_divergence_rankpct,-1,-1,-1,-1,True
COV_R_RIDX_10,1,1,1,1,True
RSQ_CF_60,1,1,1,1,True
hammer_pattern_rankpct,1,1,1,1,True
DIV_ZERO_AXIS_DEPTH,-1,-1,-1,-1,True
KURT_R_5,-1,-1,-1,-1,True
MKT_AVG_CHANGE,1,1,-1,-1,False
REF_LOW_60,1,1,1,1,True
signed_vol_strength_rankpct,-1,-1,-1,-1,True
rsi_overbought_14_rankpct,1,1,1,1,True
RSQ_OPEN_60,1,1,1,1,True
signed_vol_strength_z,-1,-1,-1,-1,True
SLOPE_V_60,-1,-1,-1,-1,True
MAX_LOGV_20,-1,-1,-1,-1,True
COV_R_RIDX_5,1,1,1,1,True
illiq,1,1,1,1,True
MKT_RSI14,-1,-1,-1,-1,True
RSQ_HIGH_60,1,1,1,1,True
MKT_MA60,-1,-1,-1,1,False
rsi_oversold_24_rankpct,1,1,1,-1,False
DIV_DIF_LEVEL_L1,-1,-1,-1,-1,True
CAL_MONTH_12,-1,-1,-1,-1,True
macd_zero_cross_rankpct,1,1,-1,-1,False
Q80_A_20,-1,-1,-1,-1,True
rsi_overbought_6_rankpct,-1,-1,-1,-1,True
SLOPE_CF_60,-1,-1,-1,-1,True
volume_lag_25_z,-1,-1,-1,-1,True
log_volume_rankpct,-1,-1,-1,-1,True
COV_R_RIDX_30,1,1,1,1,True
stoch_overbought_rankpct,1,1,1,1,True
MIN_RETID_30,-1,-1,-1,-1,True
MKT_SH_AMPLITUDE,1,1,1,1,True
RESI_VWAP_30,1,1,1,1,True
IDXMAX_OPEN_60,1,1,1,1,True
MAX_A_3,-1,-1,-1,-1,True
ILLIQ20,1,1,1,1,True
MKT_LIMITUP_PREM,1,1,1,1,True
MA200_RATIO,-1,-1,-1,-1,True
IDXMIN_VWAP_20,1,1,1,1,True
vol_divergence_rankpct,-1,-1,-1,-1,True
MKT_LIMITUP_PREM_MA5,1,1,1,1,True
COV_CLOSE_LOGV_20,-1,-1,-1,-1,True
volatility_30d_rankpct,-1,-1,-1,-1,True
signed_volume_strength_rankpct,-1,-1,-1,-1,True
MKT_SH_SZ_SYNC_STRENGTH,1,1,1,1,True
CORR_CLOSE_RIDX_30,-1,-1,-1,-1,True
rsi_oversold_6_rankpct,1,1,1,1,True
CAL_HOLIDAY,1,1,1,1,True
DIV_PRICE_NEWLOW_DEPTH,-1,-1,-1,-1,True
SKEW_LOW_30,-1,-1,-1,-1,True
alpha12_z,1,1,1,1,True
CORR_R_A_60,-1,-1,-1,-1,True
SKEW60,-1,-1,-1,-1,True
illiq_lag_5,1,1,1,1,True
signed_volume_strength,1,1,1,1,True
illiq_rankpct,1,1,1,1,True
day_of_month,1,1,1,1,True
macd_zero_cross_up_rankpct,1,-1,-1,-1,False
volatility_5d,-1,-1,-1,-1,True
KURT_OPEN_60,1,1,1,1,True
macd_hist_acceleration_rankpct,1,1,1,1,True
BREADTH_NEWLOW,1,-1,-1,-1,False
volatility_25d_z,-1,-1,-1,-1,True
CAL_DOW_1,1,1,1,1,True
RESI_VWAP_5,-1,-1,-1,-1,True
SLOPE_HLR_60,1,1,1,1,True
MKT_MEDIAN_RET20,1,1,1,1,True
CORR_HLR_V_5,1,1,1,1,True
rsi_oversold_14_rankpct,1,1,1,1,True
quarter,-1,-1,-1,-1,True
STD_A_10,-1,-1,-1,-1,True
IDXMIN_RETON_30,1,1,1,1,True
illiq_lag_3_z,1,1,-1,1,False
RSQ_LOW_60,1,1,1,1,True
CAL_MONTH_POS,-1,-1,-1,-1,True
VSHRINK,1,1,1,1,True
IDXMIN_VWAP_30,1,1,1,1,True
SLOPE_OPEN_20,1,1,1,1,True
SKEW_RETID_60,-1,-1,-1,-1,True
KDJ_D,1,1,1,1,True
RESI_VWAP_60,-1,1,-1,1,False
MKT_SH_VOLUME_RATIO,-1,1,-1,-1,False
CORR_CLOSE_RIDX_20,-1,-1,-1,-1,True
MKT_SZ_AMPLITUDE,1,1,1,1,True
volume_dryup_rankpct,-1,-1,-1,-1,True
DELTA_A_60,-1,-1,-1,-1,True
POS_52W,-1,-1,-1,-1,True
COV_R_RIDX_60,1,1,1,1,True
STD_LOGV_20,-1,-1,-1,-1,True
MAX5_20,-1,-1,-1,-1,True
ma_arrangement_z,1,1,1,1,True
STD_V_30,-1,-1,-1,-1,True
COV_R_RIDX_20,-1,-1,-1,-1,True
macd_signal_z,1,1,1,1,True
EMA_HIGH_60,1,1,1,1,True
distance_to_support_z,-1,-1,-1,-1,True
rsi_24_rankpct,-1,-1,-1,-1,True
atr_ratio_z,-1,-1,-1,-1,True
MIN_CF_5,1,1,1,1,True
RESI_LOW_60,1,1,1,1,True
KURT_A_10,1,1,1,1,True
intraday_pos_lag_1,-1,-1,-1,-1,True
RET60,-1,-1,-1,-1,True
SKEW_RETID_20,-1,-1,-1,-1,True
KURT_LOW_60,-1,-1,-1,-1,True
IDXMAX_CF_30,1,1,1,1,True
IND_MOM20_EQW,1,-1,-1,-1,False
RSQ_R_10,-1,-1,-1,-1,True
volume_ratio_z,1,1,1,1,True
SLOPE_RETID_60,1,1,1,1,True
REF_LOGV_5,1,1,1,1,True
CORR_CLOSE_RIDX_10,1,1,1,1,True
volume_lag_3_rankpct,-1,-1,-1,-1,True
MED_VWAP_20,-1,-1,-1,-1,True
support_resistance_ratio_rankpct,-1,-1,-1,-1,True
MKT_PROMOTE_RATE,1,-1,-1,-1,False
MEAN_HLR_5,-1,-1,-1,-1,True
CORR_HLR_V_30,1,1,1,1,True
volume_ma20_z,1,1,1,1,True
RESI_HIGH_60,1,1,1,1,True
AMIHUD_TURN20,-1,-1,-1,-1,True
DELTA_V_60,-1,-1,-1,-1,True
EMA_R_60,-1,-1,-1,-1,True
IND_BREADTH_MA60,1,1,1,1,True
MKT_SZ_VOLUME_RATIO,-1,-1,-1,-1,True
WMA_RETID_60,-1,-1,-1,-1,True
volume_spike_rankpct,1,1,1,1,True
DELTA_OPEN_30,-1,-1,-1,-1,True
DELTA_OPEN_60,-1,-1,-1,-1,True
vol_gk_ratio,1,1,1,1,True
KURT_VWAP_60,1,1,1,1,True
IDXMAX_LOW_20,-1,-1,-1,-1,True
distance_to_resistance_rankpct,-1,-1,-1,-1,True
CORR_CLOSE_RIDX_60,-1,-1,-1,-1,True
intraday_pos_lag_3,1,1,1,1,True
SKEW_HIGH_5,-1,-1,-1,-1,True
EMA_VWAP_3,1,1,1,1,True
MACD_HIST_AMP20,-1,-1,-1,-1,True
illiq_lag_3_rankpct,1,1,1,1,True
Q80_V_30,-1,1,-1,-1,False
SKEW_HIGH_30,-1,-1,-1,-1,True
RESI_LOW_20,-1,-1,-1,-1,True
obv,1,1,1,1,True
CORR_R_V_60,-1,-1,-1,-1,True
volatility_20d_rankpct,-1,-1,-1,1,False
MEAN_RETID_20,1,1,1,1,True
RSQ_R_30,-1,-1,-1,-1,True
DIST_52W_LOW,1,1,1,1,True
MKT_SH_PRICE_CHANGE_ABS,1,1,-1,-1,False
MKT_AVG_AMP,1,1,1,-1,False
COV_HLR_LOGV_20,-1,-1,-1,-1,True
support_resistance_ratio_lag_3_z,-1,-1,-1,-1,True
CORR_R_RIDX_10,1,1,1,1,True
STD_V_60,-1,-1,-1,-1,True
DVOL,1,-1,1,1,False
volume_lag_10_rankpct,-1,-1,-1,-1,True
RESI_CF_30,1,1,1,1,True
macd_above_signal_rankpct,-1,-1,-1,-1,True
SKEW_HLR_3,1,1,1,1,True
MACD_HIST,1,1,1,1,True
SLOPE_V_20,1,1,1,1,True
KURT_HIGH_60,1,1,1,1,True
EMA_LOW_5,1,1,1,1,True
efficiency_ratio_z,1,1,1,1,True
KURT_OPEN_5,-1,-1,-1,-1,True
EMA_RETON_60,-1,-1,-1,-1,True
macd_hist_rankpct,-1,-1,-1,-1,True
MAX_LOGV_30,-1,-1,-1,-1,True
MEAN_RETID_30,-1,-1,-1,-1,True
macd_hist_amplitude,-1,-1,-1,-1,True
amplitude_rankpct,1,1,1,-1,False
efficiency_ratio_lag_5,1,1,1,1,True
MKT_SZ_PRICE_CHANGE,1,1,1,1,True
SLOPE_VWAP_20,1,1,1,1,True
macd_golden_cross_rankpct,1,1,1,1,True
EMA_RETID_60,1,1,1,1,True
RESI_A_60,1,1,1,1,True
RESID_MOM60,-1,-1,-1,-1,True
KURT_LOGV_60,1,1,1,1,True
CORR_CLOSE_A_5,1,1,1,1,True
RSQ_R_20,-1,-1,-1,-1,True
MKT_SZ_PRICE_CHANGE_ABS,1,1,1,1,True
T1_GAP,-1,-1,-1,-1,True
obv_z,1,1,1,-1,False
COV_R_RIDX_3,-1,-1,-1,-1,True
price_vs_ma60_z,1,1,1,1,True
MED_V_20,1,1,1,1,True
IDXMIN_R_30,-1,-1,-1,-1,True
MED_RETID_30,1,1,1,1,True
macd_hist_acceleration_z,1,1,1,1,True
support_resistance_ratio_lag_5_rankpct,1,1,1,1,True
MIN_V_60,1,1,1,1,True
SLOPE_LOGV_60,-1,-1,-1,-1,True
atr,-1,-1,-1,-1,True
EMA_HLR_60,-1,-1,-1,-1,True
WMA_HLR_5,-1,-1,-1,-1,True
RESI_OPEN_30,-1,-1,-1,-1,True
COUNT_R_10,-1,-1,-1,-1,True
macd_rankpct,1,1,1,1,True
TSRANK_HLR_30,-1,-1,-1,-1,True
SLOPE_A_20,1,1,1,1,True
GAP_VOL20,-1,-1,-1,-1,True
Q20_VWAP_5,1,1,1,1,True
MIN_A_10,-1,-1,-1,-1,True
illiq_lag_1,1,1,1,1,True
MAX_LOGV_10,-1,-1,-1,-1,True
IDXMAX_LOW_30,1,1,1,1,True
MIN_HLR_60,-1,-1,-1,-1,True
KURT_RETON_30,-1,-1,-1,-1,True
DELTA_HLR_60,-1,-1,-1,-1,True
DELTA_OPEN_20,-1,1,1,-1,False
RSQ_HIGH_5,1,1,1,1,True
Q80_HLR_3,-1,-1,-1,-1,True
MED_RETID_10,-1,-1,-1,-1,True
SKEW_HIGH_60,-1,-1,-1,-1,True
CORR_R_RIDX_20,1,1,1,1,True
REF_LOGV_10,-1,-1,-1,-1,True
volatility_30d_z,-1,-1,-1,-1,True
atr_ratio_rankpct,-1,-1,-1,-1,True
volume_lag_5_z,-1,-1,-1,-1,True
RSQ_HIGH_3,1,1,1,1,True
Q20_RETID_5,-1,-1,-1,-1,True
KURT_HIGH_30,-1,-1,-1,-1,True
MAX_V_20,-1,-1,-1,-1,True
STD_A_30,-1,-1,-1,-1,True
COV_CLOSE_LOGV_30,-1,-1,-1,-1,True
MIN_R_10,1,-1,1,1,False
CORR_CLOSE_A_20,-1,-1,-1,-1,True
IND_EXCESS_RET20,1,1,1,1,True
REF_LOGV_30,-1,-1,-1,-1,True
MIN_RETID_3,-1,-1,-1,-1,True
rsi_14_z,1,1,1,1,True
RESI_OPEN_3,-1,-1,-1,-1,True
Q80_RETID_60,-1,-1,-1,-1,True
SKEW_CF_20,1,1,1,1,True
SLOPE_LOGV_5,-1,-1,-1,-1,True
SLOPE_A_10,-1,-1,-1,-1,True
distance_to_resistance_z,-1,-1,-1,-1,True
SLOPE_RETON_20,1,1,1,1,True
efficiency_ratio_lag_3_rankpct,-1,-1,-1,-1,True
volume_trend_10,-1,-1,-1,-1,True
KURT_RETON_20,-1,-1,-1,-1,True
illiq_lag_3,1,1,1,1,True
SKEW_V_30,1,1,1,1,True
close_lag_30,-1,-1,-1,-1,True
DELTA_RETID_20,1,-1,-1,-1,False
KURT_CF_60,-1,-1,-1,-1,True
COV_R_LOGV_3,-1,-1,-1,-1,True
MED_OPEN_60,1,1,1,1,True
Q80_RETON_10,-1,-1,-1,-1,True
SLOPE_LOGV_10,-1,-1,-1,-1,True
close_vs_high,-1,-1,-1,-1,True
Q80_OPEN_60,1,-1,-1,-1,False
REF_VWAP_3,1,1,1,1,True
volatility_25d_rankpct,-1,-1,-1,-1,True
RSQ_A_3,1,1,1,1,True
macd_robust_z,1,1,1,1,True
Q20_RETID_10,-1,-1,-1,-1,True
REBOUND_FROM_L2,1,1,1,1,True
RESI_CF_10,-1,-1,-1,-1,True
price_vs_ma60_rankpct,1,1,1,1,True
Q20_LOW_10,-1,-1,-1,-1,True
MKT_SYNC_SCORE,1,1,1,-1,False
efficiency_ratio,-1,-1,-1,-1,True
STD_R_3,1,1,1,1,True
RESI_HIGH_30,-1,-1,-1,-1,True
rsi_momentum,1,1,1,1,True
CAL_DOW_2,-1,-1,-1,-1,True
KBAR_KUP,-1,-1,-1,-1,True
SKEW_VWAP_60,1,1,1,1,True
KURT_LOGV_5,1,1,1,1,True
STD_RETON_10,-1,-1,-1,-1,True
IDXMIN_HIGH_10,-1,-1,-1,-1,True
stoch_oversold_rankpct,1,1,1,1,True
CORR_R_V_5,1,1,1,1,True
volatility_25d,-1,-1,-1,-1,True
KURT_LOGV_10,-1,-1,-1,-1,True
support_resistance_ratio_lag_5_z,1,1,1,1,True
daily_return_z,1,1,1,1,True
CAL_MONTH_2,-1,-1,-1,-1,True
obv_trend_z,-1,-1,-1,-1,True
EMA_LOW_60,1,1,1,1,True
RET_ON,1,1,1,1,True
STD_RETID_20,-1,-1,-1,-1,True
REF_RETID_30,-1,-1,-1,-1,True
RSQ_OPEN_20,1,1,1,1,True
RSQ_OPEN_3,-1,-1,-1,-1,True
MIN_LOW_60,1,1,1,1,True
SKEW_LOGV_60,1,1,1,1,True
DELTA_HLR_20,1,1,1,1,True
REF_R_3,1,1,1,1,True
MIN_OPEN_60,1,1,1,1,True
volatility_3d,1,1,1,1,True
effective_spread,-1,-1,-1,-1,True
efficiency_ratio_lag_3_z,-1,-1,-1,-1,True
REF_RETON_3,1,1,1,1,True
rsi_24,-1,-1,-1,-1,True
volume_lag_15_rankpct,1,1,1,1,True
MED_LOGV_60,1,1,1,1,True
price_trend_5_rankpct,-1,-1,-1,-1,True
SKEW_LOGV_30,-1,-1,-1,-1,True
RESI_CF_60,1,1,1,1,True
DELTA_HIGH_5,1,1,1,1,True
IDXMIN_CF_60,-1,-1,-1,-1,True
SKEW_OPEN_30,1,1,1,1,True
DELTA_RETID_60,-1,-1,-1,-1,True
price_vs_ma5_rankpct,-1,-1,-1,-1,True
EMA_VWAP_60,1,1,1,1,True
CAL_MONTH_11,-1,-1,-1,-1,True
KURT_LOGV_30,1,1,1,1,True
KURT_CF_20,-1,-1,-1,-1,True
RESI_VWAP_10,1,1,1,1,True
ma_60,-1,-1,-1,-1,True
MED_LOW_60,1,1,1,1,True
SKEW_OPEN_3,1,1,1,1,True
macd_percentile_rankpct,1,1,1,1,True
engulfing_pattern_rankpct,1,1,1,1,True
KURT_RETON_60,1,-1,-1,-1,False
DELTA_RETON_3,1,1,1,1,True
KURT60,-1,-1,-1,-1,True
MIN_CF_60,1,1,1,1,True
EP_TSRANK_500,-1,-1,-1,-1,True
DELTA_VWAP_20,1,1,1,1,True
Q80_HLR_5,-1,-1,-1,-1,True
REF_RETID_3,1,1,1,1,True
KURT_LOW_20,-1,-1,-1,-1,True
RESI_A_3,-1,-1,-1,-1,True
volatility_15d_rankpct,-1,-1,-1,-1,True
Q20_R_60,-1,-1,-1,-1,True
SLOPE_HLR_10,-1,-1,-1,-1,True
KURT_CF_5,-1,-1,-1,-1,True
macd_hist,1,1,1,1,True
price_vs_ma5_z,-1,-1,-1,-1,True
REBOUND_DAY_T,1,1,1,1,True
SKEW_CF_30,-1,-1,-1,-1,True
KBAR_KSFT,1,1,1,1,True
Q20_VWAP_60,1,1,1,1,True
MEAN_HLR_10,-1,-1,-1,-1,True
SKEW_R_30,-1,-1,-1,-1,True
RSQ_LOW_30,1,1,1,1,True
SKEW_A_5,1,1,1,1,True
MED_CF_3,-1,-1,-1,-1,True
RESI_R_5,1,1,1,1,True
Q80_VWAP_10,-1,-1,-1,-1,True
MEAN_HLR_30,-1,-1,-1,-1,True
UPPER_SHADOW_RATIO,-1,-1,-1,-1,True
dist_to_high_60_z,1,1,1,1,True
slowk,-1,-1,-1,-1,True
STD_OPEN_30,1,1,1,1,True
illiq_z,-1,-1,-1,-1,True
bb_position_z,1,1,1,1,True
ST_STATUS,-1,-1,-1,-1,True
MIN_R_3,1,1,1,1,True
SLOPE_LOW_5,1,1,1,1,True
rsi_24_z,-1,-1,-1,-1,True
RSQ_HLR_30,-1,-1,-1,-1,True
SLOPE_LOGV_30,1,1,1,1,True
MIN_LOGV_5,1,1,1,1,True
MEAN_RETON_60,1,1,1,1,True
RSQ_RETON_5,-1,-1,-1,-1,True
volume_lag_10_z,-1,-1,-1,-1,True
volatility_3d_z,1,1,1,1,True
RESI_V_3,-1,-1,-1,-1,True
ret_intraday_z,-1,-1,-1,-1,True
RSQ_LOGV_20,-1,-1,-1,-1,True
MIN_R_5,-1,-1,-1,-1,True
AMT_SHRINK_PEAK,-1,-1,-1,-1,True
RET5,1,1,1,1,True
macd_z,-1,-1,-1,-1,True
MEAN_LOW_5,1,1,1,1,True
MED_A_20,1,1,1,1,True
RESI_VWAP_20,-1,-1,-1,-1,True
IDXMIN_LOW_60,-1,-1,-1,-1,True
IDXMAX_RETON_60,-1,-1,-1,-1,True
daily_return_rankpct,1,1,1,1,True
rsi_6_rankpct,1,1,1,1,True
SKEW_LOGV_10,-1,-1,-1,-1,True
high_mean_20_rankpct,1,1,1,1,True
IND_CAPIT_PCT120,-1,-1,-1,-1,True
RESI_RETON_10,1,1,1,1,True
intraday_pos_lag_2_rankpct,1,1,1,1,True
illiq_lag_1_z,1,1,1,1,True
WMA_A_3,1,1,1,1,True
KURT_VWAP_30,-1,-1,-1,-1,True
volume_lag_15_z,-1,-1,-1,-1,True
WMA_RETID_10,-1,-1,-1,-1,True
RSQ_V_3,1,1,1,1,True
SLOPE_VWAP_60,-1,-1,-1,-1,True
MEAN_LOW_30,1,1,1,1,True
upper_shadow_ratio_z,1,1,1,1,True
DELTA_RETID_30,1,1,1,1,True
Q20_RETON_10,-1,-1,-1,-1,True
MAX_LOGV_5,-1,-1,-1,-1,True
SLOPE_RETON_3,-1,-1,-1,-1,True
macd_golden_cross_z,1,1,1,1,True
KURT_OPEN_20,-1,-1,-1,-1,True
return_lag_2,1,1,1,1,True
CAL_DOW_0,1,1,1,1,True
MIN_LOW_30,1,1,1,1,True
RESI_RETON_5,1,1,1,1,True
CORR_HLR_V_20,-1,-1,-1,-1,True
COV_CLOSE_LOGV_10,-1,-1,-1,-1,True
STR20,-1,-1,-1,-1,True
MED_RETID_3,-1,-1,-1,-1,True
SKEW_RETID_30,-1,-1,-1,-1,True
MED_CF_60,1,1,1,-1,False
IDXMIN_A_60,-1,-1,-1,-1,True
intraday_pos_lag_3_z,1,1,1,1,True
MIN_V_10,1,1,1,1,True
CAL_DOW_4,-1,-1,-1,-1,True
STD_RETID_30,-1,-1,-1,-1,True
LOG_PRICE,-1,-1,-1,-1,True
STD_LOGV_10,-1,-1,-1,-1,True
rsi_robust_z,1,1,1,1,True
MAX_CF_20,-1,-1,-1,-1,True
RSQ_LOW_20,-1,-1,-1,-1,True
REF_HIGH_3,-1,-1,-1,-1,True
SKEW_RETON_20,1,1,1,1,True
RSQ_VWAP_30,1,1,1,1,True
ret_intraday_lag_1,-1,-1,-1,-1,True
SLOPE_HLR_30,1,1,1,1,True
STD_R_30,-1,-1,-1,-1,True
MAX_A_5,1,1,1,1,True
SLOPE_HLR_3,-1,-1,-1,-1,True
RSQ_OPEN_30,-1,-1,-1,-1,True
MEAN_A_30,-1,-1,-1,-1,True
MEAN_VWAP_3,1,1,1,1,True
clv_rankpct,-1,-1,-1,-1,True
amihud_illiq_intraday_rankpct,1,1,1,1,True
MIN_HIGH_10,1,1,1,1,True
atr_z,1,1,1,1,True
macd_hist_direction_z,1,1,1,1,True
KURT_OPEN_30,-1,-1,-1,-1,True
COUNT_RETON_30,-1,-1,-1,-1,True
rsi_14,1,1,1,1,True
efficiency_ratio_rankpct,1,1,1,1,True
STD_CF_5,1,1,1,1,True
vol_divergence,-1,-1,-1,-1,True
MED_HIGH_60,1,1,1,1,True
RSQ_VWAP_5,1,1,1,1,True
Q20_RETON_30,-1,-1,-1,-1,True
DELTA_HLR_3,-1,-1,-1,-1,True
SLOPE_LOW_3,-1,-1,-1,-1,True
bb_middle_z,-1,1,1,1,False
MAX_RETID_30,1,1,1,1,True
return_lag_3,1,1,1,1,True
macd_hist_amplitude_z,1,-1,-1,-1,False
STD_VWAP_60,-1,-1,-1,-1,True
BP_IND_Z,1,1,1,1,True
STD_VWAP_3,1,1,1,1,True
STD_VWAP_20,1,1,1,1,True
Q20_RETID_20,1,1,1,1,True
EMA_LOW_10,1,1,1,1,True
RSQ_HLR_20,1,1,1,1,True
DIV_DIF_LIFT,1,1,1,1,True
DISPOSAL60,-1,-1,1,-1,False
rsi_oversold_6_z,-1,-1,1,-1,False
efficiency_ratio_lag_1,1,1,1,1,True
SKEW_CF_10,-1,-1,-1,-1,True
volume_ma_ratio,1,1,1,1,True
DELTA_RETID_3,1,1,1,1,True
rsi_6_z,1,1,1,1,True
KURT_LOW_10,-1,-1,-1,-1,True
Q20_R_3,-1,-1,-1,-1,True
MIN_HIGH_60,-1,-1,-1,-1,True
MED_LOGV_3,1,1,1,1,True
Q20_HLR_3,1,1,1,1,True
IDXMAX_HLR_30,-1,-1,-1,-1,True
vol_gk_lag_1_z,1,1,1,1,True
vol_gk_ratio_lag_5_z,-1,-1,-1,-1,True
STD_HIGH_3,1,1,1,1,True
MIN_RETID_60,-1,-1,-1,-1,True
smart_money_diff,-1,-1,-1,-1,True
MAX_HLR_5,-1,-1,-1,-1,True
