feature,importance,rank,kept
cs_n,0.19456272376374498,0,True
macd_death_cross_rankpct,0.09958640908371322,1,True
market_avg_amplitude_rankpct,0.09272561975546134,2,True
REGIME_CODE,0.09246022246534605,3,True
MKT_DD120,0.0718407231109566,4,True
LIMITUP_N_MKT,0.06882829524471953,5,True
day_of_year,0.04192875540266039,6,True
bb_squeeze_rankpct,0.04126111141685608,7,True
MKT_NH_NL_DIFF,0.03846436064761014,8,True
ma_arrangement_rankpct,0.03823889635083087,9,True
TREND_SLOPE_120,0.036742885855563276,10,True
MKT_VOL20_PCT,0.0365067127585,11,True
AMT20,0.03015870636715498,12,True
macd_zero_cross_down_rankpct,0.02998547135696244,13,True
STYLE_GV_RS60,0.028415301079809857,14,True
STYLE_SIZE_RS60,0.0281725484848829,15,True
MKT_DOWNLIMIT_Z,0.027168532076483988,16,True
MKT_AMT_PCT,0.026075785361008064,17,True
MKT_TURNOVER_PCTL,0.023993163944015506,18,True
LIMITUP_N_MKT_MA20,0.020297765123360605,19,True
RET120_20,0.018144199505308416,20,True
LN_FREE_MV,0.017790170463845695,21,True
rsi_overbought_24_rankpct,0.015800902828975453,22,True
MKT_SEAL_RATIO,0.01515009888763859,23,True
volume_z,0.01449466344572023,24,True
doji_pattern_rankpct,0.014095688623143587,25,True
MACD_DIF_NORM,0.01406370225097491,26,True
MEAN_R_60,0.012616986472954202,27,True
DIST_52W_HIGH,0.012231068811482667,28,True
SJV60,0.012172497860812771,29,True
IDXMIN_R_60,0.012144286631852616,30,True
STD_A_20,0.012087732028632428,31,True
MKT_RET20,0.011669435170643767,32,True
BREADTH_ADV5,0.011516326889604201,33,True
VOL_CONTRACTION60,0.010517957985100754,34,True
log_volume_z,0.010396354830555692,35,True
ABN_TURN_21_252,0.00966110784781451,36,True
MKT_TURNOVER_PCTL_EQW,0.009481847719368268,37,True
BREADTH_ABOVE_MA20,0.009315535943084572,38,True
RESI_LOW_30,0.009300920113488109,39,True
volume_ma_20_z,0.009234274359498541,40,True
week_of_year,0.008815467502860523,41,True
price_volume_divergence_rankpct,0.00870483306351508,42,True
COV_R_RIDX_10,0.008670341201963108,43,True
RSQ_CF_60,0.008174765448597982,44,True
hammer_pattern_rankpct,0.007764099034755063,45,True
DIV_ZERO_AXIS_DEPTH,0.007317426184673927,46,True
KURT_R_5,0.007310130972549754,47,True
MKT_AVG_CHANGE,0.007242175861060735,48,True
REF_LOW_60,0.007205455391742736,49,True
signed_vol_strength_rankpct,0.007130791617529694,50,True
rsi_overbought_14_rankpct,0.007119907144367901,51,True
RSQ_OPEN_60,0.00676939835764854,52,True
signed_vol_strength_z,0.006603164765448867,53,True
SLOPE_V_60,0.00657751907412281,54,True
MAX_LOGV_20,0.006548549248023484,55,True
COV_R_RIDX_5,0.006256522299272604,56,True
illiq,0.006239067465353534,57,True
MKT_RSI14,0.006074123952369791,58,True
RSQ_HIGH_60,0.006068631501202707,59,True
MKT_MA60,0.005948406544759338,60,True
rsi_oversold_24_rankpct,0.005925411184365968,61,True
DIV_DIF_LEVEL_L1,0.005699533429395113,62,True
CAL_MONTH_12,0.005697283289024763,63,True
macd_zero_cross_rankpct,0.005649222786695321,64,True
Q80_A_20,0.005495944105966638,65,True
rsi_overbought_6_rankpct,0.005440932110833309,66,True
SLOPE_CF_60,0.005188005316252252,67,True
volume_lag_25_z,0.004976114689346587,68,True
log_volume_rankpct,0.004893564297671862,69,True
COV_R_RIDX_30,0.004790824274720577,70,True
stoch_overbought_rankpct,0.004788963619226735,71,True
MIN_RETID_30,0.004706724809338482,72,True
MKT_SH_AMPLITUDE,0.004638421009367065,73,True
RESI_VWAP_30,0.004570496225115755,74,True
IDXMAX_OPEN_60,0.004561093523323868,75,True
MAX_A_3,0.0043450439976344055,76,True
ILLIQ20,0.004287185013682116,77,True
MKT_LIMITUP_PREM,0.00418902835316368,78,True
MA200_RATIO,0.0041103724275395786,79,True
IDXMIN_VWAP_20,0.004082701777520647,80,True
vol_divergence_rankpct,0.004041399490134082,81,True
MKT_LIMITUP_PREM_MA5,0.00399626621729366,82,True
COV_CLOSE_LOGV_20,0.003892911845237989,83,True
volatility_30d_rankpct,0.003869793973420361,84,True
signed_volume_strength_rankpct,0.0038618637182064653,85,True
MKT_SH_SZ_SYNC_STRENGTH,0.003796140017904933,86,True
CORR_CLOSE_RIDX_30,0.003766126109039495,87,True
rsi_oversold_6_rankpct,0.003738532286514398,88,True
CAL_HOLIDAY,0.0037240808726117266,89,True
DIV_PRICE_NEWLOW_DEPTH,0.0036854398025221538,90,True
SKEW_LOW_30,0.0036740624517617552,91,True
alpha12_z,0.0036127301634839367,92,True
CORR_R_A_60,0.0034859428358837968,93,True
SKEW60,0.003448977073799254,94,True
illiq_lag_5,0.00343746134878487,95,True
signed_volume_strength,0.003368706773760371,96,True
illiq_rankpct,0.0033578655413344562,97,True
day_of_month,0.0033569637869657397,98,True
macd_zero_cross_up_rankpct,0.0033133938376261676,99,True
volatility_5d,0.0032780488949500034,100,True
KURT_OPEN_60,0.0032220307146219236,101,True
macd_hist_acceleration_rankpct,0.003213916604296367,102,True
BREADTH_NEWLOW,0.0031982947956922057,103,True
volatility_25d_z,0.003178343485752288,104,True
CAL_DOW_1,0.0031429001622289097,105,True
RESI_VWAP_5,0.0031004028162097937,106,True
SLOPE_HLR_60,0.0030995908452239474,107,True
MKT_MEDIAN_RET20,0.00303665959140952,108,True
CORR_HLR_V_5,0.0029415522088959522,109,True
rsi_oversold_14_rankpct,0.0029260690803802666,110,True
quarter,0.0029200660283011347,111,True
STD_A_10,0.0028821572574584424,112,True
IDXMIN_RETON_30,0.0028646896909864106,113,True
illiq_lag_3_z,0.002858156292631868,114,True
RSQ_LOW_60,0.0028541766466290254,115,True
CAL_MONTH_POS,0.0028371643926062115,116,True
VSHRINK,0.00283437696583491,117,True
IDXMIN_VWAP_30,0.0028222893367998644,118,True
SLOPE_OPEN_20,0.0028181938143612604,119,True
SKEW_RETID_60,0.002772004362125145,120,True
KDJ_D,0.002755995895796657,121,True
RESI_VWAP_60,0.002662585188848528,122,True
MKT_SH_VOLUME_RATIO,0.00263068240337244,123,True
CORR_CLOSE_RIDX_20,0.0026267084438529116,124,True
MKT_SZ_AMPLITUDE,0.00261909117535559,125,True
volume_dryup_rankpct,0.0026149136062805257,126,True
DELTA_A_60,0.0026005727145713238,127,True
POS_52W,0.0025906239277112813,128,True
COV_R_RIDX_60,0.0025789112444062116,129,True
STD_LOGV_20,0.0025499502718191484,130,True
MAX5_20,0.0025466032718775514,131,True
ma_arrangement_z,0.002543569808343477,132,True
STD_V_30,0.002526656849005885,133,True
COV_R_RIDX_20,0.0025091535267455943,134,True
macd_signal_z,0.002493205146452322,135,True
EMA_HIGH_60,0.002467267694017657,136,True
distance_to_support_z,0.0024535750457382664,137,True
rsi_24_rankpct,0.00245145073263389,138,True
atr_ratio_z,0.0024376142717549196,139,True
MIN_CF_5,0.0024362204470995946,140,True
RESI_LOW_60,0.0023908638772771797,141,True
KURT_A_10,0.002313410536516145,142,True
intraday_pos_lag_1,0.0022978909783719762,143,True
RET60,0.002294820915658697,144,True
SKEW_RETID_20,0.0022922553552743746,145,True
KURT_LOW_60,0.0022105927562787613,146,True
IDXMAX_CF_30,0.0022089887254004583,147,True
IND_MOM20_EQW,0.0021984542780641805,148,True
RSQ_R_10,0.0021943533727065176,149,True
volume_ratio_z,0.0021765256275011,150,True
SLOPE_RETID_60,0.0021743834936170017,151,True
REF_LOGV_5,0.0021510704638906296,152,True
CORR_CLOSE_RIDX_10,0.002148131869844712,153,True
volume_lag_3_rankpct,0.0021331001226261755,154,True
MED_VWAP_20,0.002121815641072991,155,True
support_resistance_ratio_rankpct,0.002107296232105571,156,True
MKT_PROMOTE_RATE,0.0020967370513591673,157,True
MEAN_HLR_5,0.0020927794365612614,158,True
CORR_HLR_V_30,0.0020734406100072415,159,True
volume_ma20_z,0.0020497673048418996,160,True
RESI_HIGH_60,0.0020455913495386743,161,True
AMIHUD_TURN20,0.0020441993438186073,162,True
DELTA_V_60,0.001993578159305643,163,True
EMA_R_60,0.0019894297805398767,164,True
IND_BREADTH_MA60,0.0019859426396050452,165,True
MKT_SZ_VOLUME_RATIO,0.0019803370626965146,166,True
WMA_RETID_60,0.001979102098138679,167,True
volume_spike_rankpct,0.0019785580381512773,168,True
DELTA_OPEN_30,0.001941681946342904,169,True
DELTA_OPEN_60,0.0019352753619769404,170,True
vol_gk_ratio,0.0018985774746230772,171,True
KURT_VWAP_60,0.0018958452631584832,172,True
IDXMAX_LOW_20,0.0018938753040212526,173,True
distance_to_resistance_rankpct,0.001851290276137936,174,True
CORR_CLOSE_RIDX_60,0.0018066416076994555,175,True
intraday_pos_lag_3,0.0018044999228624184,176,True
SKEW_HIGH_5,0.001791085373128515,177,True
EMA_VWAP_3,0.0017643165220814724,178,True
MACD_HIST_AMP20,0.001744461876965819,179,True
illiq_lag_3_rankpct,0.001737876231605405,180,True
Q80_V_30,0.0017344325514950516,181,True
SKEW_HIGH_30,0.0017315469237912122,182,True
RESI_LOW_20,0.0016958961062707755,183,True
obv,0.0016953748460619914,184,True
CORR_R_V_60,0.0016927716913036205,185,True
volatility_20d_rankpct,0.0016886461412643791,186,True
MEAN_RETID_20,0.0016726955530458497,187,True
RSQ_R_30,0.0016488368342693635,188,True
DIST_52W_LOW,0.0016357667073593019,189,True
MKT_SH_PRICE_CHANGE_ABS,0.0016214582302100642,190,True
MKT_AVG_AMP,0.0016099102154029312,191,True
COV_HLR_LOGV_20,0.001597926585508531,192,True
support_resistance_ratio_lag_3_z,0.0015956097869911437,193,True
CORR_R_RIDX_10,0.001577133765459952,194,True
STD_V_60,0.0015728621675704265,195,True
DVOL,0.0015489949267571796,196,True
volume_lag_10_rankpct,0.0015466680742948437,197,True
RESI_CF_30,0.0015424990385402998,198,True
macd_above_signal_rankpct,0.0015264896328589515,199,True
SKEW_HLR_3,0.0015236253075088279,200,True
MACD_HIST,0.0014557370130501934,201,True
SLOPE_V_20,0.001453613124421062,202,True
KURT_HIGH_60,0.0014533728940062237,203,True
EMA_LOW_5,0.0014442210487720843,204,True
efficiency_ratio_z,0.001444020059931017,205,True
KURT_OPEN_5,0.0014428702769361257,206,True
EMA_RETON_60,0.001437044100459002,207,True
macd_hist_rankpct,0.0014270156470069567,208,True
MAX_LOGV_30,0.00141478847962932,209,True
MEAN_RETID_30,0.0013720302767269113,210,True
macd_hist_amplitude,0.001352140836013724,211,True
amplitude_rankpct,0.0013301687722654441,212,True
efficiency_ratio_lag_5,0.0013235570708984535,213,True
MKT_SZ_PRICE_CHANGE,0.0013148397575820947,214,True
SLOPE_VWAP_20,0.0013001567290594365,215,True
macd_golden_cross_rankpct,0.001299299057929841,216,True
EMA_RETID_60,0.0012918263027538396,217,True
RESI_A_60,0.0012774543880813844,218,True
RESID_MOM60,0.0012771175929220974,219,True
KURT_LOGV_60,0.0012744289119426507,220,True
CORR_CLOSE_A_5,0.0012740898302427903,221,True
RSQ_R_20,0.0012645812017016604,222,True
MKT_SZ_PRICE_CHANGE_ABS,0.0012596451156384211,223,True
T1_GAP,0.0012493854508594262,224,True
obv_z,0.0012487482655462589,225,True
COV_R_RIDX_3,0.0012476925625925235,226,True
price_vs_ma60_z,0.0012252071971147172,227,True
MED_V_20,0.0012199948232251285,228,True
IDXMIN_R_30,0.0012168380292788797,229,True
MED_RETID_30,0.0012147164350602843,230,True
macd_hist_acceleration_z,0.0012120347040439018,231,True
support_resistance_ratio_lag_5_rankpct,0.001210995596554823,232,True
MIN_V_60,0.0012102613788683948,233,True
SLOPE_LOGV_60,0.0011951883786738317,234,True
atr,0.0011951446550740828,235,True
EMA_HLR_60,0.001191869610663434,236,True
WMA_HLR_5,0.0011805225673058213,237,True
RESI_OPEN_30,0.0011763206116289246,238,True
COUNT_R_10,0.001174842745865598,239,True
macd_rankpct,0.0011711985615377534,240,True
TSRANK_HLR_30,0.0011700773746196064,241,True
SLOPE_A_20,0.0011643042704666971,242,True
GAP_VOL20,0.0011614092619450164,243,True
Q20_VWAP_5,0.001160485090276366,244,True
MIN_A_10,0.0011560901263799302,245,True
illiq_lag_1,0.0011472520721145002,246,True
MAX_LOGV_10,0.001144482711503512,247,True
IDXMAX_LOW_30,0.0011436137551824373,248,True
MIN_HLR_60,0.0011354728998959824,249,True
KURT_RETON_30,0.0011352405269262815,250,True
DELTA_HLR_60,0.0011271786008608948,251,True
DELTA_OPEN_20,0.001121330555611705,252,True
RSQ_HIGH_5,0.0011171731270276698,253,True
Q80_HLR_3,0.0011129041664906132,254,True
MED_RETID_10,0.0011123470617146942,255,True
SKEW_HIGH_60,0.0011108461088343237,256,True
CORR_R_RIDX_20,0.0011094130173483596,257,True
REF_LOGV_10,0.0011089218256179268,258,True
volatility_30d_z,0.0010997033638423667,259,True
atr_ratio_rankpct,0.0010913598581924074,260,True
volume_lag_5_z,0.001086086708170402,261,True
RSQ_HIGH_3,0.0010855781319770946,262,True
Q20_RETID_5,0.001079196936566419,263,True
KURT_HIGH_30,0.0010739954377621136,264,True
MAX_V_20,0.0010671645442378276,265,True
STD_A_30,0.0010434450982004912,266,True
COV_CLOSE_LOGV_30,0.001041297263787459,267,True
MIN_R_10,0.0010336479133234314,268,True
CORR_CLOSE_A_20,0.0010309049609456469,269,True
IND_EXCESS_RET20,0.0010302391933422268,270,True
REF_LOGV_30,0.0010231856360807731,271,True
MIN_RETID_3,0.001021038771278987,272,True
rsi_14_z,0.001012598273397642,273,True
RESI_OPEN_3,0.001012551786888683,274,True
Q80_RETID_60,0.00100737126770254,275,True
SKEW_CF_20,0.001006529982829827,276,True
SLOPE_LOGV_5,0.0009989408135118085,277,True
SLOPE_A_10,0.000996007834679518,278,True
distance_to_resistance_z,0.0009878942454834582,279,True
SLOPE_RETON_20,0.0009784285163703043,280,True
efficiency_ratio_lag_3_rankpct,0.000977191536141011,281,True
volume_trend_10,0.0009746646895158711,282,True
KURT_RETON_20,0.0009740830421384037,283,True
illiq_lag_3,0.000961323208125372,284,True
SKEW_V_30,0.0009467996693636034,285,True
close_lag_30,0.0009428663226225201,286,True
DELTA_RETID_20,0.0009420363686839369,287,True
KURT_CF_60,0.0009412583059540858,288,True
COV_R_LOGV_3,0.000929706347223229,289,True
MED_OPEN_60,0.0009275436299104903,290,True
Q80_RETON_10,0.0009218780071467079,291,True
SLOPE_LOGV_10,0.0009189577490949195,292,True
close_vs_high,0.0009156140457049156,293,True
Q80_OPEN_60,0.0009152188728536317,294,True
REF_VWAP_3,0.0009071403451059092,295,True
volatility_25d_rankpct,0.0009039296253953451,296,True
RSQ_A_3,0.0009003666162267163,297,True
macd_robust_z,0.0008840534566386154,298,True
Q20_RETID_10,0.000868785555445953,299,True
REBOUND_FROM_L2,0.0008657209667142724,300,True
RESI_CF_10,0.000855728634327315,301,True
price_vs_ma60_rankpct,0.0008503849728875199,302,True
Q20_LOW_10,0.0008471205272514186,303,True
MKT_SYNC_SCORE,0.0008348668633475871,304,True
efficiency_ratio,0.0008147591423760569,305,True
STD_R_3,0.00081080971194861,306,True
RESI_HIGH_30,0.0008076722587573618,307,True
rsi_momentum,0.0008011774111889667,308,True
CAL_DOW_2,0.0007985204991650543,309,True
KBAR_KUP,0.0007981995141629614,310,True
SKEW_VWAP_60,0.0007882444678551879,311,True
KURT_LOGV_5,0.0007864017049504708,312,True
STD_RETON_10,0.0007842704785115921,313,True
IDXMIN_HIGH_10,0.0007841880604329283,314,True
stoch_oversold_rankpct,0.0007756045494233478,315,True
CORR_R_V_5,0.0007701538161522486,316,True
volatility_25d,0.0007673950749588675,317,True
KURT_LOGV_10,0.0007656944435220991,318,True
support_resistance_ratio_lag_5_z,0.0007480705653637297,319,True
daily_return_z,0.0007469599561297075,320,True
CAL_MONTH_2,0.0007459414690862967,321,True
obv_trend_z,0.0007352515928237905,322,True
EMA_LOW_60,0.0007341937829924734,323,True
RET_ON,0.0007340172634934534,324,True
STD_RETID_20,0.0007334051582867069,325,True
REF_RETID_30,0.0007311804978430153,326,True
RSQ_OPEN_20,0.000714455933156328,327,True
RSQ_OPEN_3,0.0007075117557471643,328,True
MIN_LOW_60,0.0007051990316005055,329,True
SKEW_LOGV_60,0.0006890035160713022,330,True
DELTA_HLR_20,0.000687899463666964,331,True
REF_R_3,0.0006873949714339693,332,True
MIN_OPEN_60,0.0006869273934173184,333,True
volatility_3d,0.0006855488061587185,334,True
effective_spread,0.0006841749403242478,335,True
efficiency_ratio_lag_3_z,0.0006761698493453226,336,True
REF_RETON_3,0.0006720525514540967,337,True
rsi_24,0.0006715077077300849,338,True
volume_lag_15_rankpct,0.0006698739699131966,339,True
MED_LOGV_60,0.000668080311305216,340,True
price_trend_5_rankpct,0.0006653027316144333,341,True
SKEW_LOGV_30,0.0006651649803411867,342,True
RESI_CF_60,0.0006644309576132654,343,True
DELTA_HIGH_5,0.0006593578299373828,344,True
IDXMIN_CF_60,0.0006587980309549455,345,True
SKEW_OPEN_30,0.0006577456673722759,346,True
DELTA_RETID_60,0.0006567323068723439,347,True
price_vs_ma5_rankpct,0.000652839037759274,348,True
EMA_VWAP_60,0.0006508817257646177,349,True
CAL_MONTH_11,0.0006502558313231986,350,True
KURT_LOGV_30,0.0006482768044713748,351,True
KURT_CF_20,0.0006474625303511161,352,True
RESI_VWAP_10,0.0006455199172206614,353,True
ma_60,0.0006449071891716686,354,True
MED_LOW_60,0.0006435554325490315,355,True
SKEW_OPEN_3,0.0006365944509125649,356,True
macd_percentile_rankpct,0.0006170202806196056,357,True
engulfing_pattern_rankpct,0.0006143096307279502,358,True
KURT_RETON_60,0.0006106389049544901,359,True
DELTA_RETON_3,0.0006079671302389916,360,True
KURT60,0.0006014289388910798,361,True
MIN_CF_60,0.0005999524930690279,362,True
EP_TSRANK_500,0.00059889627688925,363,True
DELTA_VWAP_20,0.0005965488326538491,364,True
Q80_HLR_5,0.0005944644790720434,365,True
REF_RETID_3,0.000593669007640029,366,True
KURT_LOW_20,0.0005932934210756346,367,True
RESI_A_3,0.0005857436402622163,368,True
volatility_15d_rankpct,0.0005848468782968639,369,True
Q20_R_60,0.0005826826103951762,370,True
SLOPE_HLR_10,0.0005802630259797905,371,True
KURT_CF_5,0.0005736856705812046,372,True
macd_hist,0.0005695545653820384,373,True
price_vs_ma5_z,0.0005680324397427964,374,True
REBOUND_DAY_T,0.000564884487386681,375,True
SKEW_CF_30,0.000563316883391241,376,True
KBAR_KSFT,0.0005573376637706203,377,True
Q20_VWAP_60,0.0005558825205872163,378,True
MEAN_HLR_10,0.0005487871817288064,379,True
SKEW_R_30,0.0005465565138908103,380,True
RSQ_LOW_30,0.0005450897268755199,381,True
SKEW_A_5,0.0005440701290138699,382,True
MED_CF_3,0.0005400186147229605,383,True
RESI_R_5,0.0005369508074824964,384,True
Q80_VWAP_10,0.0005347324505787409,385,True
MEAN_HLR_30,0.0005290647663504948,386,True
UPPER_SHADOW_RATIO,0.0005230034858267466,387,True
dist_to_high_60_z,0.0005227668502623819,388,True
slowk,0.0005213364473850479,389,True
STD_OPEN_30,0.0005184057076929809,390,True
illiq_z,0.0005163785540080016,391,True
bb_position_z,0.0005148694619376324,392,True
ST_STATUS,0.0005140921961151052,393,True
MIN_R_3,0.0005125003998089016,394,True
SLOPE_LOW_5,0.0005104298632542279,395,True
rsi_24_z,0.0005099705774168414,396,True
RSQ_HLR_30,0.0005037596108917547,397,True
SLOPE_LOGV_30,0.0005028394335789882,398,True
MIN_LOGV_5,0.0005006751610082162,399,True
MEAN_RETON_60,0.0005002290161464085,400,True
RSQ_RETON_5,0.0004988831033719064,401,True
volume_lag_10_z,0.0004956269490079385,402,True
volatility_3d_z,0.0004937782070210344,403,True
RESI_V_3,0.000493204697555603,404,True
ret_intraday_z,0.0004914211695159166,405,True
RSQ_LOGV_20,0.0004882009518796032,406,True
MIN_R_5,0.0004878730537820682,407,True
AMT_SHRINK_PEAK,0.0004867272405610295,408,True
RET5,0.00048200786020102966,409,True
macd_z,0.00047944979974359867,410,True
MEAN_LOW_5,0.0004787089165913989,411,True
MED_A_20,0.000476325617957239,412,True
RESI_VWAP_20,0.00047568660170498283,413,True
IDXMIN_LOW_60,0.0004733075350679003,414,True
IDXMAX_RETON_60,0.00047162639163592015,415,True
daily_return_rankpct,0.00047068476486938335,416,True
rsi_6_rankpct,0.00046916521903596136,417,True
SKEW_LOGV_10,0.00046909520226013116,418,True
high_mean_20_rankpct,0.000455901049619846,419,True
IND_CAPIT_PCT120,0.00045419483240318273,420,True
RESI_RETON_10,0.00045275907618755383,421,True
intraday_pos_lag_2_rankpct,0.00045127998962280136,422,True
illiq_lag_1_z,0.0004502500072888405,423,True
WMA_A_3,0.00044260848249957815,424,True
KURT_VWAP_30,0.0004397596505902163,425,True
volume_lag_15_z,0.0004365645963843325,426,True
WMA_RETID_10,0.0004261685404459901,427,True
RSQ_V_3,0.0004247981342805483,428,True
SLOPE_VWAP_60,0.0004130775489780494,429,True
MEAN_LOW_30,0.0004043169272062782,430,True
upper_shadow_ratio_z,0.0004001044590663218,431,True
DELTA_RETID_30,0.00039580514424925983,432,True
Q20_RETON_10,0.0003954408493384805,433,True
MAX_LOGV_5,0.00039511157650410164,434,True
SLOPE_RETON_3,0.0003927992145148717,435,True
macd_golden_cross_z,0.00039091301589061934,436,True
KURT_OPEN_20,0.0003887939828097492,437,True
return_lag_2,0.00038521589950211055,438,True
CAL_DOW_0,0.0003848642245345671,439,True
MIN_LOW_30,0.0003820969207389232,440,True
RESI_RETON_5,0.0003795582370656994,441,True
CORR_HLR_V_20,0.00037580826427598563,442,True
COV_CLOSE_LOGV_10,0.00036878991648578235,443,True
STR20,0.0003680167859472741,444,True
MED_RETID_3,0.00036704725494130695,445,True
SKEW_RETID_30,0.00036663413205952213,446,True
MED_CF_60,0.00036569664295957316,447,True
IDXMIN_A_60,0.0003597764834560758,448,True
intraday_pos_lag_3_z,0.0003596313915737704,449,True
MIN_V_10,0.00035946813468155345,450,True
CAL_DOW_4,0.00035454876190856396,451,True
STD_RETID_30,0.0003542994922245689,452,True
LOG_PRICE,0.0003501665366365682,453,True
STD_LOGV_10,0.0003472771848320042,454,True
rsi_robust_z,0.00034642067436085184,455,True
MAX_CF_20,0.00034346837950841627,456,True
RSQ_LOW_20,0.0003394823035297352,457,True
REF_HIGH_3,0.00033795899878154366,458,True
SKEW_RETON_20,0.0003248732078584116,459,True
RSQ_VWAP_30,0.0003215127077380927,460,True
ret_intraday_lag_1,0.00032056575476605513,461,True
SLOPE_HLR_30,0.0003129456832299707,462,True
STD_R_30,0.00031247306289725713,463,True
MAX_A_5,0.0003098612047457279,464,True
SLOPE_HLR_3,0.0003085695720748605,465,True
RSQ_OPEN_30,0.0003064231923320931,466,True
MEAN_A_30,0.0003033025853782114,467,True
MEAN_VWAP_3,0.0002992571427337345,468,True
clv_rankpct,0.0002915224123997326,469,True
amihud_illiq_intraday_rankpct,0.0002904409220715817,470,True
MIN_HIGH_10,0.0002850804439628462,471,True
atr_z,0.00028228589077810906,472,True
macd_hist_direction_z,0.000281306528259128,473,True
KURT_OPEN_30,0.00028123386452044534,474,True
COUNT_RETON_30,0.00027952440922165154,475,True
rsi_14,0.000276241518120044,476,True
efficiency_ratio_rankpct,0.00027143193868329704,477,True
STD_CF_5,0.0002694609942284125,478,True
vol_divergence,0.0002648826792017896,479,True
MED_HIGH_60,0.0002641330733390679,480,True
RSQ_VWAP_5,0.00025610357121268103,481,True
Q20_RETON_30,0.0002523387165808904,482,True
DELTA_HLR_3,0.00024422591545722634,483,True
SLOPE_LOW_3,0.00024283922701887818,484,True
bb_middle_z,0.0002359478495793856,485,True
MAX_RETID_30,0.00023318866933191322,486,True
return_lag_3,0.00023084671954194962,487,True
macd_hist_amplitude_z,0.00022485171422123758,488,True
STD_VWAP_60,0.00022387047523763834,489,True
BP_IND_Z,0.00022347220958497587,490,True
STD_VWAP_3,0.00021005114300758833,491,True
STD_VWAP_20,0.00020490754448956427,492,True
Q20_RETID_20,0.00020204891494960846,493,True
EMA_LOW_10,0.00019929307205274053,494,True
RSQ_HLR_20,0.00019279354743579442,495,True
DIV_DIF_LIFT,0.0001888301093811527,496,True
DISPOSAL60,0.0001763005885676197,497,True
rsi_oversold_6_z,0.00016867351947072847,498,True
efficiency_ratio_lag_1,0.00016369154757469274,499,True
SKEW_CF_10,0.00016188595478806606,500,True
volume_ma_ratio,0.00016070355866705025,501,True
DELTA_RETID_3,0.00016000534302729554,502,True
rsi_6_z,0.00015739041591358486,503,True
KURT_LOW_10,0.00015413452716588774,504,True
Q20_R_3,0.00014944235592576286,505,True
MIN_HIGH_60,0.00014665880948472272,506,True
MED_LOGV_3,0.0001447417003115183,507,True
Q20_HLR_3,0.00014364388678037794,508,True
IDXMAX_HLR_30,0.00014156700122396613,509,True
vol_gk_lag_1_z,0.0001354806295668917,510,True
vol_gk_ratio_lag_5_z,0.00013345762047721458,511,True
STD_HIGH_3,0.00013274784113272565,512,True
MIN_RETID_60,0.00013006084406328775,513,True
smart_money_diff,0.00010451210926687153,514,True
MAX_HLR_5,0.00010386287501256162,515,True
AMIHUD_INTRADAY,0.0,516,False
AMP1,0.0,517,False
AMP20,0.0,518,False
ATRN,0.0,519,False
BBW_PCTILE250,0.0,520,False
BIAS20,0.0,521,False
BIAS60,0.0,522,False
BODY_STRENGTH,0.0,523,False
BOLL_SQUEEZE,0.0,524,False
CAL_DOW_3,0.0,525,False
CAL_MONTH_1,0.0,526,False
CAL_MONTH_10,0.0,527,False
CAL_MONTH_3,0.0,528,False
CAL_MONTH_4,0.0,529,False
CAL_MONTH_5,0.0,530,False
CAL_MONTH_6,0.0,531,False
CAL_MONTH_7,0.0,532,False
CAL_MONTH_8,0.0,533,False
CAL_MONTH_9,0.0,534,False
CLOSE_VS_HIGH,0.0,535,False
CNTD20,0.0,536,False
CONSEC_LIMITUP,0.0,537,False
CONSEC_SUSP_GAP,0.0,538,False
CORR_CLOSE_A_10,0.0,539,False
CORR_CLOSE_A_3,0.0,540,False
CORR_CLOSE_A_30,0.0,541,False
CORR_CLOSE_A_60,0.0,542,False
CORR_CLOSE_RIDX_3,0.0,543,False
CORR_CLOSE_RIDX_5,0.0,544,False
CORR_CLOSE_V_3,0.0,545,False
CORR_CLOSE_V_30,0.0,546,False
CORR_CLOSE_V_5,0.0,547,False
CORR_CLOSE_V_60,0.0,548,False
CORR_HLR_V_3,0.0,549,False
CORR_HLR_V_60,0.0,550,False
CORR_R_A_10,0.0,551,False
CORR_R_A_20,0.0,552,False
CORR_R_A_3,0.0,553,False
CORR_R_A_30,0.0,554,False
CORR_R_A_5,0.0,555,False
CORR_R_RIDX_3,0.0,556,False
CORR_R_RIDX_30,0.0,557,False
CORR_R_RIDX_5,0.0,558,False
CORR_R_RIDX_60,0.0,559,False
CORR_R_V_10,0.0,560,False
CORR_R_V_20,0.0,561,False
CORR_R_V_3,0.0,562,False
CORR_R_V_30,0.0,563,False
CORR_VWAP_V_20,0.0,564,False
CORR_VWAP_V_3,0.0,565,False
CORR_VWAP_V_30,0.0,566,False
CORR_VWAP_V_5,0.0,567,False
CORR_VWAP_V_60,0.0,568,False
COUNT_RETID_10,0.0,569,False
COUNT_RETID_20,0.0,570,False
COUNT_RETID_3,0.0,571,False
COUNT_RETID_30,0.0,572,False
COUNT_RETID_5,0.0,573,False
COUNT_RETID_60,0.0,574,False
COUNT_RETON_10,0.0,575,False
COUNT_RETON_20,0.0,576,False
COUNT_RETON_3,0.0,577,False
COUNT_RETON_5,0.0,578,False
COUNT_RETON_60,0.0,579,False
COUNT_R_20,0.0,580,False
COUNT_R_3,0.0,581,False
COUNT_R_30,0.0,582,False
COUNT_R_5,0.0,583,False
COUNT_R_60,0.0,584,False
COV_CLOSE_LOGV_3,0.0,585,False
COV_CLOSE_LOGV_5,0.0,586,False
COV_CLOSE_LOGV_60,0.0,587,False
COV_HLR_LOGV_10,0.0,588,False
COV_HLR_LOGV_3,0.0,589,False
COV_HLR_LOGV_30,0.0,590,False
COV_HLR_LOGV_5,0.0,591,False
COV_HLR_LOGV_60,0.0,592,False
COV_R_LOGV_10,0.0,593,False
COV_R_LOGV_20,0.0,594,False
COV_R_LOGV_30,0.0,595,False
COV_R_LOGV_5,0.0,596,False
CPV10,0.0,597,False
CPV20,0.0,598,False
CPV_TREND,0.0,599,False
CPV_VWAP10,0.0,600,False
CUMID20,0.0,601,False
CUMON20,0.0,602,False
DAYS_BELOW_PAR,0.0,603,False
DAYS_SINCE_L2,0.0,604,False
DELTA_A_10,0.0,605,False
DELTA_A_20,0.0,606,False
DELTA_A_3,0.0,607,False
DELTA_A_30,0.0,608,False
DELTA_A_5,0.0,609,False
DELTA_CF_10,0.0,610,False
DELTA_CF_20,0.0,611,False
DELTA_CF_3,0.0,612,False
DELTA_CF_30,0.0,613,False
DELTA_CF_5,0.0,614,False
DELTA_CF_60,0.0,615,False
DELTA_HIGH_10,0.0,616,False
DELTA_HIGH_20,0.0,617,False
DELTA_HIGH_3,0.0,618,False
DELTA_HIGH_30,0.0,619,False
DELTA_HIGH_60,0.0,620,False
DELTA_HLR_10,0.0,621,False
DELTA_HLR_30,0.0,622,False
DELTA_HLR_5,0.0,623,False
DELTA_LOGV_10,0.0,624,False
DELTA_LOGV_20,0.0,625,False
DELTA_LOGV_3,0.0,626,False
DELTA_LOGV_30,0.0,627,False
DELTA_LOGV_5,0.0,628,False
DELTA_LOGV_60,0.0,629,False
DELTA_LOW_10,0.0,630,False
DELTA_LOW_20,0.0,631,False
DELTA_LOW_3,0.0,632,False
DELTA_LOW_30,0.0,633,False
DELTA_LOW_5,0.0,634,False
DELTA_LOW_60,0.0,635,False
DELTA_OPEN_10,0.0,636,False
DELTA_OPEN_3,0.0,637,False
DELTA_OPEN_5,0.0,638,False
DELTA_RETID_10,0.0,639,False
DELTA_RETID_5,0.0,640,False
DELTA_RETON_10,0.0,641,False
DELTA_RETON_20,0.0,642,False
DELTA_RETON_30,0.0,643,False
DELTA_RETON_5,0.0,644,False
DELTA_RETON_60,0.0,645,False
DELTA_R_10,0.0,646,False
DELTA_R_20,0.0,647,False
DELTA_R_3,0.0,648,False
DELTA_R_30,0.0,649,False
DELTA_R_5,0.0,650,False
DELTA_R_60,0.0,651,False
DELTA_VWAP_10,0.0,652,False
DELTA_VWAP_3,0.0,653,False
DELTA_VWAP_30,0.0,654,False
DELTA_VWAP_5,0.0,655,False
DELTA_VWAP_60,0.0,656,False
DELTA_V_10,0.0,657,False
DELTA_V_20,0.0,658,False
DELTA_V_3,0.0,659,False
DELTA_V_30,0.0,660,False
DELTA_V_5,0.0,661,False
DIST_HIGH60,0.0,662,False
DIST_LIMIT,0.0,663,False
DIST_RESIST20,0.0,664,False
DIST_SUPPORT20,0.0,665,False
DIV_COUNT_120,0.0,666,False
DIV_DIF_SLOPE,0.0,667,False
DIV_GOLDEN_CROSS_STATE,0.0,668,False
DIV_HIST_AREA_SHRINK,0.0,669,False
DIV_HIST_TROUGH_SHRINK,0.0,670,False
DIV_SPAN_BARS,0.0,671,False
DIV_SPAN_VS_CYCLE,0.0,672,False
DOJI,0.0,673,False
DOWNLIMIT_UNSEALED,0.0,674,False
DOWN_DAY_PCT10,0.0,675,False
DOWN_STREAK,0.0,676,False
DSR20,0.0,677,False
DV_TTM,0.0,678,False
EFF_RATIO10,0.0,679,False
EMA_A_10,0.0,680,False
EMA_A_20,0.0,681,False
EMA_A_3,0.0,682,False
EMA_A_30,0.0,683,False
EMA_A_5,0.0,684,False
EMA_A_60,0.0,685,False
EMA_CF_10,0.0,686,False
EMA_CF_20,0.0,687,False
EMA_CF_3,0.0,688,False
EMA_CF_30,0.0,689,False
EMA_CF_5,0.0,690,False
EMA_CF_60,0.0,691,False
EMA_HIGH_10,0.0,692,False
EMA_HIGH_20,0.0,693,False
EMA_HIGH_3,0.0,694,False
EMA_HIGH_30,0.0,695,False
EMA_HIGH_5,0.0,696,False
EMA_HLR_10,0.0,697,False
EMA_HLR_20,0.0,698,False
EMA_HLR_3,0.0,699,False
EMA_HLR_30,0.0,700,False
EMA_HLR_5,0.0,701,False
EMA_LOGV_10,0.0,702,False
EMA_LOGV_20,0.0,703,False
EMA_LOGV_3,0.0,704,False
EMA_LOGV_30,0.0,705,False
EMA_LOGV_5,0.0,706,False
EMA_LOGV_60,0.0,707,False
EMA_LOW_20,0.0,708,False
EMA_LOW_3,0.0,709,False
EMA_LOW_30,0.0,710,False
EMA_OPEN_10,0.0,711,False
EMA_OPEN_20,0.0,712,False
EMA_OPEN_3,0.0,713,False
EMA_OPEN_5,0.0,714,False
EMA_RETID_10,0.0,715,False
EMA_RETID_20,0.0,716,False
EMA_RETID_3,0.0,717,False
EMA_RETID_30,0.0,718,False
EMA_RETID_5,0.0,719,False
EMA_RETON_10,0.0,720,False
EMA_RETON_20,0.0,721,False
EMA_RETON_3,0.0,722,False
EMA_RETON_30,0.0,723,False
EMA_RETON_5,0.0,724,False
EMA_R_10,0.0,725,False
EMA_R_20,0.0,726,False
EMA_R_3,0.0,727,False
EMA_R_30,0.0,728,False
EMA_R_5,0.0,729,False
EMA_VWAP_10,0.0,730,False
EMA_VWAP_20,0.0,731,False
EMA_VWAP_30,0.0,732,False
EMA_VWAP_5,0.0,733,False
EMA_V_10,0.0,734,False
EMA_V_20,0.0,735,False
EMA_V_3,0.0,736,False
EMA_V_30,0.0,737,False
EMA_V_5,0.0,738,False
EMA_V_60,0.0,739,False
ENGULFING,0.0,740,False
GAP_MEAN20,0.0,741,False
GK_VOL,0.0,742,False
GK_VOL_RATIO,0.0,743,False
HAMMER,0.0,744,False
HAMMER_L2,0.0,745,False
HLV_DIV10,0.0,746,False
HL_SPREAD,0.0,747,False
IDXMAX_A_10,0.0,748,False
IDXMAX_A_20,0.0,749,False
IDXMAX_A_3,0.0,750,False
IDXMAX_A_30,0.0,751,False
IDXMAX_A_5,0.0,752,False
IDXMAX_A_60,0.0,753,False
IDXMAX_CF_10,0.0,754,False
IDXMAX_CF_20,0.0,755,False
IDXMAX_CF_3,0.0,756,False
IDXMAX_CF_5,0.0,757,False
IDXMAX_CF_60,0.0,758,False
IDXMAX_HIGH_10,0.0,759,False
IDXMAX_HIGH_20,0.0,760,False
IDXMAX_HIGH_3,0.0,761,False
IDXMAX_HIGH_30,0.0,762,False
IDXMAX_HIGH_5,0.0,763,False
IDXMAX_HIGH_60,0.0,764,False
IDXMAX_HLR_10,0.0,765,False
IDXMAX_HLR_20,0.0,766,False
IDXMAX_HLR_3,0.0,767,False
IDXMAX_HLR_5,0.0,768,False
IDXMAX_HLR_60,0.0,769,False
IDXMAX_LOGV_10,0.0,770,False
IDXMAX_LOGV_20,0.0,771,False
IDXMAX_LOGV_3,0.0,772,False
IDXMAX_LOGV_30,0.0,773,False
IDXMAX_LOGV_5,0.0,774,False
IDXMAX_LOGV_60,0.0,775,False
IDXMAX_LOW_10,0.0,776,False
IDXMAX_LOW_3,0.0,777,False
IDXMAX_LOW_5,0.0,778,False
IDXMAX_LOW_60,0.0,779,False
IDXMAX_OPEN_10,0.0,780,False
IDXMAX_OPEN_20,0.0,781,False
IDXMAX_OPEN_3,0.0,782,False
IDXMAX_OPEN_30,0.0,783,False
IDXMAX_OPEN_5,0.0,784,False
IDXMAX_RETID_10,0.0,785,False
IDXMAX_RETID_20,0.0,786,False
IDXMAX_RETID_3,0.0,787,False
IDXMAX_RETID_30,0.0,788,False
IDXMAX_RETID_5,0.0,789,False
IDXMAX_RETID_60,0.0,790,False
IDXMAX_RETON_10,0.0,791,False
IDXMAX_RETON_20,0.0,792,False
IDXMAX_RETON_3,0.0,793,False
IDXMAX_RETON_30,0.0,794,False
IDXMAX_RETON_5,0.0,795,False
IDXMAX_R_10,0.0,796,False
IDXMAX_R_20,0.0,797,False
IDXMAX_R_3,0.0,798,False
IDXMAX_R_30,0.0,799,False
IDXMAX_R_5,0.0,800,False
IDXMAX_R_60,0.0,801,False
IDXMAX_VWAP_10,0.0,802,False
IDXMAX_VWAP_20,0.0,803,False
IDXMAX_VWAP_3,0.0,804,False
IDXMAX_VWAP_30,0.0,805,False
IDXMAX_VWAP_5,0.0,806,False
IDXMAX_VWAP_60,0.0,807,False
IDXMIN_A_10,0.0,808,False
IDXMIN_A_20,0.0,809,False
IDXMIN_A_3,0.0,810,False
IDXMIN_A_30,0.0,811,False
IDXMIN_A_5,0.0,812,False
IDXMIN_CF_10,0.0,813,False
IDXMIN_CF_20,0.0,814,False
IDXMIN_CF_3,0.0,815,False
IDXMIN_CF_30,0.0,816,False
IDXMIN_CF_5,0.0,817,False
IDXMIN_HIGH_20,0.0,818,False
IDXMIN_HIGH_3,0.0,819,False
IDXMIN_HIGH_30,0.0,820,False
IDXMIN_HIGH_5,0.0,821,False
IDXMIN_HIGH_60,0.0,822,False
IDXMIN_HLR_10,0.0,823,False
IDXMIN_HLR_20,0.0,824,False
IDXMIN_HLR_3,0.0,825,False
IDXMIN_HLR_30,0.0,826,False
IDXMIN_HLR_5,0.0,827,False
IDXMIN_HLR_60,0.0,828,False
IDXMIN_LOGV_10,0.0,829,False
IDXMIN_LOGV_20,0.0,830,False
IDXMIN_LOGV_3,0.0,831,False
IDXMIN_LOGV_30,0.0,832,False
IDXMIN_LOGV_5,0.0,833,False
IDXMIN_LOGV_60,0.0,834,False
IDXMIN_LOW_10,0.0,835,False
IDXMIN_LOW_3,0.0,836,False
IDXMIN_LOW_30,0.0,837,False
IDXMIN_LOW_5,0.0,838,False
IDXMIN_OPEN_10,0.0,839,False
IDXMIN_OPEN_20,0.0,840,False
IDXMIN_OPEN_3,0.0,841,False
IDXMIN_OPEN_30,0.0,842,False
IDXMIN_OPEN_5,0.0,843,False
IDXMIN_OPEN_60,0.0,844,False
IDXMIN_RETID_10,0.0,845,False
IDXMIN_RETID_20,0.0,846,False
IDXMIN_RETID_3,0.0,847,False
IDXMIN_RETID_30,0.0,848,False
IDXMIN_RETID_5,0.0,849,False
IDXMIN_RETID_60,0.0,850,False
IDXMIN_RETON_10,0.0,851,False
IDXMIN_RETON_20,0.0,852,False
IDXMIN_RETON_3,0.0,853,False
IDXMIN_RETON_5,0.0,854,False
IDXMIN_RETON_60,0.0,855,False
IDXMIN_R_10,0.0,856,False
IDXMIN_R_20,0.0,857,False
IDXMIN_R_3,0.0,858,False
IDXMIN_R_5,0.0,859,False
IDXMIN_VWAP_10,0.0,860,False
IDXMIN_VWAP_3,0.0,861,False
IDXMIN_VWAP_5,0.0,862,False
IDXMIN_VWAP_60,0.0,863,False
IMIN20,0.0,864,False
IMXD20,0.0,865,False
INFO_DISC20,0.0,866,False
JUMPFREQ60,0.0,867,False
KBAR_KLEN,0.0,868,False
KBAR_KLOW,0.0,869,False
KBAR_KLOW2,0.0,870,False
KDJ_J,0.0,871,False
KDJ_K,0.0,872,False
KURT_A_20,0.0,873,False
KURT_A_3,0.0,874,False
KURT_A_30,0.0,875,False
KURT_A_5,0.0,876,False
KURT_A_60,0.0,877,False
KURT_CF_10,0.0,878,False
KURT_CF_3,0.0,879,False
KURT_CF_30,0.0,880,False
KURT_CLOSE_3,0.0,881,False
KURT_HIGH_10,0.0,882,False
KURT_HIGH_20,0.0,883,False
KURT_HIGH_3,0.0,884,False
KURT_HIGH_5,0.0,885,False
KURT_HLR_10,0.0,886,False
KURT_HLR_20,0.0,887,False
KURT_HLR_3,0.0,888,False
KURT_HLR_30,0.0,889,False
KURT_HLR_5,0.0,890,False
KURT_HLR_60,0.0,891,False
KURT_LOGV_20,0.0,892,False
KURT_LOGV_3,0.0,893,False
KURT_LOW_3,0.0,894,False
KURT_LOW_30,0.0,895,False
KURT_LOW_5,0.0,896,False
KURT_OPEN_10,0.0,897,False
KURT_OPEN_3,0.0,898,False
KURT_RETID_10,0.0,899,False
KURT_RETID_20,0.0,900,False
KURT_RETID_3,0.0,901,False
KURT_RETID_30,0.0,902,False
KURT_RETID_5,0.0,903,False
KURT_RETID_60,0.0,904,False
KURT_RETON_10,0.0,905,False
KURT_RETON_3,0.0,906,False
KURT_RETON_5,0.0,907,False
KURT_R_10,0.0,908,False
KURT_R_20,0.0,909,False
KURT_R_3,0.0,910,False
KURT_R_30,0.0,911,False
KURT_VWAP_10,0.0,912,False
KURT_VWAP_20,0.0,913,False
KURT_VWAP_3,0.0,914,False
KURT_VWAP_5,0.0,915,False
KURT_V_10,0.0,916,False
KURT_V_20,0.0,917,False
KURT_V_3,0.0,918,False
KURT_V_30,0.0,919,False
KURT_V_5,0.0,920,False
KURT_V_60,0.0,921,False
LIMITCNT20,0.0,922,False
LIMITDOWN_CNT20,0.0,923,False
LIMITUP_SEALED_EXACT,0.0,924,False
LIMITUP_SEALED_SRC,0.0,925,False
LIST_AGE,0.0,926,False
LOWER_SHADOW_L2,0.0,927,False
MA200_ABOVE,0.0,928,False
MACD_GOLDEN_CROSS,0.0,929,False
MACD_HIST_SLOPE5,0.0,930,False
MACD_ZERO_CROSS,0.0,931,False
MAX20,0.0,932,False
MAX_A_10,0.0,933,False
MAX_A_20,0.0,934,False
MAX_A_30,0.0,935,False
MAX_A_60,0.0,936,False
MAX_CF_10,0.0,937,False
MAX_CF_3,0.0,938,False
MAX_CF_30,0.0,939,False
MAX_CF_5,0.0,940,False
MAX_CF_60,0.0,941,False
MAX_HIGH_10,0.0,942,False
MAX_HIGH_3,0.0,943,False
MAX_HIGH_30,0.0,944,False
MAX_HIGH_5,0.0,945,False
MAX_HIGH_60,0.0,946,False
MAX_HLR_10,0.0,947,False
MAX_HLR_20,0.0,948,False
MAX_HLR_3,0.0,949,False
MAX_HLR_30,0.0,950,False
MAX_HLR_60,0.0,951,False
MAX_LOGV_3,0.0,952,False
MAX_LOGV_60,0.0,953,False
MAX_LOW_10,0.0,954,False
MAX_LOW_20,0.0,955,False
MAX_LOW_3,0.0,956,False
MAX_LOW_30,0.0,957,False
MAX_LOW_5,0.0,958,False
MAX_LOW_60,0.0,959,False
MAX_OPEN_10,0.0,960,False
MAX_OPEN_20,0.0,961,False
MAX_OPEN_3,0.0,962,False
MAX_OPEN_30,0.0,963,False
MAX_OPEN_5,0.0,964,False
MAX_OPEN_60,0.0,965,False
MAX_RETID_10,0.0,966,False
MAX_RETID_20,0.0,967,False
MAX_RETID_3,0.0,968,False
MAX_RETID_5,0.0,969,False
MAX_RETID_60,0.0,970,False
MAX_RETON_10,0.0,971,False
MAX_RETON_20,0.0,972,False
MAX_RETON_3,0.0,973,False
MAX_RETON_30,0.0,974,False
MAX_RETON_5,0.0,975,False
MAX_R_10,0.0,976,False
MAX_R_3,0.0,977,False
MAX_R_30,0.0,978,False
MAX_R_5,0.0,979,False
MAX_VWAP_10,0.0,980,False
MAX_VWAP_20,0.0,981,False
MAX_VWAP_3,0.0,982,False
MAX_VWAP_30,0.0,983,False
MAX_VWAP_5,0.0,984,False
MAX_VWAP_60,0.0,985,False
MAX_V_10,0.0,986,False
MAX_V_3,0.0,987,False
MAX_V_30,0.0,988,False
MAX_V_5,0.0,989,False
MAX_V_60,0.0,990,False
MA_STACK,0.0,991,False
MEAN_A_10,0.0,992,False
MEAN_A_20,0.0,993,False
MEAN_A_3,0.0,994,False
MEAN_A_5,0.0,995,False
MEAN_A_60,0.0,996,False
MEAN_CF_10,0.0,997,False
MEAN_CF_20,0.0,998,False
MEAN_CF_3,0.0,999,False
MEAN_CF_30,0.0,1000,False
MEAN_CF_5,0.0,1001,False
MEAN_CF_60,0.0,1002,False
MEAN_HIGH_10,0.0,1003,False
MEAN_HIGH_20,0.0,1004,False
MEAN_HIGH_3,0.0,1005,False
MEAN_HIGH_30,0.0,1006,False
MEAN_HIGH_5,0.0,1007,False
MEAN_HIGH_60,0.0,1008,False
MEAN_HLR_20,0.0,1009,False
MEAN_HLR_3,0.0,1010,False
MEAN_HLR_60,0.0,1011,False
MEAN_LOGV_10,0.0,1012,False
MEAN_LOGV_20,0.0,1013,False
MEAN_LOGV_3,0.0,1014,False
MEAN_LOGV_30,0.0,1015,False
MEAN_LOGV_5,0.0,1016,False
MEAN_LOGV_60,0.0,1017,False
MEAN_LOW_10,0.0,1018,False
MEAN_LOW_20,0.0,1019,False
MEAN_LOW_3,0.0,1020,False
MEAN_LOW_60,0.0,1021,False
MEAN_OPEN_10,0.0,1022,False
MEAN_OPEN_20,0.0,1023,False
MEAN_OPEN_3,0.0,1024,False
MEAN_OPEN_30,0.0,1025,False
MEAN_OPEN_5,0.0,1026,False
MEAN_RETID_10,0.0,1027,False
MEAN_RETID_3,0.0,1028,False
MEAN_RETID_5,0.0,1029,False
MEAN_RETID_60,0.0,1030,False
MEAN_RETON_10,0.0,1031,False
MEAN_RETON_3,0.0,1032,False
MEAN_RETON_30,0.0,1033,False
MEAN_RETON_5,0.0,1034,False
MEAN_R_10,0.0,1035,False
MEAN_R_20,0.0,1036,False
MEAN_R_3,0.0,1037,False
MEAN_R_30,0.0,1038,False
MEAN_R_5,0.0,1039,False
MEAN_VWAP_10,0.0,1040,False
MEAN_VWAP_20,0.0,1041,False
MEAN_VWAP_30,0.0,1042,False
MEAN_VWAP_5,0.0,1043,False
MEAN_VWAP_60,0.0,1044,False
MEAN_V_10,0.0,1045,False
MEAN_V_20,0.0,1046,False
MEAN_V_3,0.0,1047,False
MEAN_V_30,0.0,1048,False
MEAN_V_5,0.0,1049,False
MEAN_V_60,0.0,1050,False
MED_A_10,0.0,1051,False
MED_A_3,0.0,1052,False
MED_A_30,0.0,1053,False
MED_A_5,0.0,1054,False
MED_A_60,0.0,1055,False
MED_CF_10,0.0,1056,False
MED_CF_20,0.0,1057,False
MED_CF_30,0.0,1058,False
MED_CF_5,0.0,1059,False
MED_HIGH_10,0.0,1060,False
MED_HIGH_20,0.0,1061,False
MED_HIGH_3,0.0,1062,False
MED_HIGH_30,0.0,1063,False
MED_HIGH_5,0.0,1064,False
MED_HLR_10,0.0,1065,False
MED_HLR_20,0.0,1066,False
MED_HLR_3,0.0,1067,False
MED_HLR_30,0.0,1068,False
MED_HLR_5,0.0,1069,False
MED_HLR_60,0.0,1070,False
MED_LOGV_10,0.0,1071,False
MED_LOGV_20,0.0,1072,False
MED_LOGV_30,0.0,1073,False
MED_LOGV_5,0.0,1074,False
MED_LOW_10,0.0,1075,False
MED_LOW_20,0.0,1076,False
MED_LOW_3,0.0,1077,False
MED_LOW_30,0.0,1078,False
MED_LOW_5,0.0,1079,False
MED_OPEN_10,0.0,1080,False
MED_OPEN_20,0.0,1081,False
MED_OPEN_3,0.0,1082,False
MED_OPEN_30,0.0,1083,False
MED_OPEN_5,0.0,1084,False
MED_RETID_20,0.0,1085,False
MED_RETID_5,0.0,1086,False
MED_RETID_60,0.0,1087,False
MED_RETON_10,0.0,1088,False
MED_RETON_20,0.0,1089,False
MED_RETON_3,0.0,1090,False
MED_RETON_30,0.0,1091,False
MED_RETON_5,0.0,1092,False
MED_RETON_60,0.0,1093,False
MED_R_10,0.0,1094,False
MED_R_20,0.0,1095,False
MED_R_3,0.0,1096,False
MED_R_30,0.0,1097,False
MED_R_5,0.0,1098,False
MED_R_60,0.0,1099,False
MED_VWAP_10,0.0,1100,False
MED_VWAP_3,0.0,1101,False
MED_VWAP_30,0.0,1102,False
MED_VWAP_5,0.0,1103,False
MED_VWAP_60,0.0,1104,False
MED_V_10,0.0,1105,False
MED_V_3,0.0,1106,False
MED_V_30,0.0,1107,False
MED_V_5,0.0,1108,False
MED_V_60,0.0,1109,False
MIN20,0.0,1110,False
MIN_A_20,0.0,1111,False
MIN_A_3,0.0,1112,False
MIN_A_30,0.0,1113,False
MIN_A_5,0.0,1114,False
MIN_A_60,0.0,1115,False
MIN_CF_10,0.0,1116,False
MIN_CF_20,0.0,1117,False
MIN_CF_3,0.0,1118,False
MIN_CF_30,0.0,1119,False
MIN_HIGH_20,0.0,1120,False
MIN_HIGH_3,0.0,1121,False
MIN_HIGH_30,0.0,1122,False
MIN_HIGH_5,0.0,1123,False
MIN_HLR_10,0.0,1124,False
MIN_HLR_20,0.0,1125,False
MIN_HLR_3,0.0,1126,False
MIN_HLR_30,0.0,1127,False
MIN_HLR_5,0.0,1128,False
MIN_LOGV_10,0.0,1129,False
MIN_LOGV_20,0.0,1130,False
MIN_LOGV_3,0.0,1131,False
MIN_LOGV_30,0.0,1132,False
MIN_LOGV_60,0.0,1133,False
MIN_LOW_10,0.0,1134,False
MIN_LOW_3,0.0,1135,False
MIN_LOW_5,0.0,1136,False
MIN_OPEN_10,0.0,1137,False
MIN_OPEN_20,0.0,1138,False
MIN_OPEN_3,0.0,1139,False
MIN_OPEN_30,0.0,1140,False
MIN_OPEN_5,0.0,1141,False
MIN_RETID_10,0.0,1142,False
MIN_RETID_20,0.0,1143,False
MIN_RETID_5,0.0,1144,False
MIN_RETON_10,0.0,1145,False
MIN_RETON_20,0.0,1146,False
MIN_RETON_3,0.0,1147,False
MIN_RETON_30,0.0,1148,False
MIN_RETON_5,0.0,1149,False
MIN_RETON_60,0.0,1150,False
MIN_R_30,0.0,1151,False
MIN_R_60,0.0,1152,False
MIN_VWAP_10,0.0,1153,False
MIN_VWAP_20,0.0,1154,False
MIN_VWAP_3,0.0,1155,False
MIN_VWAP_30,0.0,1156,False
MIN_VWAP_5,0.0,1157,False
MIN_VWAP_60,0.0,1158,False
MIN_V_20,0.0,1159,False
MIN_V_3,0.0,1160,False
MIN_V_30,0.0,1161,False
MIN_V_5,0.0,1162,False
MKT_NH_NL_RATIO,0.0,1163,False
MKT_SENTIMENT,0.0,1164,False
MKT_SH_PRICE_CHANGE,0.0,1165,False
MKT_SH_SENTIMENT,0.0,1166,False
MKT_SH_SZ_SYNC_DIRECTION,0.0,1167,False
MKT_SH_VOLUME_SIGNAL,0.0,1168,False
MKT_SZ_SENTIMENT,0.0,1169,False
MKT_SZ_VOLUME_SIGNAL,0.0,1170,False
NEW_LISTING,0.0,1171,False
OBV_DIV,0.0,1172,False
OBV_TREND,0.0,1173,False
ONEWORD_LIMITUP,0.0,1174,False
PARK20,0.0,1175,False
PCTB,0.0,1176,False
PRICE_IMPACT,0.0,1177,False
PRICE_TREND5,0.0,1178,False
PVR20,0.0,1179,False
Q20_A_10,0.0,1180,False
Q20_A_20,0.0,1181,False
Q20_A_3,0.0,1182,False
Q20_A_30,0.0,1183,False
Q20_A_5,0.0,1184,False
Q20_A_60,0.0,1185,False
Q20_CF_10,0.0,1186,False
Q20_CF_20,0.0,1187,False
Q20_CF_3,0.0,1188,False
Q20_CF_30,0.0,1189,False
Q20_CF_5,0.0,1190,False
Q20_CF_60,0.0,1191,False
Q20_HIGH_10,0.0,1192,False
Q20_HIGH_20,0.0,1193,False
Q20_HIGH_3,0.0,1194,False
Q20_HIGH_30,0.0,1195,False
Q20_HIGH_5,0.0,1196,False
Q20_HIGH_60,0.0,1197,False
Q20_HLR_10,0.0,1198,False
Q20_HLR_20,0.0,1199,False
Q20_HLR_30,0.0,1200,False
Q20_HLR_5,0.0,1201,False
Q20_HLR_60,0.0,1202,False
Q20_LOGV_10,0.0,1203,False
Q20_LOGV_20,0.0,1204,False
Q20_LOGV_3,0.0,1205,False
Q20_LOGV_30,0.0,1206,False
Q20_LOGV_5,0.0,1207,False
Q20_LOGV_60,0.0,1208,False
Q20_LOW_20,0.0,1209,False
Q20_LOW_3,0.0,1210,False
Q20_LOW_30,0.0,1211,False
Q20_LOW_5,0.0,1212,False
Q20_LOW_60,0.0,1213,False
Q20_OPEN_10,0.0,1214,False
Q20_OPEN_20,0.0,1215,False
Q20_OPEN_3,0.0,1216,False
Q20_OPEN_30,0.0,1217,False
Q20_OPEN_5,0.0,1218,False
Q20_OPEN_60,0.0,1219,False
Q20_RETID_3,0.0,1220,False
Q20_RETID_30,0.0,1221,False
Q20_RETID_60,0.0,1222,False
Q20_RETON_20,0.0,1223,False
Q20_RETON_3,0.0,1224,False
Q20_RETON_5,0.0,1225,False
Q20_RETON_60,0.0,1226,False
Q20_R_10,0.0,1227,False
Q20_R_20,0.0,1228,False
Q20_R_30,0.0,1229,False
Q20_R_5,0.0,1230,False
Q20_VWAP_10,0.0,1231,False
Q20_VWAP_20,0.0,1232,False
Q20_VWAP_3,0.0,1233,False
Q20_VWAP_30,0.0,1234,False
Q20_V_10,0.0,1235,False
Q20_V_20,0.0,1236,False
Q20_V_3,0.0,1237,False
Q20_V_30,0.0,1238,False
Q20_V_5,0.0,1239,False
Q20_V_60,0.0,1240,False
Q80_A_10,0.0,1241,False
Q80_A_3,0.0,1242,False
Q80_A_30,0.0,1243,False
Q80_A_5,0.0,1244,False
Q80_A_60,0.0,1245,False
Q80_CF_10,0.0,1246,False
Q80_CF_20,0.0,1247,False
Q80_CF_3,0.0,1248,False
Q80_CF_30,0.0,1249,False
Q80_CF_5,0.0,1250,False
Q80_CF_60,0.0,1251,False
Q80_HIGH_10,0.0,1252,False
Q80_HIGH_20,0.0,1253,False
Q80_HIGH_3,0.0,1254,False
Q80_HIGH_30,0.0,1255,False
Q80_HIGH_5,0.0,1256,False
Q80_HIGH_60,0.0,1257,False
Q80_HLR_10,0.0,1258,False
Q80_HLR_20,0.0,1259,False
Q80_HLR_30,0.0,1260,False
Q80_HLR_60,0.0,1261,False
Q80_LOGV_10,0.0,1262,False
Q80_LOGV_20,0.0,1263,False
Q80_LOGV_3,0.0,1264,False
Q80_LOGV_30,0.0,1265,False
Q80_LOGV_5,0.0,1266,False
Q80_LOGV_60,0.0,1267,False
Q80_LOW_10,0.0,1268,False
Q80_LOW_20,0.0,1269,False
Q80_LOW_3,0.0,1270,False
Q80_LOW_30,0.0,1271,False
Q80_LOW_5,0.0,1272,False
Q80_LOW_60,0.0,1273,False
Q80_OPEN_10,0.0,1274,False
Q80_OPEN_20,0.0,1275,False
Q80_OPEN_3,0.0,1276,False
Q80_OPEN_30,0.0,1277,False
Q80_OPEN_5,0.0,1278,False
Q80_RETID_10,0.0,1279,False
Q80_RETID_20,0.0,1280,False
Q80_RETID_3,0.0,1281,False
Q80_RETID_30,0.0,1282,False
Q80_RETID_5,0.0,1283,False
Q80_RETON_20,0.0,1284,False
Q80_RETON_3,0.0,1285,False
Q80_RETON_30,0.0,1286,False
Q80_RETON_5,0.0,1287,False
Q80_RETON_60,0.0,1288,False
Q80_R_10,0.0,1289,False
Q80_R_20,0.0,1290,False
Q80_R_3,0.0,1291,False
Q80_R_30,0.0,1292,False
Q80_R_5,0.0,1293,False
Q80_R_60,0.0,1294,False
Q80_VWAP_20,0.0,1295,False
Q80_VWAP_3,0.0,1296,False
Q80_VWAP_30,0.0,1297,False
Q80_VWAP_5,0.0,1298,False
Q80_VWAP_60,0.0,1299,False
Q80_V_10,0.0,1300,False
Q80_V_20,0.0,1301,False
Q80_V_3,0.0,1302,False
Q80_V_5,0.0,1303,False
Q80_V_60,0.0,1304,False
REF_HIGH_10,0.0,1305,False
REF_HIGH_20,0.0,1306,False
REF_HIGH_30,0.0,1307,False
REF_HIGH_5,0.0,1308,False
REF_HLR_10,0.0,1309,False
REF_HLR_20,0.0,1310,False
REF_HLR_3,0.0,1311,False
REF_HLR_30,0.0,1312,False
REF_HLR_5,0.0,1313,False
REF_HLR_60,0.0,1314,False
REF_LOGV_20,0.0,1315,False
REF_LOGV_3,0.0,1316,False
REF_LOGV_60,0.0,1317,False
REF_LOW_10,0.0,1318,False
REF_LOW_20,0.0,1319,False
REF_LOW_3,0.0,1320,False
REF_LOW_30,0.0,1321,False
REF_LOW_5,0.0,1322,False
REF_OPEN_10,0.0,1323,False
REF_OPEN_20,0.0,1324,False
REF_OPEN_3,0.0,1325,False
REF_OPEN_30,0.0,1326,False
REF_OPEN_5,0.0,1327,False
REF_OPEN_60,0.0,1328,False
REF_RETID_10,0.0,1329,False
REF_RETID_20,0.0,1330,False
REF_RETID_5,0.0,1331,False
REF_RETID_60,0.0,1332,False
REF_RETON_10,0.0,1333,False
REF_RETON_20,0.0,1334,False
REF_RETON_30,0.0,1335,False
REF_RETON_5,0.0,1336,False
REF_RETON_60,0.0,1337,False
REF_R_10,0.0,1338,False
REF_R_20,0.0,1339,False
REF_R_30,0.0,1340,False
REF_R_5,0.0,1341,False
REF_R_60,0.0,1342,False
REF_VWAP_10,0.0,1343,False
REF_VWAP_20,0.0,1344,False
REF_VWAP_30,0.0,1345,False
REF_VWAP_5,0.0,1346,False
RESID_MOM60_INDNA,0.0,1347,False
RESID_MOM60_MKSRC,0.0,1348,False
RESI_A_10,0.0,1349,False
RESI_A_20,0.0,1350,False
RESI_A_30,0.0,1351,False
RESI_A_5,0.0,1352,False
RESI_CF_20,0.0,1353,False
RESI_CF_3,0.0,1354,False
RESI_CF_5,0.0,1355,False
RESI_HIGH_10,0.0,1356,False
RESI_HIGH_20,0.0,1357,False
RESI_HIGH_3,0.0,1358,False
RESI_HIGH_5,0.0,1359,False
RESI_HLR_10,0.0,1360,False
RESI_HLR_20,0.0,1361,False
RESI_HLR_3,0.0,1362,False
RESI_HLR_30,0.0,1363,False
RESI_HLR_5,0.0,1364,False
RESI_HLR_60,0.0,1365,False
RESI_LOGV_10,0.0,1366,False
RESI_LOGV_20,0.0,1367,False
RESI_LOGV_3,0.0,1368,False
RESI_LOGV_30,0.0,1369,False
RESI_LOGV_5,0.0,1370,False
RESI_LOGV_60,0.0,1371,False
RESI_LOW_10,0.0,1372,False
RESI_LOW_3,0.0,1373,False
RESI_LOW_5,0.0,1374,False
RESI_OPEN_10,0.0,1375,False
RESI_OPEN_20,0.0,1376,False
RESI_OPEN_5,0.0,1377,False
RESI_OPEN_60,0.0,1378,False
RESI_RETID_10,0.0,1379,False
RESI_RETID_20,0.0,1380,False
RESI_RETID_3,0.0,1381,False
RESI_RETID_30,0.0,1382,False
RESI_RETID_5,0.0,1383,False
RESI_RETID_60,0.0,1384,False
RESI_RETON_20,0.0,1385,False
RESI_RETON_3,0.0,1386,False
RESI_RETON_30,0.0,1387,False
RESI_RETON_60,0.0,1388,False
RESI_R_10,0.0,1389,False
RESI_R_20,0.0,1390,False
RESI_R_3,0.0,1391,False
RESI_R_30,0.0,1392,False
RESI_R_60,0.0,1393,False
RESI_VWAP_3,0.0,1394,False
RESI_V_10,0.0,1395,False
RESI_V_20,0.0,1396,False
RESI_V_30,0.0,1397,False
RESI_V_5,0.0,1398,False
RESI_V_60,0.0,1399,False
RET1,0.0,1400,False
RET10,0.0,1401,False
RET20,0.0,1402,False
RET20_CSR,0.0,1403,False
RET_ID,0.0,1404,False
RSI14,0.0,1405,False
RSI6,0.0,1406,False
RSI_DIV,0.0,1407,False
RSI_OVERSOLD_DAYS,0.0,1408,False
RSQ_A_10,0.0,1409,False
RSQ_A_20,0.0,1410,False
RSQ_A_30,0.0,1411,False
RSQ_A_5,0.0,1412,False
RSQ_A_60,0.0,1413,False
RSQ_CF_10,0.0,1414,False
RSQ_CF_20,0.0,1415,False
RSQ_CF_3,0.0,1416,False
RSQ_CF_30,0.0,1417,False
RSQ_CF_5,0.0,1418,False
RSQ_HIGH_10,0.0,1419,False
RSQ_HIGH_20,0.0,1420,False
RSQ_HIGH_30,0.0,1421,False
RSQ_HLR_10,0.0,1422,False
RSQ_HLR_3,0.0,1423,False
RSQ_HLR_5,0.0,1424,False
RSQ_HLR_60,0.0,1425,False
RSQ_LOGV_10,0.0,1426,False
RSQ_LOGV_3,0.0,1427,False
RSQ_LOGV_30,0.0,1428,False
RSQ_LOGV_5,0.0,1429,False
RSQ_LOGV_60,0.0,1430,False
RSQ_LOW_10,0.0,1431,False
RSQ_LOW_3,0.0,1432,False
RSQ_LOW_5,0.0,1433,False
RSQ_OPEN_10,0.0,1434,False
RSQ_OPEN_5,0.0,1435,False
RSQ_RETID_10,0.0,1436,False
RSQ_RETID_20,0.0,1437,False
RSQ_RETID_3,0.0,1438,False
RSQ_RETID_30,0.0,1439,False
RSQ_RETID_5,0.0,1440,False
RSQ_RETID_60,0.0,1441,False
RSQ_RETON_10,0.0,1442,False
RSQ_RETON_20,0.0,1443,False
RSQ_RETON_3,0.0,1444,False
RSQ_RETON_30,0.0,1445,False
RSQ_RETON_60,0.0,1446,False
RSQ_R_3,0.0,1447,False
RSQ_R_5,0.0,1448,False
RSQ_R_60,0.0,1449,False
RSQ_VWAP_10,0.0,1450,False
RSQ_VWAP_20,0.0,1451,False
RSQ_VWAP_3,0.0,1452,False
RSQ_VWAP_60,0.0,1453,False
RSQ_V_10,0.0,1454,False
RSQ_V_20,0.0,1455,False
RSQ_V_30,0.0,1456,False
RSQ_V_5,0.0,1457,False
RSQ_V_60,0.0,1458,False
RSV9,0.0,1459,False
RVC20,0.0,1460,False
SKEW_A_10,0.0,1461,False
SKEW_A_20,0.0,1462,False
SKEW_A_3,0.0,1463,False
SKEW_A_30,0.0,1464,False
SKEW_A_60,0.0,1465,False
SKEW_CF_3,0.0,1466,False
SKEW_CF_5,0.0,1467,False
SKEW_CF_60,0.0,1468,False
SKEW_HIGH_10,0.0,1469,False
SKEW_HIGH_20,0.0,1470,False
SKEW_HIGH_3,0.0,1471,False
SKEW_HLR_10,0.0,1472,False
SKEW_HLR_20,0.0,1473,False
SKEW_HLR_30,0.0,1474,False
SKEW_HLR_5,0.0,1475,False
SKEW_HLR_60,0.0,1476,False
SKEW_LOGV_20,0.0,1477,False
SKEW_LOGV_3,0.0,1478,False
SKEW_LOGV_5,0.0,1479,False
SKEW_LOW_10,0.0,1480,False
SKEW_LOW_20,0.0,1481,False
SKEW_LOW_3,0.0,1482,False
SKEW_LOW_5,0.0,1483,False
SKEW_LOW_60,0.0,1484,False
SKEW_OPEN_10,0.0,1485,False
SKEW_OPEN_20,0.0,1486,False
SKEW_OPEN_5,0.0,1487,False
SKEW_OPEN_60,0.0,1488,False
SKEW_RETID_10,0.0,1489,False
SKEW_RETID_3,0.0,1490,False
SKEW_RETID_5,0.0,1491,False
SKEW_RETON_10,0.0,1492,False
SKEW_RETON_3,0.0,1493,False
SKEW_RETON_30,0.0,1494,False
SKEW_RETON_5,0.0,1495,False
SKEW_RETON_60,0.0,1496,False
SKEW_R_10,0.0,1497,False
SKEW_R_20,0.0,1498,False
SKEW_R_3,0.0,1499,False
SKEW_R_5,0.0,1500,False
SKEW_VWAP_10,0.0,1501,False
SKEW_VWAP_20,0.0,1502,False
SKEW_VWAP_3,0.0,1503,False
SKEW_VWAP_30,0.0,1504,False
SKEW_VWAP_5,0.0,1505,False
SKEW_V_10,0.0,1506,False
SKEW_V_20,0.0,1507,False
SKEW_V_3,0.0,1508,False
SKEW_V_5,0.0,1509,False
SKEW_V_60,0.0,1510,False
SLOPE_A_3,0.0,1511,False
SLOPE_A_30,0.0,1512,False
SLOPE_A_5,0.0,1513,False
SLOPE_A_60,0.0,1514,False
SLOPE_CF_10,0.0,1515,False
SLOPE_CF_20,0.0,1516,False
SLOPE_CF_3,0.0,1517,False
SLOPE_CF_30,0.0,1518,False
SLOPE_HIGH_10,0.0,1519,False
SLOPE_HIGH_20,0.0,1520,False
SLOPE_HIGH_3,0.0,1521,False
SLOPE_HIGH_30,0.0,1522,False
SLOPE_HIGH_5,0.0,1523,False
SLOPE_HLR_20,0.0,1524,False
SLOPE_HLR_5,0.0,1525,False
SLOPE_LOGV_20,0.0,1526,False
SLOPE_LOGV_3,0.0,1527,False
SLOPE_LOW_10,0.0,1528,False
SLOPE_LOW_20,0.0,1529,False
SLOPE_LOW_30,0.0,1530,False
SLOPE_OPEN_10,0.0,1531,False
SLOPE_OPEN_3,0.0,1532,False
SLOPE_OPEN_30,0.0,1533,False
SLOPE_OPEN_5,0.0,1534,False
SLOPE_RETID_10,0.0,1535,False
SLOPE_RETID_20,0.0,1536,False
SLOPE_RETID_3,0.0,1537,False
SLOPE_RETID_30,0.0,1538,False
SLOPE_RETID_5,0.0,1539,False
SLOPE_RETON_10,0.0,1540,False
SLOPE_RETON_30,0.0,1541,False
SLOPE_RETON_5,0.0,1542,False
SLOPE_RETON_60,0.0,1543,False
SLOPE_R_10,0.0,1544,False
SLOPE_R_20,0.0,1545,False
SLOPE_R_3,0.0,1546,False
SLOPE_R_30,0.0,1547,False
SLOPE_R_5,0.0,1548,False
SLOPE_VWAP_10,0.0,1549,False
SLOPE_VWAP_3,0.0,1550,False
SLOPE_VWAP_30,0.0,1551,False
SLOPE_VWAP_5,0.0,1552,False
SLOPE_V_10,0.0,1553,False
SLOPE_V_3,0.0,1554,False
SLOPE_V_30,0.0,1555,False
SLOPE_V_5,0.0,1556,False
SNAP_H,0.0,1557,False
SNAP_L,0.0,1558,False
SNAP_O,0.0,1559,False
SNAP_VWAP,0.0,1560,False
SR_RATIO20,0.0,1561,False
STD_A_3,0.0,1562,False
STD_A_5,0.0,1563,False
STD_A_60,0.0,1564,False
STD_CF_10,0.0,1565,False
STD_CF_20,0.0,1566,False
STD_CF_3,0.0,1567,False
STD_CF_30,0.0,1568,False
STD_CF_60,0.0,1569,False
STD_HIGH_10,0.0,1570,False
STD_HIGH_20,0.0,1571,False
STD_HIGH_30,0.0,1572,False
STD_HIGH_5,0.0,1573,False
STD_HIGH_60,0.0,1574,False
STD_HLR_10,0.0,1575,False
STD_HLR_20,0.0,1576,False
STD_HLR_3,0.0,1577,False
STD_HLR_30,0.0,1578,False
STD_HLR_5,0.0,1579,False
STD_LOGV_3,0.0,1580,False
STD_LOGV_30,0.0,1581,False
STD_LOGV_5,0.0,1582,False
STD_LOGV_60,0.0,1583,False
STD_LOW_10,0.0,1584,False
STD_LOW_20,0.0,1585,False
STD_LOW_3,0.0,1586,False
STD_LOW_30,0.0,1587,False
STD_LOW_5,0.0,1588,False
STD_OPEN_10,0.0,1589,False
STD_OPEN_20,0.0,1590,False
STD_OPEN_3,0.0,1591,False
STD_OPEN_5,0.0,1592,False
STD_RETID_10,0.0,1593,False
STD_RETID_3,0.0,1594,False
STD_RETID_5,0.0,1595,False
STD_RETID_60,0.0,1596,False
STD_RETON_3,0.0,1597,False
STD_RETON_30,0.0,1598,False
STD_RETON_5,0.0,1599,False
STD_R_10,0.0,1600,False
STD_VWAP_10,0.0,1601,False
STD_VWAP_30,0.0,1602,False
STD_VWAP_5,0.0,1603,False
STD_V_10,0.0,1604,False
STD_V_3,0.0,1605,False
STD_V_5,0.0,1606,False
SUMD20,0.0,1607,False
TOUCH_LIMITUP_FAIL,0.0,1608,False
TSRANK20,0.0,1609,False
TSRANK_A_10,0.0,1610,False
TSRANK_A_20,0.0,1611,False
TSRANK_A_3,0.0,1612,False
TSRANK_A_30,0.0,1613,False
TSRANK_A_5,0.0,1614,False
TSRANK_A_60,0.0,1615,False
TSRANK_CF_10,0.0,1616,False
TSRANK_CF_3,0.0,1617,False
TSRANK_CF_30,0.0,1618,False
TSRANK_CF_5,0.0,1619,False
TSRANK_CF_60,0.0,1620,False
TSRANK_HIGH_10,0.0,1621,False
TSRANK_HIGH_20,0.0,1622,False
TSRANK_HIGH_3,0.0,1623,False
TSRANK_HIGH_30,0.0,1624,False
TSRANK_HIGH_5,0.0,1625,False
TSRANK_HIGH_60,0.0,1626,False
TSRANK_HLR_10,0.0,1627,False
TSRANK_HLR_20,0.0,1628,False
TSRANK_HLR_3,0.0,1629,False
TSRANK_HLR_5,0.0,1630,False
TSRANK_HLR_60,0.0,1631,False
TSRANK_LOGV_10,0.0,1632,False
TSRANK_LOGV_20,0.0,1633,False
TSRANK_LOGV_3,0.0,1634,False
TSRANK_LOGV_30,0.0,1635,False
TSRANK_LOGV_5,0.0,1636,False
TSRANK_LOGV_60,0.0,1637,False
TSRANK_LOW_10,0.0,1638,False
TSRANK_LOW_20,0.0,1639,False
TSRANK_LOW_3,0.0,1640,False
TSRANK_LOW_30,0.0,1641,False
TSRANK_LOW_5,0.0,1642,False
TSRANK_LOW_60,0.0,1643,False
TSRANK_OPEN_10,0.0,1644,False
TSRANK_OPEN_20,0.0,1645,False
TSRANK_OPEN_3,0.0,1646,False
TSRANK_OPEN_30,0.0,1647,False
TSRANK_OPEN_5,0.0,1648,False
TSRANK_OPEN_60,0.0,1649,False
TSRANK_RETID_10,0.0,1650,False
TSRANK_RETID_20,0.0,1651,False
TSRANK_RETID_3,0.0,1652,False
TSRANK_RETID_30,0.0,1653,False
TSRANK_RETID_5,0.0,1654,False
TSRANK_RETID_60,0.0,1655,False
TSRANK_RETON_10,0.0,1656,False
TSRANK_RETON_20,0.0,1657,False
TSRANK_RETON_3,0.0,1658,False
TSRANK_RETON_30,0.0,1659,False
TSRANK_RETON_5,0.0,1660,False
TSRANK_RETON_60,0.0,1661,False
TSRANK_R_10,0.0,1662,False
TSRANK_R_20,0.0,1663,False
TSRANK_R_3,0.0,1664,False
TSRANK_R_30,0.0,1665,False
TSRANK_R_5,0.0,1666,False
TSRANK_R_60,0.0,1667,False
TSRANK_VWAP_10,0.0,1668,False
TSRANK_VWAP_20,0.0,1669,False
TSRANK_VWAP_3,0.0,1670,False
TSRANK_VWAP_30,0.0,1671,False
TSRANK_VWAP_5,0.0,1672,False
TSRANK_VWAP_60,0.0,1673,False
TURN_F20,0.0,1674,False
VMA5,0.0,1675,False
VOL15,0.0,1676,False
VOL20,0.0,1677,False
VOL5,0.0,1678,False
VOLUME_RATIO_MA5,0.0,1679,False
VOLUME_RATIO_T,0.0,1680,False
VOLUME_TREND10,0.0,1681,False
VOL_DRYUP_EXTREME,0.0,1682,False
VOL_MOM,0.0,1683,False
VR1_20,0.0,1684,False
VR5_60,0.0,1685,False
VSTD20,0.0,1686,False
WMA_A_10,0.0,1687,False
WMA_A_20,0.0,1688,False
WMA_A_30,0.0,1689,False
WMA_A_5,0.0,1690,False
WMA_A_60,0.0,1691,False
WMA_CF_10,0.0,1692,False
WMA_CF_20,0.0,1693,False
WMA_CF_3,0.0,1694,False
WMA_CF_30,0.0,1695,False
WMA_CF_5,0.0,1696,False
WMA_CF_60,0.0,1697,False
WMA_HIGH_10,0.0,1698,False
WMA_HIGH_20,0.0,1699,False
WMA_HIGH_3,0.0,1700,False
WMA_HIGH_30,0.0,1701,False
WMA_HIGH_5,0.0,1702,False
WMA_HIGH_60,0.0,1703,False
WMA_HLR_10,0.0,1704,False
WMA_HLR_20,0.0,1705,False
WMA_HLR_3,0.0,1706,False
WMA_HLR_30,0.0,1707,False
WMA_HLR_60,0.0,1708,False
WMA_LOGV_60,0.0,1709,False
WMA_LOW_10,0.0,1710,False
WMA_LOW_20,0.0,1711,False
WMA_LOW_3,0.0,1712,False
WMA_LOW_30,0.0,1713,False
WMA_LOW_5,0.0,1714,False
WMA_LOW_60,0.0,1715,False
WMA_OPEN_10,0.0,1716,False
WMA_OPEN_20,0.0,1717,False
WMA_OPEN_3,0.0,1718,False
WMA_OPEN_30,0.0,1719,False
WMA_OPEN_5,0.0,1720,False
WMA_RETID_20,0.0,1721,False
WMA_RETID_3,0.0,1722,False
WMA_RETID_30,0.0,1723,False
WMA_RETID_5,0.0,1724,False
WMA_RETON_10,0.0,1725,False
WMA_RETON_20,0.0,1726,False
WMA_RETON_3,0.0,1727,False
WMA_RETON_30,0.0,1728,False
WMA_RETON_5,0.0,1729,False
WMA_RETON_60,0.0,1730,False
WMA_R_10,0.0,1731,False
WMA_R_20,0.0,1732,False
WMA_R_3,0.0,1733,False
WMA_R_30,0.0,1734,False
WMA_R_5,0.0,1735,False
WMA_R_60,0.0,1736,False
WMA_VWAP_10,0.0,1737,False
WMA_VWAP_20,0.0,1738,False
WMA_VWAP_3,0.0,1739,False
WMA_VWAP_30,0.0,1740,False
WMA_VWAP_5,0.0,1741,False
WMA_VWAP_60,0.0,1742,False
WMA_V_10,0.0,1743,False
WMA_V_20,0.0,1744,False
WMA_V_3,0.0,1745,False
WMA_V_30,0.0,1746,False
WMA_V_5,0.0,1747,False
WMA_V_60,0.0,1748,False
alpha12,0.0,1749,False
alpha12_rankpct,0.0,1750,False
amihud_illiq_intraday_z,0.0,1751,False
amplitude,0.0,1752,False
amplitude_lag_1,0.0,1753,False
amplitude_lag_1_rankpct,0.0,1754,False
amplitude_lag_1_z,0.0,1755,False
amplitude_lag_3_rankpct,0.0,1756,False
amplitude_lag_3_z,0.0,1757,False
amplitude_lag_5_rankpct,0.0,1758,False
amplitude_lag_5_z,0.0,1759,False
amplitude_z,0.0,1760,False
atr_rankpct,0.0,1761,False
atr_ratio,0.0,1762,False
bb_lower,0.0,1763,False
bb_lower_rankpct,0.0,1764,False
bb_lower_z,0.0,1765,False
bb_middle,0.0,1766,False
bb_middle_rankpct,0.0,1767,False
bb_position,0.0,1768,False
bb_position_rankpct,0.0,1769,False
bb_squeeze,0.0,1770,False
bb_squeeze_z,0.0,1771,False
bb_upper,0.0,1772,False
bb_upper_z,0.0,1773,False
body_strength_rankpct,0.0,1774,False
body_strength_z,0.0,1775,False
boxcox_atr,0.0,1776,False
boxcox_atr_z,0.0,1777,False
close_lag_10,0.0,1778,False
close_lag_10_rankpct,0.0,1779,False
close_lag_10_z,0.0,1780,False
close_lag_15,0.0,1781,False
close_lag_15_rankpct,0.0,1782,False
close_lag_15_z,0.0,1783,False
close_lag_20,0.0,1784,False
close_lag_20_rankpct,0.0,1785,False
close_lag_20_z,0.0,1786,False
close_lag_25,0.0,1787,False
close_lag_25_rankpct,0.0,1788,False
close_lag_25_z,0.0,1789,False
close_lag_30_rankpct,0.0,1790,False
close_lag_30_z,0.0,1791,False
close_lag_5,0.0,1792,False
close_lag_5_rankpct,0.0,1793,False
close_lag_5_z,0.0,1794,False
close_vs_high_rankpct,0.0,1795,False
close_vs_high_z,0.0,1796,False
clv,0.0,1797,False
clv_z,0.0,1798,False
dist_to_high_60,0.0,1799,False
dist_to_high_60_rankpct,0.0,1800,False
distance_to_resistance,0.0,1801,False
distance_to_support,0.0,1802,False
distance_to_support_rankpct,0.0,1803,False
doji_pattern_z,0.0,1804,False
downtrend,0.0,1805,False
effective_spread_z,0.0,1806,False
efficiency_ratio_lag_1_rankpct,0.0,1807,False
efficiency_ratio_lag_1_z,0.0,1808,False
efficiency_ratio_lag_3,0.0,1809,False
efficiency_ratio_lag_5_rankpct,0.0,1810,False
efficiency_ratio_lag_5_z,0.0,1811,False
engulfing_pattern,0.0,1812,False
engulfing_pattern_z,0.0,1813,False
hammer_pattern_z,0.0,1814,False
hammer_signal,0.0,1815,False
high_lag_3_z,0.0,1816,False
high_mean_20,0.0,1817,False
high_mean_20_z,0.0,1818,False
hl_spread_z,0.0,1819,False
illiq_lag_1_rankpct,0.0,1820,False
illiq_lag_5_rankpct,0.0,1821,False
illiq_lag_5_z,0.0,1822,False
intraday_pos_lag_1_rankpct,0.0,1823,False
intraday_pos_lag_1_z,0.0,1824,False
intraday_pos_lag_2,0.0,1825,False
intraday_pos_lag_2_z,0.0,1826,False
intraday_pos_lag_3_rankpct,0.0,1827,False
intraday_pos_rankpct,0.0,1828,False
is_month_end,0.0,1829,False
is_month_start,0.0,1830,False
is_quarter_end,0.0,1831,False
is_quarter_start,0.0,1832,False
log_volume,0.0,1833,False
ma_60_rankpct,0.0,1834,False
ma_60_z,0.0,1835,False
ma_arrangement,0.0,1836,False
macd,0.0,1837,False
macd_above_signal,0.0,1838,False
macd_above_signal_z,0.0,1839,False
macd_death_cross,0.0,1840,False
macd_death_cross_z,0.0,1841,False
macd_golden_cross,0.0,1842,False
macd_hist_acceleration,0.0,1843,False
macd_hist_amplitude_rankpct,0.0,1844,False
macd_hist_trend_5,0.0,1845,False
macd_hist_trend_5_rankpct,0.0,1846,False
macd_hist_trend_5_z,0.0,1847,False
macd_hist_z,0.0,1848,False
macd_percentile,0.0,1849,False
macd_percentile_z,0.0,1850,False
macd_robust,0.0,1851,False
macd_robust_rankpct,0.0,1852,False
macd_signal,0.0,1853,False
macd_signal_convergence_trend,0.0,1854,False
macd_signal_convergence_trend_rankpct,0.0,1855,False
macd_signal_convergence_trend_z,0.0,1856,False
macd_signal_rankpct,0.0,1857,False
macd_zero_cross,0.0,1858,False
macd_zero_cross_down,0.0,1859,False
macd_zero_cross_down_z,0.0,1860,False
macd_zero_cross_up,0.0,1861,False
macd_zero_cross_up_z,0.0,1862,False
macd_zero_cross_z,0.0,1863,False
market_avg_amplitude_z,0.0,1864,False
market_avg_change_z,0.0,1865,False
market_sentiment_z,0.0,1866,False
market_sync_score_z,0.0,1867,False
obv_rankpct,0.0,1868,False
obv_trend,0.0,1869,False
obv_trend_rankpct,0.0,1870,False
open_lag_3,0.0,1871,False
open_lag_30_z,0.0,1872,False
price_impact_rankpct,0.0,1873,False
price_impact_z,0.0,1874,False
price_trend_5,0.0,1875,False
price_trend_5_z,0.0,1876,False
price_volume_divergence,0.0,1877,False
price_volume_divergence_z,0.0,1878,False
price_vs_ma20,0.0,1879,False
price_vs_ma20_rankpct,0.0,1880,False
price_vs_ma20_z,0.0,1881,False
price_vs_ma5,0.0,1882,False
price_vs_ma60,0.0,1883,False
pv_corr_10,0.0,1884,False
pv_corr_10_rankpct,0.0,1885,False
pv_corr_10_z,0.0,1886,False
ret_intraday_lag_1_rankpct,0.0,1887,False
ret_intraday_lag_1_z,0.0,1888,False
ret_intraday_lag_3_rankpct,0.0,1889,False
ret_intraday_lag_3_z,0.0,1890,False
ret_intraday_lag_5_rankpct,0.0,1891,False
ret_intraday_lag_5_z,0.0,1892,False
ret_intraday_rankpct,0.0,1893,False
ret_overnight_lag_1,0.0,1894,False
ret_overnight_lag_1_rankpct,0.0,1895,False
ret_overnight_lag_1_z,0.0,1896,False
ret_overnight_lag_3,0.0,1897,False
ret_overnight_lag_3_rankpct,0.0,1898,False
ret_overnight_lag_3_z,0.0,1899,False
ret_overnight_lag_5,0.0,1900,False
ret_overnight_lag_5_rankpct,0.0,1901,False
ret_overnight_lag_5_z,0.0,1902,False
ret_overnight_rankpct,0.0,1903,False
ret_overnight_z,0.0,1904,False
return_lag_1,0.0,1905,False
return_lag_10,0.0,1906,False
return_lag_10_rankpct,0.0,1907,False
return_lag_10_z,0.0,1908,False
return_lag_1_rankpct,0.0,1909,False
return_lag_1_z,0.0,1910,False
return_lag_20,0.0,1911,False
return_lag_20_rankpct,0.0,1912,False
return_lag_20_z,0.0,1913,False
return_lag_2_rankpct,0.0,1914,False
return_lag_2_z,0.0,1915,False
return_lag_3_rankpct,0.0,1916,False
return_lag_3_z,0.0,1917,False
return_lag_5,0.0,1918,False
return_lag_5_rankpct,0.0,1919,False
return_lag_5_z,0.0,1920,False
rsi_14_rankpct,0.0,1921,False
rsi_6,0.0,1922,False
rsi_momentum_rankpct,0.0,1923,False
rsi_momentum_z,0.0,1924,False
rsi_overbought_14,0.0,1925,False
rsi_overbought_14_z,0.0,1926,False
rsi_overbought_24,0.0,1927,False
rsi_overbought_24_z,0.0,1928,False
rsi_overbought_6,0.0,1929,False
rsi_overbought_6_z,0.0,1930,False
rsi_oversold_14,0.0,1931,False
rsi_oversold_14_z,0.0,1932,False
rsi_oversold_24,0.0,1933,False
rsi_oversold_24_z,0.0,1934,False
rsi_oversold_6,0.0,1935,False
rsi_robust,0.0,1936,False
rsi_robust_rankpct,0.0,1937,False
rsi_turning,0.0,1938,False
rsi_turning_rankpct,0.0,1939,False
rsi_turning_simple_z,0.0,1940,False
sh_amplitude_z,0.0,1941,False
sh_price_change_abs_z,0.0,1942,False
sh_price_change_z,0.0,1943,False
sh_price_wave_abs_z,0.0,1944,False
sh_sentiment_z,0.0,1945,False
sh_sz_sync_direction_z,0.0,1946,False
sh_sz_sync_strength_z,0.0,1947,False
sh_volume_ratio_z,0.0,1948,False
sh_volume_signal_z,0.0,1949,False
signed_vol_strength,0.0,1950,False
signed_volume_strength_z,0.0,1951,False
slowd,0.0,1952,False
slowd_rankpct,0.0,1953,False
slowd_z,0.0,1954,False
slowk_rankpct,0.0,1955,False
slowk_z,0.0,1956,False
smart_money_diff_lag_1,0.0,1957,False
smart_money_diff_lag_1_rankpct,0.0,1958,False
smart_money_diff_lag_1_z,0.0,1959,False
smart_money_diff_lag_3,0.0,1960,False
smart_money_diff_lag_3_rankpct,0.0,1961,False
smart_money_diff_lag_3_z,0.0,1962,False
smart_money_diff_lag_5,0.0,1963,False
smart_money_diff_lag_5_rankpct,0.0,1964,False
smart_money_diff_lag_5_z,0.0,1965,False
smart_money_diff_rankpct,0.0,1966,False
smart_money_diff_z,0.0,1967,False
stoch_overbought,0.0,1968,False
stoch_overbought_z,0.0,1969,False
stoch_oversold,0.0,1970,False
stoch_oversold_z,0.0,1971,False
support_resistance_ratio_lag_1,0.0,1972,False
support_resistance_ratio_lag_1_rankpct,0.0,1973,False
support_resistance_ratio_lag_1_z,0.0,1974,False
support_resistance_ratio_lag_3,0.0,1975,False
support_resistance_ratio_lag_3_rankpct,0.0,1976,False
support_resistance_ratio_lag_5,0.0,1977,False
support_resistance_ratio_z,0.0,1978,False
sz_amplitude_z,0.0,1979,False
sz_price_change_abs_z,0.0,1980,False
sz_price_change_z,0.0,1981,False
sz_price_wave_abs_z,0.0,1982,False
sz_sentiment_z,0.0,1983,False
sz_volume_ratio_z,0.0,1984,False
sz_volume_signal_z,0.0,1985,False
upper_shadow_ratio_rankpct,0.0,1986,False
vol_divergence_z,0.0,1987,False
vol_gk,0.0,1988,False
vol_gk_lag_1,0.0,1989,False
vol_gk_lag_10,0.0,1990,False
vol_gk_lag_10_rankpct,0.0,1991,False
vol_gk_lag_10_z,0.0,1992,False
vol_gk_lag_1_rankpct,0.0,1993,False
vol_gk_lag_3,0.0,1994,False
vol_gk_lag_3_rankpct,0.0,1995,False
vol_gk_lag_3_z,0.0,1996,False
vol_gk_lag_5,0.0,1997,False
vol_gk_lag_5_rankpct,0.0,1998,False
vol_gk_lag_5_z,0.0,1999,False
vol_gk_rankpct,0.0,2000,False
vol_gk_ratio_lag_1,0.0,2001,False
vol_gk_ratio_lag_10,0.0,2002,False
vol_gk_ratio_lag_10_rankpct,0.0,2003,False
vol_gk_ratio_lag_10_z,0.0,2004,False
vol_gk_ratio_lag_1_rankpct,0.0,2005,False
vol_gk_ratio_lag_1_z,0.0,2006,False
vol_gk_ratio_lag_3,0.0,2007,False
vol_gk_ratio_lag_3_rankpct,0.0,2008,False
vol_gk_ratio_lag_3_z,0.0,2009,False
vol_gk_ratio_lag_5,0.0,2010,False
vol_gk_ratio_lag_5_rankpct,0.0,2011,False
vol_gk_ratio_rankpct,0.0,2012,False
vol_gk_ratio_z,0.0,2013,False
vol_gk_z,0.0,2014,False
volatility_10d,0.0,2015,False
volatility_10d_rankpct,0.0,2016,False
volatility_10d_z,0.0,2017,False
volatility_15d,0.0,2018,False
volatility_15d_z,0.0,2019,False
volatility_20d,0.0,2020,False
volatility_20d_z,0.0,2021,False
volatility_30d,0.0,2022,False
volatility_3d_rankpct,0.0,2023,False
volatility_5d_rankpct,0.0,2024,False
volatility_5d_z,0.0,2025,False
volume,0.0,2026,False
volume_consistency,0.0,2027,False
volume_consistency_rankpct,0.0,2028,False
volume_consistency_z,0.0,2029,False
volume_dryup,0.0,2030,False
volume_dryup_z,0.0,2031,False
volume_lag_10,0.0,2032,False
volume_lag_15,0.0,2033,False
volume_lag_20,0.0,2034,False
volume_lag_20_rankpct,0.0,2035,False
volume_lag_20_z,0.0,2036,False
volume_lag_25,0.0,2037,False
volume_lag_25_rankpct,0.0,2038,False
volume_lag_3,0.0,2039,False
volume_lag_30,0.0,2040,False
volume_lag_30_rankpct,0.0,2041,False
volume_lag_30_z,0.0,2042,False
volume_lag_3_z,0.0,2043,False
volume_lag_5,0.0,2044,False
volume_lag_5_rankpct,0.0,2045,False
volume_ma20,0.0,2046,False
volume_ma20_rankpct,0.0,2047,False
volume_ma_ratio_rankpct,0.0,2048,False
volume_ma_ratio_z,0.0,2049,False
volume_momentum_rankpct,0.0,2050,False
volume_momentum_z,0.0,2051,False
volume_ratio_rankpct,0.0,2052,False
volume_spike,0.0,2053,False
volume_spike_z,0.0,2054,False
volume_trend_10_rankpct,0.0,2055,False
volume_trend_10_z,0.0,2056,False
volume_trend_5,0.0,2057,False
volume_trend_5_rankpct,0.0,2058,False
volume_trend_5_z,0.0,2059,False
