feature,family,event_only,main_train_ic,main_train_icir,main_train_pos_day,main_train_days,main_train_ic_ret10,main_train_icir_ret10,main_val_ic,main_val_icir,main_val_pos_day,main_val_days,main_val_ic_ret10,main_val_icir_ret10,y2001,y2002,y2003,y2004,y2005,y2006,y2007,y2008,y2009,y2010,y2011,y2012,y2013,y2014,y2015,y2016,y2017,y2018,y2019,y2020,y2021,y2022,n_valid_years,dir_consistent_year_share,pos_year_share,backup_train_ic,backup_train_icir,backup_train_pos_day,backup_train_days,backup_train_ic_ret10,backup_train_icir_ret10,backup_val_ic,backup_val_icir,backup_val_pos_day,backup_val_days,backup_val_ic_ret10,backup_val_icir_ret10,main_pass,main_fail_reason,backup_pass,backup_fail_reason,is_geo_control,decision,decision_reason
RET1,反转,False,0.05911,0.20229,0.58108,74,-0.01962,-0.05707,0.00611,0.01855,0.44762,105,-0.03809,-0.11939,-0.11677,-0.14815,-0.04724,0.00753,-0.04327,-0.03451,-0.33912,0.00528,-0.18590,-0.05031,0.04466,0.08618,-0.06453,-0.14662,0.00477,-0.10570,-0.05593,-0.00649,-0.07129,0.05704,0.00564,-0.04438,19,0.75000,0.75000,-0.02674,-0.08029,0.42610,636,-0.05693,-0.16395,-0.01676,-0.04850,0.42857,343,-0.04731,-0.12366,False,|val ICIR|=0.019<0.1,False,|val ICIR|=-0.048<0.1,False,淘汰,主池三关未过: |val ICIR|=0.019<0.1
RET5,反转,False,-0.01841,-0.05480,0.45946,74,-0.09732,-0.24948,0.02153,0.06336,0.47619,105,-0.07673,-0.22725,-0.05278,-0.18636,0.04208,-0.07477,-0.08931,-0.21817,-0.34782,-0.00321,0.17445,0.04830,-0.02166,0.04918,-0.07765,-0.25903,0.02512,-0.13410,-0.06382,0.02878,-0.00407,0.03597,0.04958,0.02555,19,0.50000,0.50000,-0.03198,-0.09106,0.42296,636,-0.09202,-0.24726,0.02782,0.07582,0.47522,343,-0.04857,-0.12685,False,符号相反;年度一致率0.50<0.55;|val ICIR|=0.063<0.1,False,符号相反;|val ICIR|=0.076<0.1,False,淘汰,主池三关未过: 符号相反;年度一致率0.50<0.55;|val ICIR|=0.063<0.1
RET10,反转,False,-0.07849,-0.24836,0.39189,74,-0.11637,-0.31509,0.03345,0.10127,0.46667,105,-0.05625,-0.15205,0.06481,-0.21736,-0.04357,0.00396,-0.06190,0.10511,-0.24435,0.00175,0.21274,0.11582,0.00624,-0.00430,0.01156,-0.12757,-0.06744,-0.04319,0.01049,-0.03506,-0.01406,0.06484,0.03358,0.04968,19,0.50000,0.50000,-0.02056,-0.05807,0.41667,636,-0.07562,-0.19854,0.03114,0.08407,0.49271,343,-0.05408,-0.13636,False,符号相反;年度一致率0.50<0.55,False,符号相反;年度一致率0.47<0.55;|val ICIR|=0.084<0.1,False,淘汰,主池三关未过: 符号相反;年度一致率0.50<0.55
RET20,反转,False,-0.06832,-0.23210,0.33784,74,-0.11363,-0.28063,-0.08336,-0.26447,0.39048,105,-0.09149,-0.24165,-0.09892,-0.02938,-0.05312,-0.07241,-0.04374,-0.14600,0.03845,-0.02926,0.11737,-0.11769,-0.00886,-0.05756,-0.11380,-0.05129,0.00868,0.03856,-0.00665,-0.01723,-0.02076,0.07403,0.09565,-0.01331,19,1.00000,0.00000,-0.02738,-0.07841,0.41195,636,-0.05442,-0.14818,0.03594,0.09732,0.48980,343,-0.01509,-0.03723,True,,False,符号相反;|val ICIR|=0.097<0.1,False,B,主池过、备池未过: 符号相反;|val ICIR|=0.097<0.1
RET_ON,隔夜/日内,False,0.05416,0.21574,0.59459,74,0.05174,0.13163,0.02809,0.08450,0.50476,105,-0.03978,-0.12083,-0.07705,-0.03330,0.00878,-0.08195,-0.08894,-0.27515,-0.00419,0.10412,-0.44790,0.09345,0.03659,-0.02844,0.09032,0.03503,0.03962,-0.04374,0.04003,0.00642,-0.01684,0.00232,0.02183,0.03275,19,0.75000,0.75000,0.00882,0.02604,0.47799,636,0.00563,0.01578,0.01134,0.03146,0.46647,343,-0.04971,-0.13452,False,|val ICIR|=0.085<0.1,False,|val ICIR|=0.031<0.1,False,淘汰,主池三关未过: |val ICIR|=0.085<0.1
RET_ID,隔夜/日内,False,0.02132,0.07323,0.54054,74,-0.06514,-0.18677,0.04775,0.13381,0.48571,105,-0.00743,-0.02128,-0.06645,-0.07390,-0.05595,-0.01834,-0.03104,0.11672,-0.20638,-0.09175,0.07560,-0.05274,0.04401,0.03886,-0.09679,-0.20339,0.00727,-0.13200,-0.08761,-0.00236,-0.08085,0.02369,0.01379,-0.02634,19,0.50000,0.50000,-0.04366,-0.12627,0.39843,635,-0.05905,-0.16674,-0.01801,-0.05221,0.41691,343,-0.03448,-0.08781,False,年度一致率0.50<0.55,False,|val ICIR|=-0.052<0.1,False,淘汰,主池三关未过: 年度一致率0.50<0.55
CUMON20,隔夜/日内,False,-0.05494,-0.18007,0.39189,74,-0.03953,-0.12595,0.00323,0.00996,0.49524,105,0.02347,0.06910,0.05288,-0.08377,0.07302,-0.05144,-0.08747,-0.21661,-0.15046,-0.00003,-0.01958,0.12154,-0.03482,-0.00004,0.00289,0.03232,-0.04893,-0.01441,0.03357,0.00104,0.06555,-0.01100,0.00641,0.01942,19,0.50000,0.50000,-0.00152,-0.00442,0.45755,636,-0.00559,-0.01578,0.02133,0.06093,0.46939,343,0.00554,0.01476,False,符号相反;年度一致率0.50<0.55;|val ICIR|=0.010<0.1,False,符号相反;年度一致率0.47<0.55;|val ICIR|=0.061<0.1,False,淘汰,主池三关未过: 符号相反;年度一致率0.50<0.55;|val ICIR|=0.010<0.1
CUMID20,隔夜/日内,False,-0.05217,-0.18439,0.35135,74,-0.10129,-0.27692,-0.02306,-0.07243,0.46667,105,-0.04016,-0.12264,-0.12289,0.01042,-0.05270,-0.06385,0.00342,0.09361,0.21887,-0.07032,0.14683,-0.18042,0.04263,-0.02341,-0.11953,0.06021,0.00941,0.08876,-0.01089,-0.03321,-0.06093,0.09791,0.06475,-0.00176,19,1.00000,0.00000,-0.01691,-0.04776,0.44182,636,-0.05043,-0.13667,0.02285,0.06487,0.48688,343,-0.00909,-0.02505,False,|val ICIR|=-0.072<0.1,False,符号相反;|val ICIR|=0.065<0.1,False,淘汰,主池三关未过: |val ICIR|=-0.072<0.1
VOL5,波动率,False,-0.05069,-0.14442,0.39189,74,-0.07980,-0.22542,-0.10217,-0.31026,0.35238,105,-0.09925,-0.29667,-0.08044,0.09618,-0.00400,0.03412,-0.05583,-0.19282,-0.12841,0.00661,-0.34678,-0.05109,0.04204,0.01874,-0.05582,-0.07679,0.02848,-0.09422,-0.07824,-0.01758,-0.06134,0.02034,0.00449,-0.02934,19,1.00000,0.00000,-0.02643,-0.07646,0.44025,636,-0.01917,-0.05044,-0.01748,-0.04798,0.43149,343,-0.01798,-0.04663,True,,False,|val ICIR|=-0.048<0.1,False,B,主池过、备池未过: |val ICIR|=-0.048<0.1
VOL15,波动率,False,-0.03657,-0.11233,0.40541,74,-0.02043,-0.05510,-0.12481,-0.40794,0.25714,105,-0.08500,-0.24532,-0.11931,0.05530,-0.01529,0.05195,-0.03429,-0.32074,-0.22227,0.02893,-0.19956,-0.18078,0.02210,0.00655,0.03389,-0.19578,0.04755,-0.12650,-0.09504,-0.04536,-0.07017,-0.00072,-0.05869,-0.00340,19,1.00000,0.00000,-0.04171,-0.11363,0.41195,636,-0.01034,-0.02703,-0.03771,-0.10034,0.42566,343,-0.02483,-0.06629,True,,True,,False,A,双池双段三关皆过，共线性幸存
VOL20,波动率,False,-0.02899,-0.08566,0.41892,74,-0.01653,-0.04366,-0.10557,-0.34669,0.25714,105,-0.08086,-0.24763,-0.17990,0.07518,-0.02924,0.02504,-0.02053,-0.33696,-0.26604,0.04031,-0.33215,-0.21074,0.00539,0.06692,0.02534,-0.17258,0.07118,-0.14949,-0.09196,-0.05235,-0.05264,-0.04594,-0.05347,0.03160,19,1.00000,0.00000,-0.04149,-0.11287,0.43239,636,0.00143,0.00365,-0.03109,-0.08316,0.42857,343,-0.01872,-0.04999,True,,False,|val ICIR|=-0.083<0.1,True,几何控制变量,ATRN/VOL20/AMP20 与标签可达性机械相关，建模作控制变量，不按 IC 判优劣
IVOL60,波动率,False,-0.01889,-0.05254,0.45946,74,-0.03304,-0.08398,-0.08904,-0.26679,0.32381,105,-0.05596,-0.15985,-0.13150,-0.15262,-0.05983,-0.01890,0.00103,-0.16018,-0.27699,0.06527,-0.28213,-0.14493,-0.05847,0.01955,0.02363,-0.00496,-0.00282,-0.13302,-0.06259,-0.05167,-0.04452,-0.05774,-0.02074,-0.06321,19,1.00000,0.00000,-0.04233,-0.11871,0.40094,636,-0.01196,-0.03073,-0.04368,-0.11880,0.40525,343,-0.02288,-0.06113,True,,True,,False,淘汰,共线性簇#2败给VOL15
AMP1,波动率,False,-0.07169,-0.23509,0.40541,74,-0.09870,-0.25901,-0.05857,-0.16416,0.35238,105,-0.08579,-0.22521,-0.03854,-0.03836,-0.09074,-0.04358,-0.05872,-0.04140,-0.42327,-0.09810,-0.11785,-0.05599,0.00447,0.06362,-0.09025,-0.12511,-0.05069,-0.13771,-0.10721,-0.00346,-0.07564,-0.03167,0.01415,-0.04521,19,1.00000,0.00000,-0.05500,-0.15549,0.40566,636,-0.07380,-0.20457,-0.03105,-0.08862,0.38192,343,-0.05009,-0.13170,True,,False,|val ICIR|=-0.089<0.1,False,淘汰,共线性簇#3败给HL_SPREAD
AMP20,波动率,False,-0.06786,-0.20893,0.43243,74,-0.03526,-0.08880,-0.10461,-0.34775,0.29524,105,-0.05571,-0.17096,-0.03883,0.03953,-0.03341,-0.07500,-0.04098,-0.30432,-0.26973,0.01632,-0.16777,-0.17430,0.01914,-0.03490,0.03522,-0.09253,-0.00625,-0.12729,-0.10113,-0.07390,-0.05416,-0.02306,-0.06163,-0.00206,19,1.00000,0.00000,-0.05650,-0.15640,0.40252,636,-0.00169,-0.00439,-0.03831,-0.10521,0.41983,343,-0.01748,-0.04511,True,,True,,True,几何控制变量,ATRN/VOL20/AMP20 与标签可达性机械相关，建模作控制变量，不按 IC 判优劣
ATRN,波动率,False,-0.05623,-0.17741,0.40541,74,-0.03467,-0.08703,-0.11401,-0.37206,0.29524,105,-0.09328,-0.28257,-0.09109,0.05126,-0.08038,-0.03288,-0.01862,-0.16707,-0.17587,0.03457,-0.36384,-0.14496,0.00319,-0.04038,0.06321,-0.06165,0.06024,-0.09812,-0.08858,-0.05972,-0.03913,-0.05136,-0.03827,-0.04396,19,1.00000,0.00000,-0.04550,-0.12620,0.41038,636,0.01360,0.03535,-0.04221,-0.11361,0.40525,343,-0.01429,-0.03560,True,,True,,True,几何控制变量,ATRN/VOL20/AMP20 与标签可达性机械相关，建模作控制变量，不按 IC 判优劣
ILLIQ20,流动性,False,0.05054,0.14826,0.58108,74,0.02237,0.05839,-0.02013,-0.05166,0.48571,105,-0.02946,-0.07683,-0.06491,-0.02234,0.03799,-0.03117,0.09971,-0.31925,0.07094,-0.00496,0.23648,-0.04481,0.02745,0.11697,0.02826,0.08964,0.23061,0.04488,-0.02846,0.05050,-0.04563,0.08116,0.08064,0.04647,19,0.50000,0.50000,0.03468,0.10219,0.52044,636,0.00683,0.01846,0.04071,0.11369,0.51603,343,0.01371,0.03474,False,符号相反;年度一致率0.50<0.55;|val ICIR|=-0.052<0.1,True,,False,淘汰,主池三关未过: 符号相反;年度一致率0.50<0.55;|val ICIR|=-0.052<0.1
AMT20,流动性,False,-0.08770,-0.27439,0.29730,74,-0.04414,-0.11929,-0.03419,-0.08900,0.39048,105,-0.00445,-0.01164,0.01648,0.02650,-0.00804,0.01339,-0.08539,0.13538,-0.06005,0.00453,-0.30685,0.00285,-0.02382,-0.12957,0.00057,-0.09614,-0.17197,-0.13174,-0.02761,-0.08510,0.01704,-0.08153,-0.08578,-0.04255,19,0.75000,0.25000,-0.05597,-0.16263,0.36321,636,-0.01928,-0.05344,-0.04866,-0.13532,0.38484,343,-0.01273,-0.03257,False,|val ICIR|=-0.089<0.1,True,,False,淘汰,主池三关未过: |val ICIR|=-0.089<0.1
VR5_60,量能,False,-0.06817,-0.19173,0.33784,74,-0.11707,-0.30228,-0.02306,-0.06691,0.47619,105,-0.04046,-0.11053,-0.13035,-0.00466,-0.03724,-0.07403,-0.04378,-0.19262,-0.24674,-0.10540,-0.03315,-0.04855,0.05950,-0.00468,-0.04626,-0.24885,0.00311,-0.02430,-0.00041,-0.02056,0.00431,0.07011,0.02200,0.03871,19,0.75000,0.25000,-0.03447,-0.09699,0.43711,636,-0.03648,-0.09961,0.03021,0.08558,0.48980,343,0.02011,0.05684,False,|val ICIR|=-0.067<0.1,False,符号相反;|val ICIR|=0.086<0.1,False,淘汰,主池三关未过: |val ICIR|=-0.067<0.1
VR1_20,量能,False,-0.00282,-0.00949,0.47297,74,-0.05848,-0.15467,0.01339,0.03285,0.53333,105,-0.07763,-0.20893,0.00349,-0.17195,-0.06985,-0.06417,-0.04199,-0.13912,-0.61583,-0.07850,-0.22244,0.11804,0.02085,0.12798,-0.05765,-0.11511,-0.05141,-0.02831,0.00237,0.01047,-0.00860,0.02623,0.10356,-0.02549,19,0.25000,0.75000,-0.01757,-0.04900,0.44654,636,-0.08430,-0.23684,0.03008,0.09086,0.50437,343,-0.04865,-0.13174,False,符号相反;年度一致率0.25<0.55;|val ICIR|=0.033<0.1,False,符号相反;|val ICIR|=0.091<0.1,False,淘汰,主池三关未过: 符号相反;年度一致率0.25<0.55;|val ICIR|=0.033<0.1
VOL_MOM,量能,False,-0.06635,-0.18424,0.41892,74,-0.12321,-0.30739,0.00329,0.00919,0.45714,105,-0.07094,-0.21850,-0.08561,-0.07212,-0.09359,-0.03242,-0.08052,0.08859,-0.39781,-0.03601,-0.09024,0.14186,0.06692,0.09318,-0.05636,-0.16280,0.05610,-0.00020,0.00425,0.01931,0.00221,0.03271,0.06559,0.03646,19,0.75000,0.25000,-0.00496,-0.01490,0.46384,636,-0.03873,-0.10645,0.03672,0.10905,0.49854,343,-0.01424,-0.04154,False,符号相反;|val ICIR|=0.009<0.1,False,符号相反;年度一致率0.47<0.55,False,淘汰,主池三关未过: 符号相反;|val ICIR|=0.009<0.1
CPV10,量价相关,False,-0.05128,-0.18006,0.41892,74,-0.08933,-0.24273,-0.06245,-0.19743,0.36190,105,-0.09252,-0.31047,-0.01002,-0.05020,0.03768,-0.09931,-0.03550,-0.34629,0.11040,-0.00606,0.07337,-0.06685,0.03602,-0.02607,-0.04831,-0.10070,-0.00553,0.04886,-0.02657,-0.00106,-0.00531,0.04799,0.05349,-0.02187,19,0.75000,0.25000,-0.01246,-0.03531,0.44497,636,-0.07073,-0.19165,0.01931,0.05560,0.45190,343,-0.06206,-0.16747,True,,False,符号相反;|val ICIR|=0.056<0.1,False,淘汰,共线性簇#4败给CPV_VWAP10
CPV20,量价相关,False,-0.03089,-0.09524,0.36486,74,-0.06604,-0.17722,-0.08393,-0.25317,0.37143,105,-0.10468,-0.31919,-0.06371,-0.11394,-0.02373,-0.08812,0.05678,-0.29054,0.28577,-0.03934,0.11786,-0.10855,0.00884,-0.03526,-0.00099,-0.04442,0.05842,0.05294,-0.07257,-0.01961,-0.04159,0.02702,0.08487,-0.08525,19,0.75000,0.25000,-0.02391,-0.06877,0.41824,636,-0.04086,-0.11426,0.00121,0.00345,0.46064,343,-0.05144,-0.14667,True,,False,符号相反;|val ICIR|=0.003<0.1,False,B,主池过、备池未过: 符号相反;|val ICIR|=0.003<0.1
CPV_VWAP10,量价相关,False,0.04152,0.14177,0.50000,74,0.07854,0.20550,0.08328,0.26966,0.58095,105,0.07498,0.24361,0.03055,-0.00278,0.00337,0.11334,0.01627,0.25790,-0.17006,-0.03587,-0.11960,0.08884,-0.04599,0.02363,0.08760,0.06925,0.02125,-0.06089,-0.01197,0.01069,0.02284,-0.03007,-0.08346,-0.01272,19,0.75000,0.75000,0.00348,0.00997,0.48428,636,0.05636,0.15134,-0.02999,-0.08393,0.47813,343,0.05056,0.13203,True,,False,符号相反;|val ICIR|=-0.084<0.1,False,B,主池过、备池未过: 符号相反;|val ICIR|=-0.084<0.1
HLV_DIV10,量价相关,False,0.03787,0.10727,0.50000,74,0.07617,0.21613,0.03224,0.09170,0.53333,105,0.06682,0.22402,0.03367,-0.07080,-0.04109,0.00425,-0.06351,-0.03274,0.30168,-0.02961,-0.12716,-0.00384,-0.03954,0.00195,-0.07483,0.13959,-0.00384,0.06216,0.01878,-0.02397,0.03132,-0.03015,0.00712,0.08449,19,0.75000,0.75000,-0.00610,-0.01746,0.44340,636,0.01639,0.04580,0.02551,0.07717,0.49563,343,0.05594,0.15920,False,|val ICIR|=0.092<0.1,False,符号相反;年度一致率0.53<0.55;|val ICIR|=0.077<0.1,False,淘汰,主池三关未过: |val ICIR|=0.092<0.1
MAX20,彩票,False,-0.02892,-0.09614,0.37838,74,-0.04134,-0.12304,-0.09973,-0.35318,0.28571,105,-0.06805,-0.21018,-0.01224,0.02341,-0.02479,0.04883,-0.15566,-0.17640,-0.28827,0.00200,-0.13909,-0.12044,-0.01841,0.04849,0.11294,-0.14304,0.02457,-0.13244,-0.08508,-0.05385,-0.09418,0.00263,0.01832,0.01237,19,0.75000,0.25000,-0.04503,-0.13536,0.40881,636,-0.04744,-0.13124,-0.01413,-0.03913,0.42857,343,-0.03850,-0.10689,True,,False,年度一致率0.53<0.55;|val ICIR|=-0.039<0.1,False,淘汰,共线性簇#2败给VOL15
MIN20,彩票,False,-0.01540,-0.04209,0.41892,74,-0.02519,-0.06481,0.07211,0.21384,0.63810,105,0.04738,0.14467,0.10037,-0.08428,0.02793,0.00208,-0.01174,0.11916,0.38095,-0.04413,0.31635,0.03567,0.03229,-0.01145,-0.05729,0.17775,-0.03634,0.13400,0.03855,0.00955,0.04593,0.03715,0.08922,-0.01168,19,0.00000,1.00000,0.02435,0.06822,0.50472,636,-0.01974,-0.05191,0.04439,0.11807,0.53353,343,0.01064,0.02699,False,符号相反;年度一致率0.00<0.55,True,,False,淘汰,主池三关未过: 符号相反;年度一致率0.00<0.55
MKT_RET20,市场状态,False,,,,0,,,,,,0,,,,,,,,,,,,,,,,,,,,,,,,,0,,,,,,0,,,,,,0,,,False,符号相反;无有效年度;|val ICIR|=nan<0.1,False,符号相反;无有效年度;|val ICIR|=nan<0.1,False,淘汰,主池三关未过: 符号相反;无有效年度;|val ICIR|=nan<0.1
MKT_MA60,市场状态,False,,,,0,,,,,,0,,,,,,,,,,,,,,,,,,,,,,,,,0,,,,,,0,,,,,,0,,,False,符号相反;无有效年度;|val ICIR|=nan<0.1,False,符号相反;无有效年度;|val ICIR|=nan<0.1,False,淘汰,主池三关未过: 符号相反;无有效年度;|val ICIR|=nan<0.1
MKT_AVG_AMP,市场状态,False,,,,0,,,,,,0,,,,,,,,,,,,,,,,,,,,,,,,,0,,,,,,0,,,,,,0,,,False,符号相反;无有效年度;|val ICIR|=nan<0.1,False,符号相反;无有效年度;|val ICIR|=nan<0.1,False,淘汰,主池三关未过: 符号相反;无有效年度;|val ICIR|=nan<0.1
MKT_SYNC_SCORE,市场状态,False,,,,0,,,,,,0,,,,,,,,,,,,,,,,,,,,,,,,,0,,,,,,0,,,,,,0,,,False,符号相反;无有效年度;|val ICIR|=nan<0.1,False,符号相反;无有效年度;|val ICIR|=nan<0.1,False,淘汰,主池三关未过: 符号相反;无有效年度;|val ICIR|=nan<0.1
LIMITCNT20,制度,False,-0.00568,-0.01743,0.47541,61,0.02170,0.06117,-0.11517,-0.37482,0.36264,91,-0.08067,-0.23784,-0.19445,0.21109,-0.06750,0.00566,-0.22085,-0.62910,-0.07475,0.03643,-0.06862,-0.03992,0.00092,-0.05057,-0.02811,-0.20586,0.01345,-0.08696,-0.06131,-0.04067,-0.12937,0.04071,0.01314,0.06426,17,1.00000,0.00000,-0.04777,-0.14822,0.39630,487,-0.05243,-0.14834,-0.01149,-0.02928,0.50649,231,-0.01365,-0.03509,True,,False,|val ICIR|=-0.029<0.1,False,B,主池过、备池未过: |val ICIR|=-0.029<0.1
LIMITDOWN_CNT20,制度,False,0.07116,0.25765,0.61538,26,0.11980,0.34678,-0.06099,-0.23829,0.50000,22,-0.15335,-0.44161,-0.02158,-0.06494,,-0.00562,0.03633,0.25000,-0.40928,0.02194,-0.32782,0.03519,-0.09884,-0.15570,0.00683,-0.20672,-0.01759,-0.07414,-0.13101,-0.02528,-0.26429,0.02318,-0.13093,0.02818,11,0.00000,0.00000,-0.04362,-0.14323,0.37621,311,-0.00388,-0.01131,-0.09667,-0.24259,0.37500,72,-0.03394,-0.09993,False,符号相反;年度一致率0.00<0.55,True,,False,淘汰,主池三关未过: 符号相反;年度一致率0.00<0.55
MACD_DIF_NORM,技术指标,False,-0.09488,-0.32430,0.31081,74,-0.05916,-0.15689,-0.05847,-0.19525,0.40952,105,-0.05550,-0.15094,-0.11891,-0.09003,-0.07906,-0.09404,-0.13455,0.09331,-0.00540,-0.04939,-0.09333,-0.15730,-0.04468,-0.11539,0.00580,0.01115,-0.06644,0.04310,-0.07248,-0.05865,-0.02971,0.03487,0.06984,-0.00439,19,0.75000,0.25000,-0.06230,-0.17276,0.36950,636,-0.05831,-0.15745,0.02048,0.05696,0.46647,343,-0.02237,-0.05871,True,,False,符号相反;|val ICIR|=0.057<0.1,False,淘汰,共线性簇#5败给DIV_ZERO_AXIS_DEPTH
MACD_HIST,技术指标,False,-0.05550,-0.18096,0.35135,74,-0.11345,-0.33500,0.00607,0.01793,0.43810,105,-0.04563,-0.12770,0.18082,-0.09214,0.00486,-0.17228,-0.00792,-0.12290,-0.21380,0.10044,0.13356,0.14653,0.00760,-0.00149,-0.05471,-0.09591,0.10476,0.00877,0.05049,-0.03636,0.02386,0.02152,0.08451,0.01758,19,0.50000,0.50000,0.00676,0.01916,0.48113,636,-0.02789,-0.07600,0.04171,0.11294,0.52187,343,0.00696,0.01873,False,符号相反;年度一致率0.50<0.55;|val ICIR|=0.018<0.1,True,,False,淘汰,主池三关未过: 符号相反;年度一致率0.50<0.55;|val ICIR|=0.018<0.1
MACD_HIST_SLOPE5,技术指标,False,0.01647,0.04997,0.47297,74,-0.07032,-0.19208,0.02432,0.07376,0.49524,105,-0.04427,-0.12764,-0.02773,0.00707,0.03233,-0.06782,-0.04515,-0.09528,-0.28819,0.01020,0.01531,0.09009,0.01204,0.09838,-0.17953,-0.15349,0.03616,-0.07805,-0.08508,-0.03249,0.05096,0.03094,0.00232,0.02863,19,0.75000,0.75000,-0.02839,-0.08166,0.42296,636,-0.03645,-0.10367,0.02605,0.07353,0.48397,343,0.00992,0.02697,False,|val ICIR|=0.074<0.1,False,符号相反;年度一致率0.42<0.55;|val ICIR|=0.074<0.1,False,淘汰,主池三关未过: |val ICIR|=0.074<0.1
MACD_ZERO_CROSS,技术指标,False,0.00622,0.02006,0.52778,36,0.03284,0.11181,0.07232,0.22285,0.58000,50,0.03499,0.12553,-0.04601,,-0.05177,-0.10127,0.22065,,0.25000,0.01678,,,-0.09512,-0.19091,-0.03035,-0.14564,-0.11603,0.05719,-0.19305,0.02294,-0.03616,0.04056,0.08009,0.15993,8,0.75000,0.75000,-0.06375,-0.20296,0.41379,116,-0.05712,-0.18119,0.06263,0.16698,0.61856,97,0.00289,0.00867,True,,False,符号相反;年度一致率0.50<0.55,False,B,主池过、备池未过: 符号相反;年度一致率0.50<0.55
RSI6,技术指标,False,-0.05034,-0.16249,0.40541,74,-0.09812,-0.25823,0.02811,0.08225,0.49524,105,-0.06712,-0.19210,-0.02636,-0.17251,-0.00271,-0.09252,-0.09274,0.10050,-0.43419,-0.02348,0.12318,0.09778,0.04601,0.00416,-0.04004,-0.06576,-0.00089,-0.04876,0.00098,0.00783,0.00198,0.08891,0.09968,0.01237,19,0.50000,0.50000,-0.01525,-0.04326,0.43396,636,-0.08437,-0.22282,0.05189,0.14323,0.52187,343,-0.04623,-0.11447,False,符号相反;年度一致率0.50<0.55;|val ICIR|=0.082<0.1,False,符号相反;年度一致率0.53<0.55,False,淘汰,主池三关未过: 符号相反;年度一致率0.50<0.55;|val ICIR|=0.082<0.1
RSI14,技术指标,False,-0.09551,-0.30419,0.31081,74,-0.11727,-0.28334,0.00695,0.02393,0.40952,105,-0.05165,-0.13249,-0.07414,-0.08619,-0.04336,-0.07002,-0.11317,0.18889,-0.09665,-0.04279,0.04565,-0.07589,-0.01979,-0.01766,-0.04409,-0.06547,0.00308,-0.01376,-0.05177,-0.03469,-0.02011,0.10415,0.08385,-0.01457,19,0.50000,0.50000,-0.04133,-0.11820,0.41038,636,-0.09262,-0.24785,0.03729,0.10256,0.52187,343,-0.03921,-0.09754,False,符号相反;年度一致率0.50<0.55;|val ICIR|=0.024<0.1,False,符号相反,False,淘汰,主池三关未过: 符号相反;年度一致率0.50<0.55;|val ICIR|=0.024<0.1
BIAS20,技术指标,False,-0.09819,-0.32027,0.36486,74,-0.14808,-0.37748,-0.01125,-0.03306,0.40952,105,-0.09560,-0.25266,-0.02142,-0.20375,-0.05863,-0.09539,-0.08557,0.04475,-0.21505,-0.02654,0.21816,0.02505,0.04653,0.00513,-0.03267,-0.07908,0.02640,0.00302,-0.00660,-0.02065,-0.00865,0.09104,0.08947,0.01731,19,0.75000,0.25000,-0.02154,-0.06229,0.41352,636,-0.07466,-0.19712,0.04748,0.13279,0.51895,343,-0.03920,-0.09870,False,|val ICIR|=-0.033<0.1,False,符号相反,False,淘汰,主池三关未过: |val ICIR|=-0.033<0.1
BIAS60,技术指标,False,-0.08648,-0.28559,0.31081,74,-0.12438,-0.29046,-0.02833,-0.09027,0.48571,105,-0.05509,-0.14323,-0.13404,-0.05796,-0.03792,-0.04377,-0.07156,0.15309,0.04209,-0.07892,-0.08752,-0.09570,-0.07564,-0.09926,-0.03698,-0.06949,-0.09055,-0.01839,-0.05524,-0.03470,-0.02665,0.06244,0.08237,-0.00354,19,0.75000,0.25000,-0.05714,-0.16143,0.37736,636,-0.07996,-0.20449,0.03045,0.08211,0.49563,343,-0.03188,-0.07635,False,|val ICIR|=-0.090<0.1,False,符号相反;|val ICIR|=0.082<0.1,False,淘汰,主池三关未过: |val ICIR|=-0.090<0.1
BOLL_SQUEEZE,技术指标,False,-0.01849,-0.08926,0.46154,13,0.00713,0.02475,-0.07824,-0.31772,0.47059,34,0.01740,0.07593,-0.20000,,0.25288,0.01568,,,,,,,,-0.21822,,0.32181,,0.19381,-0.08839,0.14243,-0.05207,-0.00661,0.25613,-0.08738,3,0.50000,0.50000,0.06022,0.15625,0.54348,46,0.05787,0.16408,0.03719,0.10906,0.63333,30,0.03867,0.17832,False,年度一致率0.50<0.55,False,年度一致率0.33<0.55,False,淘汰,主池三关未过: 年度一致率0.50<0.55
DIST_SUPPORT20,位置结构,False,-0.08932,-0.27159,0.40541,74,-0.11513,-0.30366,-0.06671,-0.21734,0.34286,105,-0.06871,-0.19433,-0.11370,-0.11797,-0.04940,-0.09440,-0.12216,-0.28101,-0.41467,-0.02986,0.09789,-0.04528,0.01448,0.03741,-0.02689,-0.08629,0.05817,-0.12135,-0.05419,-0.04249,-0.10742,-0.01764,0.01429,-0.01587,19,1.00000,0.00000,-0.04778,-0.14198,0.40881,636,-0.06153,-0.16806,-0.02929,-0.08576,0.42857,343,-0.05745,-0.15337,True,,False,|val ICIR|=-0.086<0.1,False,B,主池过、备池未过: |val ICIR|=-0.086<0.1
DIST_RESIST20,位置结构,False,-0.01117,-0.03496,0.48649,74,0.03828,0.09446,-0.08359,-0.24007,0.34286,105,-0.02065,-0.06006,0.01482,0.05271,0.02404,0.10212,0.03654,0.02742,-0.00657,0.04669,-0.23289,-0.01424,-0.00615,0.04258,0.04546,0.05329,0.03349,-0.09624,-0.05483,-0.01854,-0.02157,-0.05828,-0.09529,-0.02561,19,1.00000,0.00000,-0.00049,-0.00137,0.47484,636,0.04985,0.13301,-0.05316,-0.14919,0.39650,343,0.01760,0.04457,True,,False,年度一致率0.47<0.55,False,B,主池过、备池未过: 年度一致率0.47<0.55
SR_RATIO20,位置结构,False,-0.06671,-0.20558,0.44595,74,-0.03580,-0.09057,-0.10985,-0.36725,0.28571,105,-0.06422,-0.20089,-0.03618,0.03039,-0.03136,-0.07859,-0.04315,-0.30432,-0.26973,0.01793,-0.18143,-0.17377,0.01977,-0.03472,0.04428,-0.10028,0.00138,-0.12735,-0.10167,-0.07058,-0.05325,-0.02045,-0.06330,0.00417,19,1.00000,0.00000,-0.05573,-0.15411,0.40252,636,-0.00210,-0.00547,-0.03664,-0.10042,0.42857,343,-0.01644,-0.04257,True,,True,,False,淘汰,共线性簇#2败给VOL15
EFF_RATIO10,位置结构,False,0.00574,0.01669,0.54054,74,-0.06540,-0.17596,0.02079,0.05690,0.44762,105,0.02496,0.07024,-0.08718,-0.08008,-0.03887,0.03079,0.08354,0.11828,-0.05170,-0.01660,0.19133,0.06753,0.00988,0.03149,-0.07632,0.01345,-0.04218,-0.08166,-0.00614,0.00654,0.02830,-0.01405,-0.00640,-0.08128,19,0.50000,0.50000,-0.00372,-0.01102,0.44654,636,-0.00416,-0.01143,-0.01740,-0.04856,0.46064,343,-0.03440,-0.09121,False,年度一致率0.50<0.55;|val ICIR|=0.057<0.1,False,|val ICIR|=-0.049<0.1,False,淘汰,主池三关未过: 年度一致率0.50<0.55;|val ICIR|=0.057<0.1
DIST_HIGH60,位置结构,False,-0.07969,-0.22646,0.43243,74,-0.09995,-0.23860,0.00966,0.03112,0.47619,105,-0.02393,-0.06860,-0.13538,0.00359,-0.01835,-0.02233,-0.07687,0.44404,0.15916,-0.10853,0.30433,-0.03889,-0.05025,-0.10156,0.06895,0.00886,-0.05784,0.02782,0.00259,-0.03162,0.01709,0.04533,0.05015,0.02162,19,0.50000,0.50000,-0.03047,-0.08494,0.40723,636,-0.05275,-0.13615,0.03402,0.09218,0.50437,343,-0.01325,-0.03261,False,符号相反;年度一致率0.50<0.55;|val ICIR|=0.031<0.1,False,符号相反;年度一致率0.53<0.55;|val ICIR|=0.092<0.1,False,淘汰,主池三关未过: 符号相反;年度一致率0.50<0.55;|val ICIR|=0.031<0.1
CLOSE_VS_HIGH,K线形态,False,-0.05836,-0.18036,0.36986,73,0.00700,0.02171,-0.06185,-0.18010,0.40952,105,-0.01165,-0.03470,-0.09759,-0.03921,-0.04757,-0.01381,0.02392,0.27408,0.01941,-0.02719,-0.02249,0.12201,-0.06779,-0.00908,0.06156,0.21536,-0.09217,0.04530,-0.01131,-0.03141,-0.00954,-0.09776,-0.01196,-0.03236,19,1.00000,0.00000,-0.00955,-0.02700,0.44654,636,0.01627,0.04344,-0.03161,-0.09131,0.44898,343,-0.05167,-0.14429,True,,False,|val ICIR|=-0.091<0.1,False,B,主池过、备池未过: |val ICIR|=-0.091<0.1
PRICE_TREND5,位置结构,False,-0.02832,-0.08585,0.45946,74,-0.07497,-0.19265,0.02801,0.08435,0.50476,105,-0.03523,-0.10969,-0.12107,-0.06387,0.01110,-0.11466,-0.06709,-0.19978,-0.40499,0.02037,0.08393,0.01089,-0.01541,0.00929,-0.06777,-0.05587,-0.07846,-0.10934,-0.03174,-0.00607,-0.00037,0.02453,0.05128,0.04559,19,0.25000,0.75000,-0.03231,-0.09192,0.41038,636,-0.07548,-0.20683,0.03218,0.08452,0.49271,343,-0.03769,-0.09365,False,符号相反;年度一致率0.25<0.55;|val ICIR|=0.084<0.1,False,符号相反;|val ICIR|=0.085<0.1,False,淘汰,主池三关未过: 符号相反;年度一致率0.25<0.55;|val ICIR|=0.084<0.1
MA_STACK,趋势,False,-0.01498,-0.05093,0.47143,70,-0.03347,-0.08984,-0.05793,-0.18370,0.34314,102,-0.03978,-0.12439,0.07823,-0.08763,-0.04445,0.02745,-0.07104,0.10768,-0.30374,-0.00593,-0.15470,-0.08264,-0.05718,-0.06909,0.10185,-0.07207,0.00327,-0.07029,-0.02575,-0.02671,-0.00063,-0.06498,0.00247,-0.06136,18,0.75000,0.25000,-0.03289,-0.09681,0.40071,564,-0.00601,-0.01718,-0.02611,-0.07137,0.44611,334,-0.02117,-0.05820,True,,False,|val ICIR|=-0.071<0.1,False,B,主池过、备池未过: |val ICIR|=-0.071<0.1
TREND_SLOPE_120,趋势,False,-0.02444,-0.08017,0.41892,74,0.00481,0.01477,-0.00154,-0.00460,0.47619,105,-0.01196,-0.03345,-0.23051,-0.14029,-0.05041,-0.07511,-0.01466,-0.12065,-0.21077,-0.01688,-0.24869,-0.19515,-0.06798,-0.13252,0.05620,0.02582,-0.02244,-0.14976,-0.04426,-0.09023,-0.02447,-0.09022,-0.02580,-0.06661,19,0.75000,0.25000,-0.07230,-0.19903,0.33962,636,-0.02632,-0.06946,-0.04691,-0.13051,0.38484,343,-0.04438,-0.12030,False,|val ICIR|=-0.005<0.1,True,,False,淘汰,主池三关未过: |val ICIR|=-0.005<0.1
RET20_CSR,反转×截面,False,-0.06832,-0.23210,0.33784,74,-0.11363,-0.28063,-0.08336,-0.26447,0.39048,105,-0.09149,-0.24165,-0.09892,-0.02938,-0.05312,-0.07241,-0.04374,-0.14600,0.03845,-0.02926,0.11737,-0.11769,-0.00886,-0.05756,-0.11380,-0.05129,0.00868,0.03856,-0.00665,-0.01723,-0.02076,0.07403,0.09565,-0.01331,19,1.00000,0.00000,-0.02738,-0.07841,0.41195,636,-0.05442,-0.14818,0.03594,0.09732,0.48980,343,-0.01509,-0.03723,True,,False,符号相反;|val ICIR|=0.097<0.1,False,B,主池过、备池未过: 符号相反;|val ICIR|=0.097<0.1
RSI_DIV,事件结构,True,0.03075,0.09431,0.56522,69,0.03667,0.11081,-0.01177,-0.03974,0.40206,97,-0.01110,-0.03005,-0.03744,-0.03319,-0.09039,-0.09673,0.05183,0.07048,-0.09262,-0.02144,0.35355,-0.01328,0.05686,0.00291,-0.04203,0.00800,0.03483,0.10485,0.02347,-0.05404,-0.03534,-0.03009,0.03799,0.07203,18,0.50000,0.50000,-0.00688,-0.02086,0.47478,575,-0.00907,-0.02591,0.01586,0.04728,0.48624,327,0.01782,0.05095,False,符号相反;年度一致率0.50<0.55;|val ICIR|=-0.040<0.1,False,符号相反;年度一致率0.50<0.55;|val ICIR|=0.047<0.1,False,淘汰,主池三关未过: 符号相反;年度一致率0.50<0.55;|val ICIR|=-0.040<0.1
DIV_COUNT_120,事件结构,True,-0.08290,-0.24721,0.41818,55,-0.00305,-0.00974,-0.03024,-0.11985,0.44304,79,-0.04307,-0.13354,0.21163,0.09566,-0.00217,0.10705,0.04576,0.03769,-1.00000,0.01840,0.14528,-0.10051,0.10250,0.03340,-0.01110,-0.01723,0.06262,0.01049,-0.01361,0.04835,-0.05877,0.02573,0.07514,-0.00368,19,1.00000,0.00000,0.03181,0.09152,0.53199,594,0.00093,0.00258,0.01216,0.03614,0.51592,314,0.04069,0.11927,True,,False,|val ICIR|=0.036<0.1,False,B,主池过、备池未过: |val ICIR|=0.036<0.1
DIV_HIST_AREA_SHRINK,事件结构,True,-0.00774,-0.02342,0.36486,74,-0.05116,-0.15796,-0.02821,-0.08643,0.41905,105,-0.06604,-0.22239,-0.10091,-0.07858,-0.12711,0.02724,-0.06968,-0.16982,0.07761,-0.01473,-0.08888,-0.15325,-0.01134,-0.04275,0.12346,-0.06090,0.12185,-0.03649,-0.03892,-0.03256,-0.02439,-0.12208,-0.00796,0.03713,19,0.75000,0.25000,-0.03297,-0.09753,0.43553,636,-0.02197,-0.06216,-0.02133,-0.06165,0.43440,343,-0.00235,-0.00629,False,|val ICIR|=-0.086<0.1,False,|val ICIR|=-0.062<0.1,False,淘汰,主池三关未过: |val ICIR|=-0.086<0.1
DIV_GOLDEN_CROSS_STATE,事件结构,True,-0.02579,-0.09373,0.47222,36,0.01646,0.05639,-0.00115,-0.00465,0.55172,58,-0.04949,-0.19003,0.11576,0.14983,0.13667,-0.02842,0.02299,0.49273,-0.21716,0.02967,0.22168,0.14146,-0.07268,0.16547,-0.25107,-0.13672,-0.12476,0.01713,-0.02643,-0.00714,0.04296,0.08635,0.04156,0.08283,18,0.50000,0.50000,0.01179,0.03590,0.48913,552,0.00270,0.00771,0.05929,0.17309,0.57006,314,0.02547,0.07113,False,年度一致率0.50<0.55;|val ICIR|=-0.005<0.1,True,,False,淘汰,主池三关未过: 年度一致率0.50<0.55;|val ICIR|=-0.005<0.1
REBOUND_FROM_L2,事件结构,True,-0.06459,-0.19769,0.36486,74,-0.08490,-0.20959,0.01252,0.03929,0.45714,105,-0.02751,-0.07383,-0.15604,0.01128,0.03060,0.00682,-0.04075,-0.00933,-0.35990,-0.01232,-0.05680,0.11876,0.03942,0.04711,-0.00003,-0.07544,-0.07189,0.00027,0.03875,0.03285,0.03195,0.07265,0.07942,0.01820,19,0.75000,0.25000,0.01005,0.02767,0.47013,636,-0.04780,-0.12377,0.05132,0.14829,0.51020,343,-0.04112,-0.10196,False,符号相反;|val ICIR|=0.039<0.1,True,,False,淘汰,主池三关未过: 符号相反;|val ICIR|=0.039<0.1
DIV_PRICE_NEWLOW_DEPTH,事件结构,True,-0.00923,-0.03246,0.44595,74,-0.02717,-0.08077,0.00739,0.02308,0.50476,105,-0.01416,-0.03914,0.00603,-0.07726,-0.09445,-0.00290,-0.05955,0.05408,0.08322,-0.07485,-0.05331,-0.03345,-0.02417,-0.10286,-0.00926,-0.02765,0.01804,0.05580,0.01330,-0.11183,-0.04779,-0.00164,-0.01824,-0.06988,19,0.50000,0.50000,-0.04540,-0.13029,0.39151,636,-0.01745,-0.04996,-0.03535,-0.09682,0.41983,343,-0.03201,-0.08888,False,符号相反;年度一致率0.50<0.55;|val ICIR|=0.023<0.1,False,|val ICIR|=-0.097<0.1,False,淘汰,主池三关未过: 符号相反;年度一致率0.50<0.55;|val ICIR|=0.023<0.1
DIV_DIF_LIFT,事件结构,True,-0.00274,-0.00808,0.44595,74,0.01345,0.04100,-0.00493,-0.01415,0.44762,105,0.01581,0.05011,0.07867,0.05195,-0.03024,0.10540,0.02033,0.09076,-0.03373,0.02972,0.24908,0.21214,0.05854,0.04347,-0.15399,0.13213,0.03709,0.19068,0.04613,0.05265,0.01816,-0.04497,0.05915,-0.03546,19,0.25000,0.75000,0.05334,0.15766,0.53302,636,0.03182,0.08778,0.00719,0.02074,0.45773,343,0.01409,0.03926,False,年度一致率0.25<0.55;|val ICIR|=-0.014<0.1,False,|val ICIR|=0.021<0.1,False,淘汰,主池三关未过: 年度一致率0.25<0.55;|val ICIR|=-0.014<0.1
DIV_SPAN_BARS,事件结构,True,0.00566,0.01741,0.51351,74,0.01313,0.03608,-0.04268,-0.14869,0.42857,105,-0.01825,-0.06470,0.03866,0.09977,0.11021,-0.01201,-0.00378,0.49663,0.03056,-0.01079,-0.22030,0.06977,0.04583,0.00133,-0.07133,0.05272,-0.08359,0.12652,-0.02364,0.06178,0.00942,0.05480,0.03105,0.09538,19,0.50000,0.50000,0.02853,0.08475,0.49371,636,-0.01293,-0.03504,0.04561,0.12955,0.52770,343,0.00371,0.01011,False,符号相反;年度一致率0.50<0.55,True,,False,淘汰,主池三关未过: 符号相反;年度一致率0.50<0.55
DAYS_SINCE_L2,事件结构,True,,,,0,,,,,,0,,,0.03134,-0.09049,-0.02106,-0.14938,-0.06405,0.04879,-0.43368,0.03357,0.30329,0.03077,0.01830,-0.03543,0.13862,0.04876,0.02520,0.01364,0.04543,-0.04147,0.05445,0.04384,0.02690,0.06314,19,,,-0.00583,-0.01607,0.45667,600,-0.02793,-0.07657,0.04572,0.12104,0.52522,337,0.00924,0.02510,False,符号相反;无有效年度;|val ICIR|=nan<0.1,False,符号相反;年度一致率0.32<0.55,False,淘汰,主池三关未过: 符号相反;无有效年度;|val ICIR|=nan<0.1
RET60,反转,False,-0.07340,-0.24020,0.40541,74,-0.09189,-0.23104,-0.05515,-0.17478,0.39048,105,-0.06446,-0.19058,-0.18603,-0.01589,-0.03620,-0.00733,-0.11686,0.01622,0.18343,-0.06883,-0.38128,-0.21484,-0.09109,-0.05225,0.04326,-0.00807,-0.03422,-0.07421,-0.10476,-0.05752,0.00736,0.03103,0.07213,-0.01044,19,1.00000,0.00000,-0.06832,-0.20076,0.36321,636,-0.07076,-0.18329,0.02836,0.07616,0.50146,343,-0.01840,-0.04541,True,,False,符号相反;|val ICIR|=0.076<0.1,False,B,主池过、备池未过: 符号相反;|val ICIR|=0.076<0.1
RET120_20,动量,False,0.04330,0.13915,0.52703,74,0.08260,0.23265,-0.00306,-0.00851,0.46667,105,0.00113,0.00303,-0.03283,0.00842,-0.06258,0.09329,-0.03493,0.17491,-0.15429,-0.03324,-0.29008,-0.00669,-0.02088,-0.11097,0.15995,0.08853,-0.02443,0.01015,-0.00954,-0.10299,0.02720,-0.02671,-0.05492,-0.04633,19,0.50000,0.50000,-0.03437,-0.09746,0.39937,636,0.01017,0.02770,-0.02721,-0.07677,0.41983,343,-0.00121,-0.00330,False,符号相反;年度一致率0.50<0.55;|val ICIR|=-0.009<0.1,False,|val ICIR|=-0.077<0.1,False,淘汰,主池三关未过: 符号相反;年度一致率0.50<0.55;|val ICIR|=-0.009<0.1
GAP_MEAN20,隔夜,False,-0.05241,-0.17235,0.39189,74,-0.03846,-0.12281,-0.00030,-0.00093,0.46667,105,0.02298,0.06873,0.05858,-0.08476,0.07287,-0.03660,-0.08769,-0.21661,-0.15046,-0.00489,-0.01958,0.12057,-0.03608,0.00348,-0.00931,0.03232,-0.05319,-0.01629,0.03088,-0.00078,0.06492,-0.02678,0.00601,0.01481,19,0.50000,0.50000,-0.00261,-0.00767,0.45126,636,-0.00525,-0.01489,0.01710,0.04894,0.47230,343,0.00233,0.00621,False,年度一致率0.50<0.55;|val ICIR|=-0.001<0.1,False,符号相反;年度一致率0.53<0.55;|val ICIR|=0.049<0.1,False,淘汰,主池三关未过: 年度一致率0.50<0.55;|val ICIR|=-0.001<0.1
GAP_VOL20,隔夜,False,-0.02143,-0.06998,0.44595,74,-0.00997,-0.02679,-0.10407,-0.30675,0.29524,105,-0.05071,-0.15379,-0.05777,-0.06580,-0.00816,-0.08821,-0.03427,-0.35318,0.00422,0.01868,-0.29319,-0.04041,-0.01738,-0.04718,0.00130,-0.07504,0.04651,-0.16914,-0.05998,-0.03821,-0.00942,-0.06171,-0.04171,-0.03239,19,1.00000,0.00000,-0.04467,-0.13520,0.38679,636,-0.01158,-0.03171,-0.03489,-0.09653,0.42274,343,-0.00174,-0.00459,True,,False,|val ICIR|=-0.097<0.1,False,淘汰,共线性簇#2败给VOL15
INFO_DISC20,反转,False,-0.05836,-0.21544,0.36486,74,-0.01922,-0.05890,-0.01213,-0.03791,0.49524,105,0.01295,0.03555,-0.15550,-0.11315,0.07541,-0.06718,-0.16519,-0.21192,-0.01981,-0.04837,0.13011,-0.00290,0.03648,-0.04239,0.09209,0.06091,-0.12829,-0.06728,-0.01651,-0.02136,-0.04657,0.04530,-0.02643,0.01487,19,0.75000,0.25000,-0.02925,-0.08741,0.41195,636,-0.02507,-0.07123,-0.00868,-0.02418,0.45322,342,-0.00786,-0.02241,False,|val ICIR|=-0.038<0.1,False,|val ICIR|=-0.024<0.1,False,淘汰,主池三关未过: |val ICIR|=-0.038<0.1
T1_GAP,制度,False,-0.03199,-0.11688,0.40541,74,-0.08136,-0.25058,0.04214,0.12151,0.44762,105,0.04014,0.10753,-0.03092,-0.02433,-0.02640,0.05116,-0.02364,-0.03709,-0.21519,-0.02546,0.01337,0.07970,-0.05078,0.02408,-0.03505,0.14687,0.03630,-0.01735,0.03905,0.02004,0.05718,-0.01454,-0.00161,-0.02236,19,0.50000,0.50000,0.00751,0.02249,0.45984,635,0.02093,0.05876,0.00575,0.01610,0.49271,343,-0.01384,-0.03968,False,符号相反;年度一致率0.50<0.55,False,年度一致率0.42<0.55;|val ICIR|=0.016<0.1,False,淘汰,主池三关未过: 符号相反;年度一致率0.50<0.55
VOL60,波动率,False,-0.06289,-0.18524,0.37838,74,-0.04755,-0.11935,-0.08809,-0.27752,0.30476,105,-0.05319,-0.15966,-0.09142,0.01978,-0.04946,0.02966,0.01848,-0.16018,-0.22706,0.09082,-0.48344,-0.13297,-0.01400,0.01852,-0.00479,0.01789,0.04164,-0.15319,-0.06175,-0.06532,-0.05552,-0.07145,-0.01624,-0.05126,19,1.00000,0.00000,-0.03221,-0.08682,0.41667,636,0.01577,0.04041,-0.04448,-0.11900,0.42566,343,-0.01928,-0.05169,True,,True,,False,淘汰,共线性簇#2败给VOL15
DVOL,波动率,False,-0.01326,-0.04048,0.36486,74,-0.08045,-0.21230,-0.05526,-0.16580,0.41905,105,-0.07267,-0.20855,-0.02786,0.06918,0.04608,0.03609,-0.02437,-0.35318,0.02502,-0.01909,-0.15857,0.00353,0.06673,0.00770,-0.00955,-0.09677,0.06269,-0.01300,-0.04761,0.00452,-0.04256,0.06384,0.01260,0.02005,19,0.75000,0.25000,-0.00422,-0.01232,0.46541,636,-0.02063,-0.05543,0.00971,0.02832,0.46939,343,-0.01010,-0.02656,True,,False,符号相反;年度一致率0.42<0.55;|val ICIR|=0.028<0.1,False,B,主池过、备池未过: 符号相反;年度一致率0.42<0.55;|val ICIR|=0.028<0.1
PARK20,波动率,False,-0.05533,-0.17095,0.41892,74,-0.03530,-0.09290,-0.09944,-0.35154,0.28571,105,-0.06463,-0.21750,-0.07846,0.05172,-0.08280,-0.07494,-0.03295,-0.25546,-0.28799,0.03292,-0.17562,-0.17215,0.02889,-0.02201,0.06860,-0.09999,0.03439,-0.11295,-0.08801,-0.08858,-0.07228,-0.02474,-0.05759,-0.01888,19,1.00000,0.00000,-0.05398,-0.14680,0.38994,636,-0.00376,-0.00985,-0.04595,-0.12648,0.40816,343,-0.02417,-0.06251,True,,True,,False,淘汰,共线性簇#2败给VOL15
GK_VOL,波动率,False,-0.07168,-0.22769,0.41892,74,-0.04846,-0.12321,-0.11921,-0.38664,0.30476,105,-0.07129,-0.22206,-0.04303,-0.00719,-0.09121,-0.08136,-0.06788,-0.34385,-0.30141,0.02294,-0.21080,-0.12131,0.01906,-0.05634,0.04541,-0.08402,-0.02899,-0.08946,-0.06849,-0.07226,-0.05757,-0.02832,-0.05175,-0.00234,19,1.00000,0.00000,-0.05555,-0.15130,0.40566,636,-0.00423,-0.01090,-0.03694,-0.10352,0.43732,343,-0.01711,-0.04389,True,,True,,False,淘汰,共线性簇#2败给VOL15
GK_VOL_RATIO,波动率,False,-0.01891,-0.06245,0.40541,74,-0.04068,-0.11911,-0.13178,-0.44544,0.27619,105,-0.12610,-0.38571,-0.09337,0.09391,-0.06060,0.02826,-0.14733,0.03953,-0.08463,0.00463,0.34087,-0.16484,0.07058,-0.05151,-0.10919,-0.07609,-0.02902,0.09394,-0.01748,-0.03262,-0.01895,-0.03511,0.01326,0.00331,19,0.75000,0.25000,-0.02040,-0.06055,0.42925,636,-0.03068,-0.08906,-0.00586,-0.01720,0.48397,343,-0.00350,-0.00988,True,,False,|val ICIR|=-0.017<0.1,False,B,主池过、备池未过: |val ICIR|=-0.017<0.1
VOL_CONTRACTION60,波动率,False,-0.01598,-0.04798,0.45946,74,-0.02912,-0.08832,-0.09761,-0.30936,0.29524,105,-0.10551,-0.30470,-0.00547,0.06052,-0.00465,0.00430,-0.05139,-0.02823,0.13111,-0.05755,-0.07617,-0.05325,0.00406,0.01130,-0.00493,-0.28691,0.01226,-0.03381,-0.07325,-0.07861,-0.13751,-0.08528,-0.10166,0.01260,19,0.75000,0.25000,-0.04553,-0.13146,0.41038,636,-0.00723,-0.02035,-0.07975,-0.21864,0.35860,343,-0.02956,-0.07773,True,,True,,False,A,双池双段三关皆过，共线性幸存
BBW_PCTILE250,波动率,False,-0.04592,-0.14431,0.39189,74,-0.00241,-0.00635,-0.04349,-0.13301,0.39048,105,-0.03818,-0.10058,-0.09400,0.09368,0.08575,0.15007,0.06399,0.07843,-0.07332,0.00381,0.05049,-0.00556,-0.05304,-0.00515,0.06513,-0.18516,0.05780,-0.07032,-0.03424,-0.02399,-0.05331,-0.09592,-0.08226,-0.02308,19,1.00000,0.00000,-0.00788,-0.02186,0.42992,635,0.01121,0.03085,-0.06288,-0.17915,0.36842,342,-0.03194,-0.09157,True,,True,,False,A,双池双段三关皆过，共线性幸存
VMA5,量能,False,0.04299,0.13118,0.55405,74,-0.01541,-0.04210,0.01992,0.05114,0.51429,105,-0.03991,-0.11244,0.01226,-0.16878,-0.03059,-0.01339,-0.00069,-0.18818,-0.51713,-0.05967,-0.14287,0.07039,0.00104,0.09106,-0.05185,-0.13053,-0.12380,-0.07839,-0.02219,0.02049,-0.01623,0.02641,0.07412,-0.04503,19,1.00000,1.00000,-0.02176,-0.06014,0.43553,636,-0.09991,-0.28204,0.01380,0.03944,0.49563,343,-0.06069,-0.16183,False,|val ICIR|=0.051<0.1,False,符号相反;|val ICIR|=0.039<0.1,False,淘汰,主池三关未过: |val ICIR|=0.051<0.1
VSTD20,量能,False,-0.03604,-0.10393,0.33784,74,-0.05084,-0.12242,-0.10568,-0.28926,0.25714,105,-0.09424,-0.27221,-0.08074,0.00521,-0.05202,0.03003,-0.03682,-0.20500,-0.08489,0.00087,0.05467,0.05349,0.04100,0.09357,-0.01318,-0.26017,0.02039,-0.09801,-0.07862,-0.00821,-0.04128,0.01640,0.04092,-0.05506,19,0.75000,0.25000,-0.02377,-0.06955,0.41195,636,-0.07301,-0.19876,-0.00755,-0.02205,0.43732,343,-0.03207,-0.09075,True,,False,年度一致率0.53<0.55;|val ICIR|=-0.022<0.1,False,B,主池过、备池未过: 年度一致率0.53<0.55;|val ICIR|=-0.022<0.1
VOLUME_TREND10,量能,False,-0.04779,-0.13274,0.41892,74,-0.11206,-0.30509,0.01889,0.05221,0.43810,105,-0.05293,-0.16898,-0.11288,-0.15837,-0.04896,-0.05741,-0.09101,0.04445,-0.49650,-0.05518,-0.17533,0.22220,0.04204,0.11948,-0.06322,-0.23415,0.07487,0.00291,-0.00403,0.02893,0.02299,0.07914,0.08918,0.03522,19,0.50000,0.50000,-0.00852,-0.02480,0.46069,636,-0.06131,-0.16868,0.05759,0.16469,0.53644,343,-0.03245,-0.09584,False,符号相反;年度一致率0.50<0.55;|val ICIR|=0.052<0.1,False,符号相反;年度一致率0.47<0.55,False,淘汰,主池三关未过: 符号相反;年度一致率0.50<0.55;|val ICIR|=0.052<0.1
OBV_TREND,量能,False,-0.02118,-0.06018,0.41892,74,-0.05377,-0.13666,-0.00768,-0.02242,0.48571,105,-0.06646,-0.19623,0.03874,-0.09157,-0.08378,-0.04833,-0.12263,0.00896,-0.09424,-0.01523,0.16932,0.10768,0.04525,0.05101,-0.11135,-0.01407,-0.04538,-0.01783,-0.00632,-0.00746,0.04562,0.01315,0.09083,0.04943,19,0.75000,0.25000,-0.01419,-0.04125,0.43711,636,-0.06747,-0.18970,0.05554,0.15243,0.53644,343,-0.00586,-0.01595,False,|val ICIR|=-0.022<0.1,False,符号相反,False,淘汰,主池三关未过: |val ICIR|=-0.022<0.1
OBV_DIV,量价背离,False,-0.00232,-0.00761,0.40541,74,-0.00794,-0.02332,-0.02147,-0.06926,0.40000,105,-0.01508,-0.04429,-0.02107,0.02394,0.00417,-0.01657,0.05076,0.21444,-0.11367,-0.01645,0.17213,-0.07278,-0.03833,-0.07321,0.00033,0.03202,0.00560,0.04531,0.01741,0.01563,-0.03172,0.00246,0.02292,-0.01463,19,0.50000,0.50000,0.00187,0.00534,0.45440,636,0.02645,0.07519,-0.00362,-0.00973,0.45481,343,-0.00510,-0.01304,False,年度一致率0.50<0.55;|val ICIR|=-0.069<0.1,False,符号相反;|val ICIR|=-0.010<0.1,False,淘汰,主池三关未过: 年度一致率0.50<0.55;|val ICIR|=-0.069<0.1
PVR20,量价背离,False,-0.06542,-0.19243,0.36486,74,-0.09785,-0.30981,-0.01205,-0.03244,0.44762,105,-0.02880,-0.08630,-0.05433,-0.20171,-0.08295,0.00463,-0.13938,-0.01839,-0.03829,-0.00618,-0.36491,0.01576,0.08187,-0.04744,-0.11142,-0.14804,-0.04816,0.07844,-0.01663,-0.04266,-0.00338,0.01530,0.07150,-0.03712,19,0.75000,0.25000,-0.03277,-0.09341,0.41352,636,-0.09221,-0.25901,0.01613,0.04435,0.44898,343,-0.03219,-0.09083,False,|val ICIR|=-0.032<0.1,False,符号相反;|val ICIR|=0.044<0.1,False,淘汰,主池三关未过: |val ICIR|=-0.032<0.1
VSHRINK,量价背离,False,0.00938,0.02642,0.39189,74,-0.00488,-0.01361,-0.06858,-0.21682,0.37143,105,-0.07964,-0.22746,-0.08192,0.10208,-0.05307,0.01897,-0.06243,-0.05792,-0.29415,0.00541,0.04991,-0.14666,0.11279,-0.05123,-0.00120,0.01747,0.01322,0.09118,-0.01954,0.04526,-0.00417,-0.02507,0.04541,-0.02361,19,0.25000,0.25000,0.00742,0.02243,0.48742,636,0.02442,0.06969,0.00354,0.01018,0.44606,343,0.03547,0.09837,False,符号相反;年度一致率0.25<0.55,False,年度一致率0.47<0.55;|val ICIR|=0.010<0.1,False,淘汰,主池三关未过: 符号相反;年度一致率0.25<0.55
VOL_DRYUP_EXTREME,量能,False,0.01066,0.03545,0.50000,44,0.02722,0.08082,0.07050,0.21987,0.64789,71,0.07031,0.23323,0.12382,-0.05492,-0.15431,-0.03370,0.01596,,0.00000,-0.00187,0.10847,-0.01625,-0.03488,0.10022,0.05741,0.20874,-0.06132,0.06629,-0.00272,-0.03861,-0.00536,-0.01709,0.01020,-0.04658,14,0.75000,0.75000,0.00601,0.01815,0.48072,389,0.00193,0.00630,-0.01268,-0.04337,0.51389,216,-0.02948,-0.10229,True,,False,符号相反;年度一致率0.36<0.55;|val ICIR|=-0.043<0.1,False,B,主池过、备池未过: 符号相反;年度一致率0.36<0.55;|val ICIR|=-0.043<0.1
AMT_SHRINK_PEAK,量能,False,-0.08901,-0.26705,0.35135,74,-0.10027,-0.29685,-0.03017,-0.08016,0.41905,105,-0.03927,-0.11000,-0.10786,-0.04982,-0.05519,-0.02006,-0.05701,-0.25546,-0.07183,-0.10909,0.01124,0.05133,0.07103,-0.05219,-0.06943,-0.33374,-0.01816,-0.02678,-0.01766,-0.13301,-0.04663,0.00590,-0.00038,0.01303,19,0.75000,0.25000,-0.06554,-0.18387,0.36635,636,-0.04688,-0.12623,-0.00757,-0.02115,0.45773,343,0.00436,0.01222,False,|val ICIR|=-0.080<0.1,False,|val ICIR|=-0.021<0.1,False,淘汰,主池三关未过: |val ICIR|=-0.080<0.1
RVC20,量价相关,False,-0.09208,-0.31888,0.28378,74,-0.09120,-0.25391,-0.09341,-0.29995,0.35238,105,-0.06703,-0.19947,0.02470,-0.00479,-0.01602,-0.04264,-0.13925,-0.39515,-0.25368,-0.02846,-0.01551,0.04612,0.06564,-0.02878,-0.08566,-0.05428,-0.09835,0.02798,-0.05220,-0.04816,0.00441,0.00204,0.09435,-0.03239,19,1.00000,0.00000,-0.03701,-0.10299,0.40252,636,-0.08705,-0.24021,0.02434,0.06450,0.48105,343,-0.02960,-0.07642,True,,False,符号相反;|val ICIR|=0.065<0.1,False,B,主池过、备池未过: 符号相反;|val ICIR|=0.065<0.1
CPV_TREND,量价相关,False,-0.01808,-0.06135,0.39189,74,-0.04301,-0.12928,0.03608,0.11502,0.47619,105,-0.00353,-0.00979,0.12367,0.05059,0.03524,-0.00391,0.03143,-0.13253,0.03961,0.03942,-0.14519,-0.00754,-0.01377,0.01810,-0.09179,-0.01823,-0.09507,0.10705,-0.02542,-0.00776,0.00102,0.02281,-0.02544,-0.00116,19,0.00000,1.00000,0.00466,0.01344,0.46226,636,-0.02687,-0.07354,-0.00428,-0.01225,0.45481,343,-0.03143,-0.08366,False,符号相反;年度一致率0.00<0.55,False,符号相反;年度一致率0.47<0.55;|val ICIR|=-0.012<0.1,False,淘汰,主池三关未过: 符号相反;年度一致率0.00<0.55
DSR20,波动结构,False,0.08561,0.26576,0.67568,74,0.07196,0.17955,0.05614,0.18528,0.56190,105,0.06833,0.21340,0.05095,0.06270,0.03304,0.01460,0.09495,0.08092,0.21012,0.03035,0.08995,0.05766,-0.02598,0.01334,0.04846,0.04599,0.00282,-0.02821,0.03721,0.04419,0.06276,-0.08545,-0.10239,-0.00225,19,0.75000,0.75000,0.03145,0.08972,0.51572,636,0.06535,0.18387,-0.03344,-0.09388,0.44898,343,0.03428,0.09208,True,,False,符号相反;|val ICIR|=-0.094<0.1,False,淘汰,共线性簇#1败给RET20
SJV60,波动结构,False,-0.08757,-0.26805,0.40541,74,-0.06846,-0.18185,-0.09092,-0.30483,0.33333,105,-0.03308,-0.10024,-0.06466,-0.00738,0.01009,-0.02532,-0.13367,0.15042,0.11456,0.00820,-0.24359,-0.10030,-0.02491,-0.03854,-0.00588,-0.02792,0.10124,-0.07152,-0.05072,-0.02094,-0.01883,0.07210,0.05399,0.00920,19,0.75000,0.25000,-0.02891,-0.08464,0.41824,636,-0.04335,-0.11895,0.02798,0.08288,0.45190,343,-0.02568,-0.07125,True,,False,符号相反;|val ICIR|=0.083<0.1,False,B,主池过、备池未过: 符号相反;|val ICIR|=0.083<0.1
JUMPFREQ60,波动结构,False,-0.02819,-0.08783,0.43243,74,-0.03710,-0.09815,-0.06447,-0.22336,0.35238,105,-0.10421,-0.30734,-0.00937,0.03121,-0.00117,-0.01114,-0.08588,-0.39158,0.02892,0.02073,-0.17669,-0.09860,-0.10646,-0.02748,0.12130,-0.16919,-0.12200,-0.03666,-0.06685,-0.06657,-0.10347,-0.04278,-0.09713,-0.02422,19,1.00000,0.00000,-0.05098,-0.15539,0.40409,636,-0.02505,-0.06948,-0.07120,-0.22211,0.35277,343,-0.06200,-0.17798,True,,True,,False,A,双池双段三关皆过，共线性幸存
MAX5_20,彩票,False,-0.05449,-0.17258,0.43243,74,-0.04071,-0.10691,-0.11185,-0.36433,0.26667,105,-0.09224,-0.27565,-0.13265,-0.02725,-0.03935,0.00601,-0.08083,-0.44866,-0.48298,-0.01477,-0.15827,-0.16682,-0.01108,-0.00612,0.02470,-0.14214,0.05135,-0.10291,-0.10960,-0.07547,-0.09600,-0.01563,0.01431,0.03190,19,1.00000,0.00000,-0.06468,-0.18391,0.38522,636,-0.04572,-0.12624,-0.01437,-0.03842,0.42566,343,-0.01855,-0.04879,True,,False,|val ICIR|=-0.038<0.1,False,淘汰,共线性簇#2败给VOL15
SKEW60,高阶矩,False,-0.08932,-0.32173,0.32432,74,-0.03311,-0.09173,-0.07363,-0.22799,0.36190,105,-0.01169,-0.03637,0.04976,0.06446,0.05529,0.03681,-0.18237,0.16330,-0.32471,-0.03647,-0.05699,-0.11216,-0.03365,-0.01192,0.05418,-0.03039,0.10847,-0.02063,-0.04818,-0.05023,-0.03781,0.02306,0.04898,-0.02323,19,1.00000,0.00000,-0.02903,-0.08480,0.41824,636,-0.03798,-0.10580,0.00493,0.01418,0.43732,343,-0.02400,-0.06759,True,,False,符号相反;|val ICIR|=0.014<0.1,False,B,主池过、备池未过: 符号相反;|val ICIR|=0.014<0.1
KURT60,高阶矩,False,-0.05923,-0.17949,0.44595,74,-0.06698,-0.19282,0.01722,0.05820,0.50476,105,-0.00764,-0.02411,0.00376,0.05144,0.01192,0.13891,-0.10627,-0.12822,0.40278,-0.00756,0.21555,-0.03582,-0.01845,0.09146,-0.06173,-0.11200,-0.04939,0.04631,0.03749,0.03959,-0.01572,0.08838,0.00530,-0.04588,19,0.50000,0.50000,0.01973,0.05590,0.49686,636,-0.03207,-0.08685,0.00227,0.00644,0.46647,343,-0.05078,-0.14945,False,符号相反;年度一致率0.50<0.55;|val ICIR|=0.058<0.1,False,年度一致率0.53<0.55;|val ICIR|=0.006<0.1,False,淘汰,主池三关未过: 符号相反;年度一致率0.50<0.55;|val ICIR|=0.058<0.1
IVOV60,高阶矩,False,-0.07706,-0.22077,0.39189,74,-0.05007,-0.14321,-0.08827,-0.29866,0.28571,105,-0.05262,-0.16749,-0.11029,0.00947,-0.04180,0.04567,-0.03170,-0.03481,-0.10755,0.06008,-0.29454,-0.14047,0.00375,0.06201,-0.01257,0.10046,-0.00701,-0.08375,-0.06172,-0.05565,-0.04220,-0.07002,-0.01498,-0.08973,19,1.00000,0.00000,-0.02265,-0.06285,0.41824,636,-0.00046,-0.00123,-0.04990,-0.13110,0.42857,343,-0.03697,-0.10013,True,,True,,False,淘汰,共线性簇#2败给VOL15
CAL_MONTH_POS,日历,False,,,,0,,,,,,0,,,,,,,,,,,,,,,,,,,,,,,,,0,,,,,,0,,,,,,0,,,False,符号相反;无有效年度;|val ICIR|=nan<0.1,False,符号相反;无有效年度;|val ICIR|=nan<0.1,False,淘汰,主池三关未过: 符号相反;无有效年度;|val ICIR|=nan<0.1
CAL_HOLIDAY,日历,False,,,,0,,,,,,0,,,,,,,,,,,,,,,,,,,,,,,,,0,,,,,,0,,,,,,0,,,False,符号相反;无有效年度;|val ICIR|=nan<0.1,False,符号相反;无有效年度;|val ICIR|=nan<0.1,False,淘汰,主池三关未过: 符号相反;无有效年度;|val ICIR|=nan<0.1
MKT_VOL20_PCT,市场状态,False,,,,0,,,,,,0,,,,,,,,,,,,,,,,,,,,,,,,,0,,,,,,0,,,,,,0,,,False,符号相反;无有效年度;|val ICIR|=nan<0.1,False,符号相反;无有效年度;|val ICIR|=nan<0.1,False,淘汰,主池三关未过: 符号相反;无有效年度;|val ICIR|=nan<0.1
MKT_DD120,市场状态,False,,,,0,,,,,,0,,,,,,,,,,,,,,,,,,,,,,,,,0,,,,,,0,,,,,,0,,,False,符号相反;无有效年度;|val ICIR|=nan<0.1,False,符号相反;无有效年度;|val ICIR|=nan<0.1,False,淘汰,主池三关未过: 符号相反;无有效年度;|val ICIR|=nan<0.1
MKT_RSI14,市场状态,False,,,,0,,,,,,0,,,,,,,,,,,,,,,,,,,,,,,,,0,,,,,,0,,,,,,0,,,False,符号相反;无有效年度;|val ICIR|=nan<0.1,False,符号相反;无有效年度;|val ICIR|=nan<0.1,False,淘汰,主池三关未过: 符号相反;无有效年度;|val ICIR|=nan<0.1
BREADTH_ADV5,市场宽度,False,,,,0,,,,,,0,,,,,,,,,,,,,,,,,,,,,,,,,0,,,,,,0,,,,,,0,,,False,符号相反;无有效年度;|val ICIR|=nan<0.1,False,符号相反;无有效年度;|val ICIR|=nan<0.1,False,淘汰,主池三关未过: 符号相反;无有效年度;|val ICIR|=nan<0.1
BREADTH_NEWLOW,市场宽度,False,,,,0,,,,,,0,,,,,,,,,,,,,,,,,,,,,,,,,0,,,,,,0,,,,,,0,,,False,符号相反;无有效年度;|val ICIR|=nan<0.1,False,符号相反;无有效年度;|val ICIR|=nan<0.1,False,淘汰,主池三关未过: 符号相反;无有效年度;|val ICIR|=nan<0.1
BREADTH_ABOVE_MA20,市场宽度,False,,,,0,,,,,,0,,,,,,,,,,,,,,,,,,,,,,,,,0,,,,,,0,,,,,,0,,,False,符号相反;无有效年度;|val ICIR|=nan<0.1,False,符号相反;无有效年度;|val ICIR|=nan<0.1,False,淘汰,主池三关未过: 符号相反;无有效年度;|val ICIR|=nan<0.1
MKT_MEDIAN_RET20,市场宽度,False,,,,0,,,,,,0,,,,,,,,,,,,,,,,,,,,,,,,,0,,,,,,0,,,,,,0,,,False,符号相反;无有效年度;|val ICIR|=nan<0.1,False,符号相反;无有效年度;|val ICIR|=nan<0.1,False,淘汰,主池三关未过: 符号相反;无有效年度;|val ICIR|=nan<0.1
MKT_AMT_PCT,市场情绪,False,,,,0,,,,,,0,,,,,,,,,,,,,,,,,,,,,,,,,0,,,,,,0,,,,,,0,,,False,符号相反;无有效年度;|val ICIR|=nan<0.1,False,符号相反;无有效年度;|val ICIR|=nan<0.1,False,淘汰,主池三关未过: 符号相反;无有效年度;|val ICIR|=nan<0.1
REGIME_CODE,市场状态,False,,,,0,,,,,,0,,,,,,,,,,,,,,,,,,,,,,,,,0,,,,,,0,,,,,,0,,,False,符号相反;无有效年度;|val ICIR|=nan<0.1,False,符号相反;无有效年度;|val ICIR|=nan<0.1,False,淘汰,主池三关未过: 符号相反;无有效年度;|val ICIR|=nan<0.1
DIST_LIMIT,制度,False,0.05814,0.19805,0.58108,74,-0.02317,-0.06754,0.00559,0.01676,0.42857,105,-0.02569,-0.07974,-0.11698,-0.14815,-0.04724,0.00440,-0.04297,-0.03451,-0.33912,0.00428,-0.18602,-0.05029,0.04128,0.08608,-0.06453,-0.14670,0.00955,-0.10875,-0.06084,-0.01274,-0.08389,0.07188,-0.01379,0.06182,19,0.75000,0.75000,-0.02934,-0.08803,0.42925,636,-0.05812,-0.16631,0.00239,0.00695,0.44606,343,-0.03882,-0.09791,False,|val ICIR|=0.017<0.1,False,符号相反;|val ICIR|=0.007<0.1,False,淘汰,主池三关未过: |val ICIR|=0.017<0.1
DISPOSAL60,制度,False,-0.08336,-0.27148,0.35135,74,-0.12563,-0.30361,0.00798,0.02553,0.46667,105,-0.02415,-0.06767,-0.16933,0.04283,-0.04351,-0.04201,-0.06660,0.29773,-0.12359,-0.09450,0.15778,0.04455,-0.07778,-0.06390,-0.09614,0.05831,-0.02697,0.11598,0.01916,-0.00557,-0.00520,0.09603,0.09411,0.09610,19,0.50000,0.50000,-0.02026,-0.05614,0.42925,636,-0.06410,-0.16972,0.07004,0.19028,0.51603,343,-0.01507,-0.03754,False,符号相反;年度一致率0.50<0.55;|val ICIR|=0.026<0.1,False,符号相反,False,淘汰,主池三关未过: 符号相反;年度一致率0.50<0.55;|val ICIR|=0.026<0.1
NEW_LISTING,制度,False,0.03451,0.16918,0.56250,32,0.01691,0.05776,-0.02102,-0.07020,0.50000,72,-0.03834,-0.12006,0.05030,-0.10995,-0.06429,-0.01648,0.13387,,-0.04366,0.02934,,-0.27210,-0.00656,0.07266,-0.02722,,0.04382,-0.08672,-0.07814,-0.05677,0.06688,-0.05158,0.04529,-0.06480,14,0.75000,0.75000,-0.02923,-0.09210,0.42547,369,-0.03245,-0.09763,-0.00019,-0.00059,0.50455,220,-0.02569,-0.06980,False,符号相反;|val ICIR|=-0.070<0.1,False,年度一致率0.50<0.55;|val ICIR|=-0.001<0.1,False,淘汰,主池三关未过: 符号相反;|val ICIR|=-0.070<0.1
PCTB,技术指标,False,-0.03804,-0.11849,0.39189,74,-0.10153,-0.27317,0.02132,0.05991,0.48571,105,-0.06570,-0.18574,-0.00972,-0.15987,-0.05564,-0.09893,-0.09352,0.06097,-0.42077,-0.02367,0.21031,-0.02684,0.04009,0.00472,0.01099,-0.05036,0.00737,0.05809,-0.00788,-0.00171,-0.00789,0.10641,0.11374,0.00340,19,0.50000,0.50000,-0.01491,-0.04191,0.42138,636,-0.07659,-0.20238,0.05492,0.14581,0.52187,343,-0.04051,-0.10430,False,符号相反;年度一致率0.50<0.55;|val ICIR|=0.060<0.1,False,符号相反,False,淘汰,主池三关未过: 符号相反;年度一致率0.50<0.55;|val ICIR|=0.060<0.1
RSI_OVERSOLD_DAYS,技术指标,False,,,,0,,,-0.16926,,0.00000,1,-0.12018,,-0.21822,0.15728,-1.00000,-0.14515,-0.04048,0.25000,,0.02253,,0.05574,0.06022,-0.05215,,,0.23525,0.01194,-0.05442,-0.06902,0.13887,0.06427,0.01277,0.00769,4,,,-0.02220,-0.08559,0.46078,102,0.02255,0.07664,0.05618,0.24570,0.53571,28,0.01604,0.05301,False,符号相反;无有效年度;|val ICIR|=nan<0.1,False,符号相反;年度一致率0.50<0.55,False,淘汰,主池三关未过: 符号相反;无有效年度;|val ICIR|=nan<0.1
RSV9,技术指标,False,0.00787,0.02448,0.48649,74,-0.05937,-0.14756,0.02078,0.06311,0.44762,105,-0.09364,-0.30287,-0.01096,-0.09669,0.13019,-0.01527,-0.03565,0.03891,-0.43903,-0.00499,0.03576,0.13628,-0.00132,0.04473,-0.01547,-0.17010,-0.00790,-0.00180,0.03398,0.01430,0.01540,0.10168,0.04833,0.03708,19,0.75000,0.75000,0.00801,0.02292,0.47956,636,-0.05942,-0.15772,0.04681,0.13064,0.51020,343,0.00596,0.01547,False,|val ICIR|=0.063<0.1,False,年度一致率0.47<0.55,False,淘汰,主池三关未过: |val ICIR|=0.063<0.1
CNTD20,技术指标,False,0.05155,0.17590,0.48649,74,-0.00674,-0.01948,0.00867,0.02611,0.47619,105,-0.02056,-0.05892,-0.04870,-0.02915,-0.05295,-0.13748,-0.07302,-0.15750,0.21484,-0.00969,0.00376,-0.05923,-0.02272,-0.01196,-0.04661,-0.03400,-0.02443,-0.00003,-0.03809,-0.00976,0.05401,0.02757,-0.01051,0.00474,19,0.75000,0.75000,-0.02852,-0.08305,0.42453,636,-0.01926,-0.05533,0.01617,0.04577,0.49563,343,-0.00726,-0.02028,False,|val ICIR|=0.026<0.1,False,符号相反;|val ICIR|=0.046<0.1,False,淘汰,主池三关未过: |val ICIR|=0.026<0.1
SUMD20,技术指标,False,-0.06903,-0.22012,0.37838,74,-0.08841,-0.21991,-0.06307,-0.21630,0.39048,105,-0.09079,-0.24456,-0.09589,0.01577,-0.06915,-0.10821,-0.08340,-0.09714,-0.06870,-0.02889,0.05486,-0.16721,-0.02632,-0.05649,-0.05848,-0.02687,0.00696,0.07434,-0.06712,-0.02936,-0.00441,0.08545,0.09643,-0.01037,19,1.00000,0.00000,-0.04157,-0.11410,0.39937,636,-0.06366,-0.17827,0.04304,0.11851,0.49854,343,-0.01880,-0.04885,True,,False,符号相反,False,淘汰,共线性簇#1败给RET20
TSRANK20,位置,False,0.00367,0.01189,0.44595,74,-0.08093,-0.21911,0.01208,0.03493,0.48571,105,-0.07785,-0.22096,-0.03092,-0.13294,-0.03362,-0.06176,-0.09183,-0.08317,-0.34901,-0.00302,0.26762,0.01599,0.00741,-0.00047,0.02646,-0.06059,0.00913,0.01443,-0.00518,0.01160,-0.01526,0.06537,0.09744,0.00345,19,0.50000,0.50000,-0.01196,-0.03464,0.44515,629,-0.07421,-0.20082,0.04046,0.10943,0.51603,343,-0.04402,-0.11693,False,年度一致率0.50<0.55;|val ICIR|=0.035<0.1,False,符号相反;年度一致率0.53<0.55,False,淘汰,主池三关未过: 年度一致率0.50<0.55;|val ICIR|=0.035<0.1
IMIN20,位置,False,0.03951,0.15655,0.53521,71,-0.01035,-0.03396,0.04667,0.15264,0.46078,102,0.02486,0.07792,-0.01357,-0.02173,-0.02906,-0.03125,-0.04103,-0.09680,-0.16562,-0.02447,0.24105,0.00689,-0.03485,-0.12357,0.13803,-0.00470,0.08163,-0.04562,-0.03034,-0.03693,0.00467,-0.03258,-0.00956,-0.02162,19,0.75000,0.75000,-0.03152,-0.09399,0.42308,624,-0.02028,-0.05664,-0.01280,-0.03574,0.46291,337,-0.01628,-0.04273,True,,False,|val ICIR|=-0.036<0.1,False,B,主池过、备池未过: |val ICIR|=-0.036<0.1
IMXD20,位置,False,0.03405,0.12610,0.51351,74,0.06115,0.18510,0.01992,0.05823,0.52381,105,0.03748,0.10554,0.11154,0.01849,0.15221,0.05759,0.07277,0.33007,-0.09124,0.07470,-0.22924,0.05740,0.03713,0.15437,-0.04704,0.00902,-0.08233,-0.04907,0.03554,-0.00822,0.01838,-0.00035,-0.02114,0.05725,19,0.75000,0.75000,0.03862,0.11486,0.53071,635,0.02781,0.07881,0.01166,0.03312,0.51603,343,0.01763,0.04740,False,|val ICIR|=0.058<0.1,False,|val ICIR|=0.033<0.1,False,淘汰,主池三关未过: |val ICIR|=0.058<0.1
MACD_HIST_AMP20,技术指标,False,-0.03443,-0.09488,0.37838,74,-0.06877,-0.19067,-0.06321,-0.18700,0.36190,105,-0.05322,-0.14146,0.02056,-0.05803,0.00052,-0.07479,-0.08193,-0.18329,0.02257,0.03079,0.00300,-0.01389,-0.02368,-0.13783,0.03182,-0.09168,-0.14606,-0.15901,-0.06752,-0.09472,0.02492,-0.01741,-0.06999,-0.01846,19,1.00000,0.00000,-0.06664,-0.18968,0.39151,636,-0.01194,-0.03249,-0.02422,-0.07019,0.44315,343,0.00767,0.02078,True,,False,|val ICIR|=-0.070<0.1,False,B,主池过、备池未过: |val ICIR|=-0.070<0.1
MACD_GOLDEN_CROSS,技术指标,False,-0.10379,-0.50751,0.25000,4,0.08158,0.27411,0.03027,0.13914,0.61111,18,-0.05403,-0.24861,0.11404,0.09995,0.09799,-0.05118,0.10595,0.64550,-0.27639,0.00500,0.18061,0.07126,-0.05084,0.14254,-0.22638,0.00443,-0.10042,0.06218,0.00495,0.01115,0.03543,0.06633,0.02911,0.06789,16,,,0.02309,0.07283,0.53229,449,0.00016,0.00048,0.04639,0.13857,0.56727,275,0.00500,0.01421,False,符号相反;无有效年度,True,,False,淘汰,主池三关未过: 符号相反;无有效年度
UPPER_SHADOW_RATIO,K线形态,False,-0.02997,-0.09294,0.45946,74,-0.03813,-0.11294,-0.02662,-0.08063,0.44762,105,-0.02323,-0.06180,-0.12830,-0.03256,-0.03772,0.00333,0.04291,0.18569,0.01941,-0.06920,-0.02249,0.11825,-0.03584,-0.01493,0.05828,0.20974,-0.13231,0.04159,-0.01914,-0.04060,-0.01019,-0.12445,-0.00746,-0.01828,19,1.00000,0.00000,-0.01498,-0.04275,0.43987,632,0.01155,0.03145,-0.03160,-0.08832,0.44023,343,-0.04839,-0.13087,False,|val ICIR|=-0.081<0.1,False,|val ICIR|=-0.088<0.1,False,淘汰,主池三关未过: |val ICIR|=-0.081<0.1
BODY_STRENGTH,K线形态,False,0.03993,0.13918,0.60811,74,-0.06247,-0.18271,0.04765,0.14249,0.52381,105,-0.02174,-0.06583,0.02280,-0.14172,-0.00641,0.06244,-0.00534,-0.03451,0.01391,-0.03822,0.37768,-0.05373,0.09641,0.00453,-0.07303,-0.22988,-0.03167,-0.05200,-0.03942,0.02554,-0.02164,0.04017,0.03583,-0.02313,19,0.75000,0.75000,-0.01036,-0.03007,0.44094,635,-0.02158,-0.06087,0.00775,0.02316,0.47522,343,0.01629,0.04371,True,,False,符号相反;|val ICIR|=0.023<0.1,False,淘汰,共线性簇#6败给CLOSE_VS_HIGH
DOJI,K线形态,False,0.03183,0.09809,0.61538,52,-0.00598,-0.01797,0.04379,0.15536,0.57812,64,0.02077,0.06419,-0.12476,-0.05056,0.01063,-0.11824,-0.02744,0.05282,-0.61237,-0.04521,,-0.01720,-0.07100,0.23258,0.09315,-0.16039,-0.18219,-0.01944,0.00747,0.01463,0.07545,-0.10954,0.02055,0.07569,8,0.75000,0.75000,-0.01402,-0.04827,0.44375,160,0.01057,0.03628,0.03105,0.12006,0.54545,99,0.01243,0.03904,True,,False,符号相反;年度一致率0.38<0.55,False,B,主池过、备池未过: 符号相反;年度一致率0.38<0.55
ENGULFING,K线形态,False,0.07338,0.24765,0.61224,49,-0.00288,-0.00924,0.02431,0.08089,0.56944,72,0.04108,0.15440,-0.00772,0.09365,-0.11502,0.00667,0.14916,-0.07502,0.00000,0.00072,0.28868,-0.12597,0.03762,0.04390,-0.05378,-0.08667,0.00792,0.06366,0.00424,-0.00733,-0.11592,0.08990,-0.01468,0.05409,14,1.00000,1.00000,0.00694,0.02189,0.48529,340,0.01120,0.03347,-0.01191,-0.03375,0.51244,201,0.01828,0.06098,False,|val ICIR|=0.081<0.1,False,符号相反;|val ICIR|=-0.034<0.1,False,淘汰,主池三关未过: |val ICIR|=0.081<0.1
POS_52W,位置,False,-0.01546,-0.05205,0.32432,74,-0.06264,-0.16496,-0.04022,-0.14521,0.38095,105,-0.04578,-0.14313,-0.01007,0.05352,-0.10447,-0.05701,-0.13997,0.04207,-0.23023,-0.08723,0.05864,-0.00121,-0.05712,-0.10143,0.14708,-0.06705,-0.08509,-0.07896,-0.02151,-0.08947,0.02386,-0.05512,-0.00677,-0.01461,19,0.75000,0.25000,-0.06492,-0.18541,0.34906,636,-0.04149,-0.11452,-0.00961,-0.02723,0.44315,343,-0.01192,-0.03298,True,,False,|val ICIR|=-0.027<0.1,False,B,主池过、备池未过: |val ICIR|=-0.027<0.1
DIST_52W_LOW,位置,False,-0.03860,-0.12522,0.40541,74,-0.03488,-0.09675,-0.04950,-0.17757,0.36190,105,-0.00203,-0.00664,-0.04391,0.03694,-0.07031,-0.05458,-0.14684,0.06321,-0.08668,-0.03095,-0.26275,-0.02034,0.01128,-0.03098,0.12583,0.05824,-0.00279,-0.07227,-0.00898,-0.03911,-0.01094,-0.02904,0.02239,-0.01072,19,1.00000,0.00000,-0.02933,-0.08461,0.41038,636,-0.01978,-0.05403,-0.00322,-0.00918,0.46064,343,-0.01638,-0.04572,True,,False,|val ICIR|=-0.009<0.1,False,B,主池过、备池未过: |val ICIR|=-0.009<0.1
DIST_52W_HIGH,位置,False,-0.00028,-0.00080,0.35135,74,-0.05313,-0.11985,0.00747,0.02661,0.52381,105,-0.03975,-0.12499,-0.01423,-0.00248,-0.01994,-0.01696,-0.05173,0.28101,-0.11312,-0.13510,0.16835,-0.00731,-0.12691,-0.14632,0.10742,-0.07183,-0.09180,-0.02583,-0.02881,-0.10724,-0.01138,-0.06158,-0.02125,0.01698,19,0.50000,0.50000,-0.06895,-0.19615,0.34277,636,-0.03307,-0.08548,-0.01659,-0.04491,0.42274,343,-0.02788,-0.07234,False,符号相反;年度一致率0.50<0.55;|val ICIR|=0.027<0.1,False,|val ICIR|=-0.045<0.1,False,淘汰,主池三关未过: 符号相反;年度一致率0.50<0.55;|val ICIR|=0.027<0.1
AMIHUD_INTRADAY,流动性,False,0.00661,0.02336,0.52703,74,0.01720,0.04730,-0.02702,-0.07267,0.44762,105,0.00697,0.02040,0.04933,-0.10627,0.03772,0.02761,0.07996,-0.05850,0.42340,-0.00356,0.34135,-0.10838,0.08896,0.06319,-0.03133,0.03458,0.08359,0.05301,-0.05417,0.07157,-0.08531,0.03547,0.07956,-0.00536,19,0.25000,0.25000,0.03304,0.09729,0.51811,635,0.00720,0.01993,0.00959,0.02693,0.49563,343,0.00237,0.00609,False,符号相反;年度一致率0.25<0.55;|val ICIR|=-0.073<0.1,False,|val ICIR|=0.027<0.1,False,淘汰,主池三关未过: 符号相反;年度一致率0.25<0.55;|val ICIR|=-0.073<0.1
HL_SPREAD,流动性,False,-0.08043,-0.26309,0.39189,74,-0.09599,-0.25091,-0.06247,-0.17717,0.34286,105,-0.09155,-0.24351,-0.04030,-0.03746,-0.08987,-0.04989,-0.05193,-0.04140,-0.35256,-0.09720,-0.10555,-0.06119,0.00380,0.06611,-0.08806,-0.11668,-0.05482,-0.14254,-0.11197,-0.00552,-0.07561,-0.02904,0.01449,-0.04298,19,1.00000,0.00000,-0.05539,-0.15613,0.40566,636,-0.07326,-0.20441,-0.02992,-0.08504,0.38776,343,-0.04793,-0.12599,True,,False,|val ICIR|=-0.085<0.1,False,B,主池过、备池未过: |val ICIR|=-0.085<0.1
PRICE_IMPACT,流动性,False,-0.04031,-0.13194,0.41892,74,0.00768,0.02145,-0.03785,-0.10841,0.43810,105,-0.00521,-0.01394,-0.05490,-0.21304,0.00829,0.07355,0.05732,-0.14356,-0.10544,0.06523,-0.04362,-0.04739,0.01839,0.08828,-0.04750,-0.01703,0.00068,-0.08885,-0.07132,0.01477,-0.01621,-0.02700,-0.03783,-0.08031,19,1.00000,0.00000,-0.00294,-0.00818,0.47402,635,-0.01008,-0.02685,-0.04089,-0.11616,0.42566,343,-0.00896,-0.02265,True,,True,,False,A,双池双段三关皆过，共线性幸存
LOG_PRICE,价格水平,False,-0.02103,-0.06537,0.52703,74,-0.01083,-0.03003,-0.02456,-0.06584,0.41905,105,-0.04610,-0.12499,-0.06374,-0.17651,-0.06929,0.03138,0.02998,-0.05517,-0.10544,0.13404,-0.25251,0.09330,-0.00959,-0.00585,0.05925,-0.00606,-0.09174,-0.11183,-0.06764,-0.08295,0.05166,-0.05184,-0.07762,-0.07375,19,0.75000,0.25000,-0.03230,-0.08932,0.42767,636,-0.00566,-0.01462,-0.03967,-0.11496,0.43149,343,0.00772,0.01919,False,|val ICIR|=-0.066<0.1,True,,False,淘汰,主池三关未过: |val ICIR|=-0.066<0.1
CAL_DOW_0,日历,False,,,,0,,,,,,0,,,,,,,,,,,,,,,,,,,,,,,,,0,,,,,,0,,,,,,0,,,False,符号相反;无有效年度;|val ICIR|=nan<0.1,False,符号相反;无有效年度;|val ICIR|=nan<0.1,False,淘汰,主池三关未过: 符号相反;无有效年度;|val ICIR|=nan<0.1
CAL_DOW_1,日历,False,,,,0,,,,,,0,,,,,,,,,,,,,,,,,,,,,,,,,0,,,,,,0,,,,,,0,,,False,符号相反;无有效年度;|val ICIR|=nan<0.1,False,符号相反;无有效年度;|val ICIR|=nan<0.1,False,淘汰,主池三关未过: 符号相反;无有效年度;|val ICIR|=nan<0.1
CAL_DOW_2,日历,False,,,,0,,,,,,0,,,,,,,,,,,,,,,,,,,,,,,,,0,,,,,,0,,,,,,0,,,False,符号相反;无有效年度;|val ICIR|=nan<0.1,False,符号相反;无有效年度;|val ICIR|=nan<0.1,False,淘汰,主池三关未过: 符号相反;无有效年度;|val ICIR|=nan<0.1
CAL_DOW_3,日历,False,,,,0,,,,,,0,,,,,,,,,,,,,,,,,,,,,,,,,0,,,,,,0,,,,,,0,,,False,符号相反;无有效年度;|val ICIR|=nan<0.1,False,符号相反;无有效年度;|val ICIR|=nan<0.1,False,淘汰,主池三关未过: 符号相反;无有效年度;|val ICIR|=nan<0.1
CAL_DOW_4,日历,False,,,,0,,,,,,0,,,,,,,,,,,,,,,,,,,,,,,,,0,,,,,,0,,,,,,0,,,False,符号相反;无有效年度;|val ICIR|=nan<0.1,False,符号相反;无有效年度;|val ICIR|=nan<0.1,False,淘汰,主池三关未过: 符号相反;无有效年度;|val ICIR|=nan<0.1
CAL_MONTH_1,日历,False,,,,0,,,,,,0,,,,,,,,,,,,,,,,,,,,,,,,,0,,,,,,0,,,,,,0,,,False,符号相反;无有效年度;|val ICIR|=nan<0.1,False,符号相反;无有效年度;|val ICIR|=nan<0.1,False,淘汰,主池三关未过: 符号相反;无有效年度;|val ICIR|=nan<0.1
CAL_MONTH_2,日历,False,,,,0,,,,,,0,,,,,,,,,,,,,,,,,,,,,,,,,0,,,,,,0,,,,,,0,,,False,符号相反;无有效年度;|val ICIR|=nan<0.1,False,符号相反;无有效年度;|val ICIR|=nan<0.1,False,淘汰,主池三关未过: 符号相反;无有效年度;|val ICIR|=nan<0.1
CAL_MONTH_3,日历,False,,,,0,,,,,,0,,,,,,,,,,,,,,,,,,,,,,,,,0,,,,,,0,,,,,,0,,,False,符号相反;无有效年度;|val ICIR|=nan<0.1,False,符号相反;无有效年度;|val ICIR|=nan<0.1,False,淘汰,主池三关未过: 符号相反;无有效年度;|val ICIR|=nan<0.1
CAL_MONTH_4,日历,False,,,,0,,,,,,0,,,,,,,,,,,,,,,,,,,,,,,,,0,,,,,,0,,,,,,0,,,False,符号相反;无有效年度;|val ICIR|=nan<0.1,False,符号相反;无有效年度;|val ICIR|=nan<0.1,False,淘汰,主池三关未过: 符号相反;无有效年度;|val ICIR|=nan<0.1
CAL_MONTH_5,日历,False,,,,0,,,,,,0,,,,,,,,,,,,,,,,,,,,,,,,,0,,,,,,0,,,,,,0,,,False,符号相反;无有效年度;|val ICIR|=nan<0.1,False,符号相反;无有效年度;|val ICIR|=nan<0.1,False,淘汰,主池三关未过: 符号相反;无有效年度;|val ICIR|=nan<0.1
CAL_MONTH_6,日历,False,,,,0,,,,,,0,,,,,,,,,,,,,,,,,,,,,,,,,0,,,,,,0,,,,,,0,,,False,符号相反;无有效年度;|val ICIR|=nan<0.1,False,符号相反;无有效年度;|val ICIR|=nan<0.1,False,淘汰,主池三关未过: 符号相反;无有效年度;|val ICIR|=nan<0.1
CAL_MONTH_7,日历,False,,,,0,,,,,,0,,,,,,,,,,,,,,,,,,,,,,,,,0,,,,,,0,,,,,,0,,,False,符号相反;无有效年度;|val ICIR|=nan<0.1,False,符号相反;无有效年度;|val ICIR|=nan<0.1,False,淘汰,主池三关未过: 符号相反;无有效年度;|val ICIR|=nan<0.1
CAL_MONTH_8,日历,False,,,,0,,,,,,0,,,,,,,,,,,,,,,,,,,,,,,,,0,,,,,,0,,,,,,0,,,False,符号相反;无有效年度;|val ICIR|=nan<0.1,False,符号相反;无有效年度;|val ICIR|=nan<0.1,False,淘汰,主池三关未过: 符号相反;无有效年度;|val ICIR|=nan<0.1
CAL_MONTH_9,日历,False,,,,0,,,,,,0,,,,,,,,,,,,,,,,,,,,,,,,,0,,,,,,0,,,,,,0,,,False,符号相反;无有效年度;|val ICIR|=nan<0.1,False,符号相反;无有效年度;|val ICIR|=nan<0.1,False,淘汰,主池三关未过: 符号相反;无有效年度;|val ICIR|=nan<0.1
CAL_MONTH_10,日历,False,,,,0,,,,,,0,,,,,,,,,,,,,,,,,,,,,,,,,0,,,,,,0,,,,,,0,,,False,符号相反;无有效年度;|val ICIR|=nan<0.1,False,符号相反;无有效年度;|val ICIR|=nan<0.1,False,淘汰,主池三关未过: 符号相反;无有效年度;|val ICIR|=nan<0.1
CAL_MONTH_11,日历,False,,,,0,,,,,,0,,,,,,,,,,,,,,,,,,,,,,,,,0,,,,,,0,,,,,,0,,,False,符号相反;无有效年度;|val ICIR|=nan<0.1,False,符号相反;无有效年度;|val ICIR|=nan<0.1,False,淘汰,主池三关未过: 符号相反;无有效年度;|val ICIR|=nan<0.1
CAL_MONTH_12,日历,False,,,,0,,,,,,0,,,,,,,,,,,,,,,,,,,,,,,,,0,,,,,,0,,,,,,0,,,False,符号相反;无有效年度;|val ICIR|=nan<0.1,False,符号相反;无有效年度;|val ICIR|=nan<0.1,False,淘汰,主池三关未过: 符号相反;无有效年度;|val ICIR|=nan<0.1
KDJ_K,技术指标,False,-0.03519,-0.11178,0.43243,74,-0.09795,-0.26483,0.04717,0.13778,0.53333,105,-0.05432,-0.16401,0.03391,-0.06406,0.08764,-0.07358,-0.05069,0.15801,-0.34293,0.00850,0.21816,0.18417,-0.03593,-0.00382,0.14670,0.03682,-0.02181,0.09236,0.06888,0.00745,0.00749,0.04506,0.05154,0.05418,19,0.00000,1.00000,0.02261,0.06433,0.46698,636,-0.02631,-0.07168,0.03999,0.10651,0.51603,343,0.00045,0.00121,False,符号相反;年度一致率0.00<0.55,True,,False,淘汰,主池三关未过: 符号相反;年度一致率0.00<0.55
KDJ_D,技术指标,False,-0.04688,-0.14713,0.44595,74,-0.07497,-0.21267,0.04752,0.14601,0.52381,105,-0.01187,-0.03480,0.00377,-0.14667,-0.03619,-0.07486,-0.07497,0.18387,-0.16884,0.02803,0.22776,0.11868,0.01139,-0.01833,0.14830,0.09253,0.00745,0.09815,0.07471,-0.01134,0.00355,0.03944,0.05731,0.04531,19,0.25000,0.75000,0.01683,0.04740,0.47013,636,-0.00982,-0.02667,0.03771,0.10055,0.51603,343,0.00139,0.00387,False,符号相反;年度一致率0.25<0.55,True,,False,淘汰,主池三关未过: 符号相反;年度一致率0.25<0.55
KDJ_J,技术指标,False,0.00072,0.00221,0.47297,74,-0.06659,-0.17495,0.02646,0.07711,0.49524,105,-0.09548,-0.31506,0.01726,-0.03799,0.12317,0.00549,-0.02942,-0.04207,-0.40491,-0.02116,0.08664,0.19507,0.00825,0.04479,-0.01080,-0.10102,-0.03140,-0.00040,0.05038,0.02918,0.03728,0.07980,0.04184,0.05889,19,0.75000,0.75000,0.01794,0.05024,0.48113,636,-0.04049,-0.10865,0.05162,0.14523,0.51020,343,0.00275,0.00719,False,|val ICIR|=0.077<0.1,True,,False,淘汰,主池三关未过: |val ICIR|=0.077<0.1
MA200_RATIO,趋势,False,-0.03375,-0.12423,0.37838,74,-0.06398,-0.17770,-0.05626,-0.18652,0.38095,105,-0.08011,-0.23606,-0.14104,-0.02127,-0.01330,-0.03060,-0.02854,0.02368,-0.26927,-0.07687,-0.28155,-0.06529,-0.06924,-0.14778,0.07511,-0.07162,-0.05773,-0.09672,-0.00621,-0.09735,0.01079,-0.05283,-0.00183,-0.02239,19,1.00000,0.00000,-0.06538,-0.18172,0.34434,636,-0.05038,-0.13192,-0.01277,-0.03528,0.43732,343,-0.03637,-0.09543,True,,False,|val ICIR|=-0.035<0.1,False,B,主池过、备池未过: |val ICIR|=-0.035<0.1
MA200_ABOVE,趋势,False,-0.06400,-0.20446,0.38333,60,-0.08944,-0.23802,-0.04281,-0.14314,0.44595,74,-0.05604,-0.16258,-0.06932,,-0.05831,0.05422,0.15614,0.01460,-0.30762,-0.00767,-0.15913,-0.06463,0.02761,-0.08200,0.10740,-0.16418,-0.04809,-0.09730,-0.11057,0.03284,-0.00719,-0.09195,-0.09432,0.03339,13,0.50000,0.50000,-0.03996,-0.11772,0.39545,220,-0.03855,-0.10772,-0.04141,-0.11389,0.48276,174,-0.01324,-0.03575,False,年度一致率0.50<0.55,True,,False,淘汰,主池三关未过: 年度一致率0.50<0.55
HAMMER,K线形态,False,-0.03832,-0.13707,0.52381,21,-0.00544,-0.01922,0.10679,0.53047,0.71429,28,0.04097,0.17626,-0.09606,0.17755,0.23897,-0.06307,0.10170,-0.00410,,-0.01381,,0.02967,-0.05847,0.10332,0.12309,0.31386,0.09308,-0.01879,0.07420,-0.03848,-0.00629,0.01312,-0.16605,0.12301,6,0.00000,1.00000,0.02326,0.07296,0.50000,120,0.05019,0.15969,0.02572,0.08304,0.57447,47,-0.01162,-0.03875,False,符号相反;年度一致率0.00<0.55,False,年度一致率0.33<0.55;|val ICIR|=0.083<0.1,False,淘汰,主池三关未过: 符号相反;年度一致率0.00<0.55
DOWN_STREAK,K线形态,False,-0.03991,-0.14254,0.35821,67,0.02906,0.09421,-0.01247,-0.03350,0.48485,99,0.05344,0.16358,0.03017,-0.05362,0.03194,-0.01621,0.01880,0.25000,,-0.03195,,-0.04636,-0.07786,0.19163,0.06784,0.30015,0.04993,-0.00572,0.10590,0.02551,-0.01589,0.03669,0.06499,0.11330,9,0.75000,0.25000,0.03679,0.15139,0.54839,155,0.02991,0.10210,0.04625,0.14309,0.58065,93,-0.00040,-0.00119,False,|val ICIR|=-0.034<0.1,True,,False,淘汰,主池三关未过: |val ICIR|=-0.034<0.1
DOWN_DAY_PCT10,K线形态,False,-0.01947,-0.06229,0.39189,74,0.01413,0.04435,-0.04461,-0.12722,0.45714,105,0.00457,0.01372,-0.00592,0.18491,0.01943,0.00007,0.04599,-0.09198,-0.17009,0.00357,0.08000,-0.08244,-0.03209,0.06170,0.01558,0.08360,0.07909,-0.04869,-0.04506,0.00831,-0.01311,-0.05089,0.01620,-0.06420,19,1.00000,0.00000,0.00388,0.01098,0.47170,636,0.01017,0.02846,-0.02277,-0.06378,0.48105,343,-0.01043,-0.03009,True,,False,符号相反;|val ICIR|=-0.064<0.1,False,B,主池过、备池未过: 符号相反;|val ICIR|=-0.064<0.1
LIMITUP_N_MKT,市场情绪,False,,,,0,,,,,,0,,,,,,,,,,,,,,,,,,,,,,,,,0,,,,,,0,,,,,,0,,,False,符号相反;无有效年度;|val ICIR|=nan<0.1,False,符号相反;无有效年度;|val ICIR|=nan<0.1,False,淘汰,主池三关未过: 符号相反;无有效年度;|val ICIR|=nan<0.1
LIMITUP_N_MKT_MA20,市场情绪,False,,,,0,,,,,,0,,,,,,,,,,,,,,,,,,,,,,,,,0,,,,,,0,,,,,,0,,,False,符号相反;无有效年度;|val ICIR|=nan<0.1,False,符号相反;无有效年度;|val ICIR|=nan<0.1,False,淘汰,主池三关未过: 符号相反;无有效年度;|val ICIR|=nan<0.1
MKT_SH_PRICE_CHANGE,市场状态,False,,,,0,,,,,,0,,,,,,,,,,,,,,,,,,,,,,,,,0,,,,,,0,,,,,,0,,,False,符号相反;无有效年度;|val ICIR|=nan<0.1,False,符号相反;无有效年度;|val ICIR|=nan<0.1,False,淘汰,主池三关未过: 符号相反;无有效年度;|val ICIR|=nan<0.1
MKT_SZ_PRICE_CHANGE,市场状态,False,,,,0,,,,,,0,,,,,,,,,,,,,,,,,,,,,,,,,0,,,,,,0,,,,,,0,,,False,符号相反;无有效年度;|val ICIR|=nan<0.1,False,符号相反;无有效年度;|val ICIR|=nan<0.1,False,淘汰,主池三关未过: 符号相反;无有效年度;|val ICIR|=nan<0.1
MKT_SH_AMPLITUDE,市场状态,False,,,,0,,,,,,0,,,,,,,,,,,,,,,,,,,,,,,,,0,,,,,,0,,,,,,0,,,False,符号相反;无有效年度;|val ICIR|=nan<0.1,False,符号相反;无有效年度;|val ICIR|=nan<0.1,False,淘汰,主池三关未过: 符号相反;无有效年度;|val ICIR|=nan<0.1
MKT_SZ_AMPLITUDE,市场状态,False,,,,0,,,,,,0,,,,,,,,,,,,,,,,,,,,,,,,,0,,,,,,0,,,,,,0,,,False,符号相反;无有效年度;|val ICIR|=nan<0.1,False,符号相反;无有效年度;|val ICIR|=nan<0.1,False,淘汰,主池三关未过: 符号相反;无有效年度;|val ICIR|=nan<0.1
MKT_SH_VOLUME_RATIO,市场状态,False,,,,0,,,,,,0,,,,,,,,,,,,,,,,,,,,,,,,,0,,,,,,0,,,,,,0,,,False,符号相反;无有效年度;|val ICIR|=nan<0.1,False,符号相反;无有效年度;|val ICIR|=nan<0.1,False,淘汰,主池三关未过: 符号相反;无有效年度;|val ICIR|=nan<0.1
MKT_SZ_VOLUME_RATIO,市场状态,False,,,,0,,,,,,0,,,,,,,,,,,,,,,,,,,,,,,,,0,,,,,,0,,,,,,0,,,False,符号相反;无有效年度;|val ICIR|=nan<0.1,False,符号相反;无有效年度;|val ICIR|=nan<0.1,False,淘汰,主池三关未过: 符号相反;无有效年度;|val ICIR|=nan<0.1
MKT_SH_PRICE_CHANGE_ABS,市场状态,False,,,,0,,,,,,0,,,,,,,,,,,,,,,,,,,,,,,,,0,,,,,,0,,,,,,0,,,False,符号相反;无有效年度;|val ICIR|=nan<0.1,False,符号相反;无有效年度;|val ICIR|=nan<0.1,False,淘汰,主池三关未过: 符号相反;无有效年度;|val ICIR|=nan<0.1
MKT_SZ_PRICE_CHANGE_ABS,市场状态,False,,,,0,,,,,,0,,,,,,,,,,,,,,,,,,,,,,,,,0,,,,,,0,,,,,,0,,,False,符号相反;无有效年度;|val ICIR|=nan<0.1,False,符号相反;无有效年度;|val ICIR|=nan<0.1,False,淘汰,主池三关未过: 符号相反;无有效年度;|val ICIR|=nan<0.1
MKT_SH_PRICE_WAVE_ABS,市场状态,False,,,,0,,,,,,0,,,,,,,,,,,,,,,,,,,,,,,,,0,,,,,,0,,,,,,0,,,False,符号相反;无有效年度;|val ICIR|=nan<0.1,False,符号相反;无有效年度;|val ICIR|=nan<0.1,False,淘汰,主池三关未过: 符号相反;无有效年度;|val ICIR|=nan<0.1
MKT_SZ_PRICE_WAVE_ABS,市场状态,False,,,,0,,,,,,0,,,,,,,,,,,,,,,,,,,,,,,,,0,,,,,,0,,,,,,0,,,False,符号相反;无有效年度;|val ICIR|=nan<0.1,False,符号相反;无有效年度;|val ICIR|=nan<0.1,False,淘汰,主池三关未过: 符号相反;无有效年度;|val ICIR|=nan<0.1
MKT_SH_SENTIMENT,市场状态,False,,,,0,,,,,,0,,,,,,,,,,,,,,,,,,,,,,,,,0,,,,,,0,,,,,,0,,,False,符号相反;无有效年度;|val ICIR|=nan<0.1,False,符号相反;无有效年度;|val ICIR|=nan<0.1,False,淘汰,主池三关未过: 符号相反;无有效年度;|val ICIR|=nan<0.1
MKT_SZ_SENTIMENT,市场状态,False,,,,0,,,,,,0,,,,,,,,,,,,,,,,,,,,,,,,,0,,,,,,0,,,,,,0,,,False,符号相反;无有效年度;|val ICIR|=nan<0.1,False,符号相反;无有效年度;|val ICIR|=nan<0.1,False,淘汰,主池三关未过: 符号相反;无有效年度;|val ICIR|=nan<0.1
MKT_SH_VOLUME_SIGNAL,市场状态,False,,,,0,,,,,,0,,,,,,,,,,,,,,,,,,,,,,,,,0,,,,,,0,,,,,,0,,,False,符号相反;无有效年度;|val ICIR|=nan<0.1,False,符号相反;无有效年度;|val ICIR|=nan<0.1,False,淘汰,主池三关未过: 符号相反;无有效年度;|val ICIR|=nan<0.1
MKT_SZ_VOLUME_SIGNAL,市场状态,False,,,,0,,,,,,0,,,,,,,,,,,,,,,,,,,,,,,,,0,,,,,,0,,,,,,0,,,False,符号相反;无有效年度;|val ICIR|=nan<0.1,False,符号相反;无有效年度;|val ICIR|=nan<0.1,False,淘汰,主池三关未过: 符号相反;无有效年度;|val ICIR|=nan<0.1
MKT_SH_SZ_SYNC_DIRECTION,市场状态,False,,,,0,,,,,,0,,,,,,,,,,,,,,,,,,,,,,,,,0,,,,,,0,,,,,,0,,,False,符号相反;无有效年度;|val ICIR|=nan<0.1,False,符号相反;无有效年度;|val ICIR|=nan<0.1,False,淘汰,主池三关未过: 符号相反;无有效年度;|val ICIR|=nan<0.1
MKT_SH_SZ_SYNC_STRENGTH,市场状态,False,,,,0,,,,,,0,,,,,,,,,,,,,,,,,,,,,,,,,0,,,,,,0,,,,,,0,,,False,符号相反;无有效年度;|val ICIR|=nan<0.1,False,符号相反;无有效年度;|val ICIR|=nan<0.1,False,淘汰,主池三关未过: 符号相反;无有效年度;|val ICIR|=nan<0.1
MKT_SENTIMENT,市场状态,False,,,,0,,,,,,0,,,,,,,,,,,,,,,,,,,,,,,,,0,,,,,,0,,,,,,0,,,False,符号相反;无有效年度;|val ICIR|=nan<0.1,False,符号相反;无有效年度;|val ICIR|=nan<0.1,False,淘汰,主池三关未过: 符号相反;无有效年度;|val ICIR|=nan<0.1
MKT_AVG_CHANGE,市场状态,False,,,,0,,,,,,0,,,,,,,,,,,,,,,,,,,,,,,,,0,,,,,,0,,,,,,0,,,False,符号相反;无有效年度;|val ICIR|=nan<0.1,False,符号相反;无有效年度;|val ICIR|=nan<0.1,False,淘汰,主池三关未过: 符号相反;无有效年度;|val ICIR|=nan<0.1
DIV_SPAN_VS_CYCLE,事件结构,True,0.03215,0.10461,0.51351,74,0.01912,0.05028,-0.02389,-0.07726,0.42857,105,0.00208,0.00608,0.18335,0.03840,0.07661,0.10384,0.01930,-0.13450,0.13552,-0.00948,0.08175,0.08124,-0.07887,0.00962,-0.08677,-0.03081,0.01636,0.06572,0.01805,0.03627,0.03771,0.04955,0.01913,0.01852,19,0.50000,0.50000,0.02123,0.06000,0.49686,636,-0.02536,-0.06949,0.02905,0.07943,0.49563,343,-0.00694,-0.01850,False,符号相反;年度一致率0.50<0.55;|val ICIR|=-0.077<0.1,False,|val ICIR|=0.079<0.1,False,淘汰,主池三关未过: 符号相反;年度一致率0.50<0.55;|val ICIR|=-0.077<0.1
DIV_DIF_SLOPE,事件结构,True,-0.03017,-0.09876,0.41892,74,0.00377,0.01166,0.00884,0.02596,0.42857,105,0.01104,0.03232,0.06315,0.02552,-0.02687,0.08349,0.02246,0.13029,-0.13971,0.04690,0.03799,0.21574,0.04050,0.04882,-0.11532,0.10768,0.08217,0.17127,0.05689,0.02200,0.00178,-0.03735,0.01637,-0.05686,19,0.25000,0.75000,0.04716,0.14013,0.52358,636,0.02867,0.07780,-0.01477,-0.04309,0.43149,343,0.00894,0.02512,False,符号相反;年度一致率0.25<0.55;|val ICIR|=0.026<0.1,False,符号相反;|val ICIR|=-0.043<0.1,False,淘汰,主池三关未过: 符号相反;年度一致率0.25<0.55;|val ICIR|=0.026<0.1
DIV_ZERO_AXIS_DEPTH,事件结构,True,-0.08728,-0.29112,0.32432,74,-0.05452,-0.14397,-0.05953,-0.19620,0.40952,105,-0.05306,-0.14361,-0.13778,-0.09157,-0.08156,-0.09369,-0.12421,0.02114,0.16890,-0.06462,-0.12677,-0.16985,-0.02726,-0.12604,0.00583,0.01355,-0.08071,0.03734,-0.08306,-0.05097,-0.03419,0.02702,0.05745,-0.02203,19,0.75000,0.25000,-0.06364,-0.17704,0.36321,636,-0.06038,-0.16369,0.00960,0.02639,0.46064,343,-0.02197,-0.05834,True,,False,符号相反;|val ICIR|=0.026<0.1,False,B,主池过、备池未过: 符号相反;|val ICIR|=0.026<0.1
DIV_DIF_LEVEL_L1,事件结构,True,0.04062,0.14724,0.47297,74,0.01409,0.04587,-0.01895,-0.05345,0.48571,105,-0.01840,-0.05292,-0.08751,0.00405,0.01891,-0.07281,-0.04841,-0.01859,0.28713,-0.04665,-0.16505,-0.19180,-0.08770,-0.10581,0.08997,0.06147,-0.06073,-0.11428,0.02982,-0.04508,0.00580,-0.00524,0.02956,0.01864,19,0.50000,0.50000,-0.03691,-0.10605,0.39151,636,-0.01904,-0.05319,0.01474,0.04018,0.46939,343,0.00968,0.02641,False,符号相反;年度一致率0.50<0.55;|val ICIR|=-0.053<0.1,False,符号相反;|val ICIR|=0.040<0.1,False,淘汰,主池三关未过: 符号相反;年度一致率0.50<0.55;|val ICIR|=-0.053<0.1
DIV_HIST_TROUGH_SHRINK,事件结构,True,-0.00038,-0.00114,0.44595,74,-0.04378,-0.13341,-0.02414,-0.07579,0.45714,105,-0.05793,-0.20362,-0.14336,-0.12287,-0.04034,0.02168,-0.04836,-0.16982,0.02524,-0.00762,-0.03518,-0.14012,-0.03474,-0.02603,0.15175,-0.07400,0.12281,-0.03891,-0.05379,-0.03421,-0.04262,-0.08032,-0.02729,0.03911,19,0.75000,0.25000,-0.03094,-0.08994,0.41195,636,-0.02493,-0.07073,-0.02430,-0.07231,0.41691,343,-0.00334,-0.00895,False,|val ICIR|=-0.076<0.1,False,|val ICIR|=-0.072<0.1,False,淘汰,主池三关未过: |val ICIR|=-0.076<0.1
REBOUND_DAY_T,事件结构,True,0.02693,0.08505,0.59459,74,-0.05462,-0.14906,0.03514,0.09800,0.49524,105,-0.02199,-0.06550,-0.04793,-0.09034,-0.01873,0.10090,-0.03715,0.11672,-0.28679,-0.09338,0.15178,-0.08018,0.04372,0.05839,-0.04472,-0.18894,-0.03898,-0.07048,-0.05156,0.01785,-0.04878,0.04799,0.03901,-0.01840,19,0.50000,0.50000,-0.02256,-0.06356,0.43082,636,-0.06287,-0.18000,0.00454,0.01377,0.45190,343,-0.04085,-0.10477,False,年度一致率0.50<0.55;|val ICIR|=0.098<0.1,False,符号相反;|val ICIR|=0.014<0.1,False,淘汰,主池三关未过: 年度一致率0.50<0.55;|val ICIR|=0.098<0.1
HAMMER_L2,事件结构,True,-0.05515,-0.19273,0.55556,9,-0.01614,-0.04469,0.12103,0.43987,0.73333,15,0.14399,0.54269,0.00723,-0.18364,-0.10989,-0.00805,0.03599,,,-0.04858,,-0.04630,0.03661,0.02326,0.33333,,-0.10519,-0.12040,-0.06987,-0.03034,0.02314,-0.05159,0.01539,-0.00418,8,,,-0.03274,-0.11273,0.44355,124,-0.03122,-0.10419,0.00158,0.00602,0.64062,64,0.02624,0.09361,False,符号相反;无有效年度,False,符号相反;年度一致率0.50<0.55;|val ICIR|=0.006<0.1,False,淘汰,主池三关未过: 符号相反;无有效年度
LOWER_SHADOW_L2,事件结构,True,-0.03387,-0.10401,0.39189,74,-0.02943,-0.08014,0.04373,0.13164,0.51429,105,0.05082,0.15928,-0.08962,0.03666,-0.05317,0.00173,-0.03396,-0.29995,-0.20634,0.02809,-0.00070,0.12845,0.02135,0.01332,-0.01654,0.01984,-0.04888,0.02070,0.05611,-0.04178,-0.02493,-0.06777,-0.00230,0.00175,19,0.25000,0.75000,-0.00137,-0.00412,0.45354,635,0.00165,0.00476,-0.01819,-0.05225,0.43235,340,-0.02374,-0.06658,False,符号相反;年度一致率0.25<0.55,False,年度一致率0.47<0.55;|val ICIR|=-0.052<0.1,False,淘汰,主池三关未过: 符号相反;年度一致率0.25<0.55
