feature,cn_name,importance,rank,kept
market_avg_amplitude_rankpct,市场综合状态avg_amplitude｜当日横截面百分位,0.014592994271438708,0,True
cs_n,当日横截面样本数,0.01069689494860353,1,True
MKT_VOL20_PCT,"市场状态｜pct_ts(Std(R_idx,20),250)",0.008009596658386294,2,True
day_of_year,年内日序,0.007417012200250906,3,True
STYLE_SIZE_RS60,大小盘风格六十日相对强弱,0.005587868200794426,4,True
MKT_TURNOVER_PCTL,全市场换手率七百五十日滚动分位（成交额加权）,0.005463955547990628,5,True
week_of_year,年内周序,0.005124929456338473,6,True
MKT_AMT_PCT,市场情绪｜全市场 amount 加总 20 日均值的 250 日时序分位,0.005112330262120596,7,True
LIMITUP_N_MKT_MA20,市场情绪｜LIMITUP_N_MKT 的 20 日均值,0.0036802633171876885,8,True
STYLE_GV_RS60,成长价值风格六十日相对强弱,0.003263626503076824,9,True
MKT_TURNOVER_PCTL_EQW,全市场换手率七百五十日滚动分位（等权对照）,0.0018557826510863197,10,True
Q20_RETON_30,"Quant(O/PC-1,30,0.2)",0.0013593660982920285,11,True
MKT_DD120,"市场状态｜C_idx/Max(H_idx,120)-1",0.0013074739457437806,12,True
DELTA_OPEN_60,"Delta(Õ,60)/C̃",0.0011786204212317012,13,True
ILLIQ20,"流动性｜log(Mean(abs(R)/(A*1000), 20) + 1e-30)",0.001157988268731685,14,True
quarter,季度,0.0010868445400123734,15,True
DIST_52W_HIGH,"位置｜C~/Max(H~,250)-1",0.001041330150900596,16,True
REF_OPEN_60,"Ref(Õ,60)/C̃",0.0010375056085067242,17,True
MKT_MA60,"市场状态｜C_idx/Mean(C_idx,60)-1",0.0009442633247118618,18,True
DELTA_HIGH_60,"Delta(H̃,60)/C̃",0.0008319466351520187,19,True
MKT_MEDIAN_RET20,市场宽度｜universe 内 RET20 中位数 (自算),0.0007929380582597153,20,True
rsi_oversold_24_rankpct,相对强弱指标oversold_24｜当日横截面百分位,0.0007892464897033329,21,True
bb_lower,布林带lower,0.0006985304970821741,22,True
MAX_OPEN_60,"Max(Õ,60)/C̃",0.0006488223811163574,23,True
DV_TTM,股息率滚动十二个月值,0.0006301558639981583,24,True
MKT_DOWNLIMIT_Z,市场跌停家数滚动标准化恐慌度,0.0006175612023160574,25,True
LOG_PRICE,"价格水平｜ln(C) (原始价, 除权失真标注: 仅作彩票/退市代理)",0.0005844243077753355,26,True
anchor_close,"锚点收盘价(区间(i1,j]最低收盘价)",0.0004997214008318395,27,True
COV_R_RIDX_20,"Cov(pct_chg/100,R_idx(000001.SH),20)",0.00047988088956240824,28,True
MKT_NH_NL_DIFF,市场二百五十日新高新低家数差占比,0.0004651642447798729,29,True
MKT_LIMITUP_PREM_MA5,昨日涨停股当日平均溢价五日均值,0.00044332677750273067,30,True
LIMITUP_N_MKT,"市场情绪｜全市场涨停家数 (pct_chg>=limit-0.1, 自算)",0.0004173030713661284,31,True
COV_R_RIDX_10,"Cov(pct_chg/100,R_idx(000001.SH),10)",0.00040955690534331024,32,True
REGIME_CODE,"市场状态｜全样本等权日收益累积指数 120 日滚动收益 -> unknown/sideways/up/down = -1/0/1/2 (divergence_lab build_market_regime 口径, universe 剔除 2 只指数文件)",0.00038700252790953353,33,True
event_amount,事件日成交额,0.000384188162620915,34,True
Q80_CF_20,"Quant(CF,20,0.8)/C̃",0.00038414125232376703,35,True
atr,平均真实波幅,0.00036978689475895105,36,True
RET120_20,"动量｜shift(CF,20)/shift(CF,240)-1 (剔除近 1 月的中期动量)",0.00034578018650565403,37,True
CAL_HOLIDAY,"日历｜春节/国庆前 10 个工作日、后 5 个工作日 dummy (静态节假日表+工作日近似, 截断不变)",0.0003407960917879302,38,True
rsi_oversold_6_rankpct,相对强弱指标oversold_6｜当日横截面百分位,0.00033902225491285343,39,True
macd_golden_cross_rankpct,指数平滑异同移动平均线_golden_cross｜当日横截面百分位,0.0003305615102899104,40,True
REF_HIGH_60,"Ref(H̃,60)/C̃",0.0003253262095605012,41,True
BREADTH_ADV5,市场宽度｜universe 内 RET5>0 占比 (自算),0.00032199740761725237,42,True
high_mean_20,20日高点均值,0.00031712723011043337,43,True
close_lag_15,收盘价｜滞后15日,0.00031698014598104476,44,True
AMT20,"流动性｜log(Mean(A,20))",0.00031447724284712177,45,True
REF_LOW_60,"Ref(L̃,60)/C̃",0.0002732336087791646,46,True
amihud_illiq_intraday_z,Amihud非流动性(日内)_illiq_intraday｜当日横截面稳健标准化,0.0002674642831363661,47,True
AMIHUD_TURN20,换手口径 Amihud 非流动性二十日均值,0.0002592044159616449,48,True
macd_golden_cross_z,指数平滑异同移动平均线_golden_cross｜当日横截面稳健标准化,0.0002588748175625992,49,True
rsi_oversold_14_rankpct,相对强弱指标oversold_14｜当日横截面百分位,0.0002538488476507491,50,True
ma_60_rankpct,移动均线60｜当日横截面百分位,0.0002486336221098486,51,True
stoch_oversold_rankpct,随机指标状态oversold｜当日横截面百分位,0.0002307673694224887,52,True
DEA_LIFT_CLOSE_NORM,金叉DEA抬升幅度收盘价归一,0.00022785107890848814,53,True
COV_R_RIDX_60,"Cov(pct_chg/100,R_idx(000001.SH),60)",0.00022361218192181492,54,True
MKT_SZ_AMPLITUDE,市场状态｜深证成指 (H-L)/L,0.00022128358889655442,55,True
ma_arrangement_rankpct,均线排列｜当日横截面百分位,0.00021785854052994765,56,True
rsi_overbought_24_rankpct,相对强弱指标overbought_24｜当日横截面百分位,0.0002150209897703464,57,True
macd_signal_rankpct,指数平滑异同移动平均线信号线｜当日横截面百分位,0.00020578945031611375,58,True
STD_RETID_60,"Std(C/O-1,60)",0.00018152596248608788,59,True
VOL_CONTRACTION60,"波动率｜ATRp/shift(ATRp,60)",0.000172947077924882,60,True
DIF_PREV_CLOSE_NORM,前金叉DIF收盘价归一水平,0.00016841319384337773,61,True
amihud_illiq_intraday_rankpct,Amihud非流动性(日内)_illiq_intraday｜当日横截面百分位,0.0001672959266025684,62,True
high_mean_20_z,20日高点均值｜当日横截面稳健标准化,0.00016146349830224084,63,True
LN_FREE_MV,自由流通市值对数,0.0001596497188952761,64,True
close_lag_30,收盘价｜滞后30日,0.00015856050174985304,65,True
MKT_NH_NL_RATIO,市场二百五十日新高占新高新低家数比,0.00015133518939921037,66,True
ST_STATUS,风险警示状态（3=退市整理期 2=*ST 1=ST 0=正常）,0.00014159267756324025,67,True
macd_zero_cross_rankpct,指数平滑异同移动平均线_zero_cross｜当日横截面百分位,0.00013733532289797129,68,True
COV_CLOSE_LOGV_30,"Cov(C̃,log(V+1),30)",0.00013665297679893722,69,True
macd_zero_cross_up_rankpct,指数平滑异同移动平均线_zero_cross_up｜当日横截面百分位,0.0001273781954091287,70,True
illiq,非流动性,0.00012604691245921378,71,True
price_volume_divergence_rankpct,价量背离标记｜当日横截面百分位,0.00012436390577533554,72,True
MKT_RSI14,"市场状态｜RSI(C_idx,14)",0.00012344797702165927,73,True
day_of_month,月内日序,0.00012282628841365253,74,True
illiq_lag_1_z,非流动性｜滞后1日｜当日横截面稳健标准化,0.00011824174370804967,75,True
VR5_60,"量能｜Mean(V,5)/Mean(V,60)",0.00011773934542396582,76,True
volume_ma_20_z,成交量均线_20｜当日横截面稳健标准化,0.00011311315168009851,77,True
RSQ_HLR_30,"Rsquare(H/L,30)",0.00011304748596042479,78,True
volume_lag_15_rankpct,成交量｜滞后15日｜当日横截面百分位,0.00011274096839136202,79,True
CORR_CLOSE_RIDX_20,"Corr(C̃,R_idx(000001.SH),20)",0.00011150274879331243,80,True
atr_rankpct,平均真实波幅｜当日横截面百分位,0.00011071354559602194,81,True
macd_above_signal_rankpct,指数平滑异同移动平均线_above_signal｜当日横截面百分位,0.00011002261968902266,82,True
CORR_CLOSE_RIDX_60,"Corr(C̃,R_idx(000001.SH),60)",0.0001099615758524285,83,True
MKT_SEAL_RATIO,市场封板率,0.0001098413128600487,84,True
close_lag_15_z,收盘价｜滞后15日｜当日横截面稳健标准化,0.00010807090138535232,85,True
Q80_HLR_30,"Quant(H/L,30,0.8)",0.00010566486750144263,86,True
MKT_RET20,"市场状态｜C_idx/shift(C_idx,20)-1",0.00010475648243039314,87,True
close_lag_15_rankpct,收盘价｜滞后15日｜当日横截面百分位,0.000104256273631586,88,True
obv_rankpct,能量潮｜当日横截面百分位,0.00010171628173726817,89,True
SLOPE_LOW_5,"Slope(L̃,5)/C̃",9.84769755917419e-05,90,True
MED_HLR_5,"Med(H/L,5)",9.735087852751134e-05,91,True
EMA_LOW_60,"EMA(L̃,60)/C̃",9.620132093427855e-05,92,True
vol_gk_lag_10_z,GK波动率｜滞后10日｜当日横截面稳健标准化,9.513624111997413e-05,93,True
MKT_SH_AMPLITUDE,市场状态｜上证指数 (H-L)/L,9.507737698070545e-05,94,True
bb_squeeze_rankpct,布林带squeeze｜当日横截面百分位,9.380018271843819e-05,95,True
volume_lag_15_z,成交量｜滞后15日｜当日横截面稳健标准化,9.36348168912849e-05,96,True
close_lag_30_z,收盘价｜滞后30日｜当日横截面稳健标准化,9.280121532245973e-05,97,True
bb_lower_rankpct,布林带lower｜当日横截面百分位,9.184053990964858e-05,98,True
MED_LOGV_3,"Med(log(V+1),3)",9.174131738789221e-05,99,True
DEA_EVENT_CLOSE_NORM,事件日DEA收盘价归一水平,9.143560667591771e-05,100,True
pv_corr_10_z,量价相关(10日)｜当日横截面稳健标准化,8.701449360183763e-05,101,True
high_mean_20_rankpct,20日高点均值｜当日横截面百分位,8.688271076794896e-05,102,True
close_lag_25,收盘价｜滞后25日,8.528002982736125e-05,103,True
DIST_52W_LOW,"位置｜C~/Min(L~,250)-1",8.024934194409726e-05,104,True
IDXMAX_CF_60,"IdxMax(CF,60)/60",7.785250814457514e-05,105,True
MKT_LIMITUP_PREM,昨日涨停股当日平均溢价,7.592945884780196e-05,106,True
MA200_ABOVE,趋势｜1[C~ > MA200],7.582278619115106e-05,107,True
boxcox_atr,ATR对数变换(log1p),7.26159743078652e-05,108,True
CORR_R_RIDX_5,"Corr(pct_chg/100,R_idx(000001.SH),5)",7.15097225705891e-05,109,True
Q80_HIGH_30,"Quant(H̃,30,0.8)/C̃",6.92013291604762e-05,110,True
MEAN_LOW_30,"Mean(L̃,30)/C̃",6.90360318705928e-05,111,True
SKEW_HLR_60,"Skew(H/L,60)",6.808985293590453e-05,112,True
ma_arrangement_z,均线排列｜当日横截面稳健标准化,6.721904907049427e-05,113,True
RSQ_HLR_3,"Rsquare(H/L,3)",6.588156084291103e-05,114,True
IND_MOM20_EQW,申万一级行业二十日等权动量,6.526188461452823e-05,115,True
Q20_R_30,"Quant(pct_chg/100,30,0.2)",6.473008048476855e-05,116,True
RSQ_CF_60,"Rsquare(CF,60)",6.293584144050171e-05,117,True
COV_R_RIDX_30,"Cov(pct_chg/100,R_idx(000001.SH),30)",6.273727984884373e-05,118,True
SLOPE_OPEN_60,"Slope(Õ,60)/C̃",6.188808856352866e-05,119,True
Q80_LOW_20,"Quant(L̃,20,0.8)/C̃",5.965871774646512e-05,120,True
Q80_RETON_30,"Quant(O/PC-1,30,0.8)",5.9314757280403175e-05,121,True
IND_CAPIT_PCT120,行业内一百二十日新低附近个股占比,5.714675094478734e-05,122,True
KURT_A_60,"Kurt(A,60)",5.60372959128454e-05,123,True
bb_upper,布林带upper,5.586611687962498e-05,124,True
IDXMAX_LOW_10,"IdxMax(L̃,10)/10",5.556463106113128e-05,125,True
SLOPE_CF_60,"Slope(CF,60)/C̃",5.495037621230766e-05,126,True
MKT_SH_SZ_SYNC_STRENGTH,市场状态｜|pc_sh - pc_sz|,5.407939516928177e-05,127,True
CORR_R_RIDX_3,"Corr(pct_chg/100,R_idx(000001.SH),3)",5.289098489133613e-05,128,True
Q80_CF_60,"Quant(CF,60,0.8)/C̃",5.1652906046072187e-05,129,True
volume_lag_10_z,成交量｜滞后10日｜当日横截面稳健标准化,5.057750787408767e-05,130,True
macd_hist_rankpct,指数平滑异同移动平均线柱｜当日横截面百分位,4.9379640921056166e-05,131,True
Q20_OPEN_60,"Quant(Õ,60,0.2)/C̃",4.885099259103737e-05,132,True
BREADTH_ABOVE_MA20,"市场宽度｜universe 内 C~>Mean(C~,20) 占比 (自算)",4.857949167879091e-05,133,True
STD_CF_60,"Std(CF,60)/C̃",4.798536747601876e-05,134,True
macd_hist_amplitude,指数平滑异同移动平均线柱_amplitude,4.793751638351708e-05,135,True
DISPOSAL60,"制度｜C/(Sum(A,60)/Sum(V,60)) - 1 (现价对 60 日 VWAP 成本偏离)",4.7202786260798046e-05,136,True
MAX_HIGH_30,"Max(H̃,30)/C̃",4.7005566805028065e-05,137,True
SKEW_OPEN_20,"Skew(Õ,20)",4.691596249957466e-05,138,True
KURT60,"高阶矩｜Kurt(R,60)",4.690859557946706e-05,139,True
Q80_HIGH_60,"Quant(H̃,60,0.8)/C̃",4.575270174658405e-05,140,True
STD_LOW_10,"Std(L̃,10)/C̃",4.552144144897971e-05,141,True
MKT_SH_VOLUME_RATIO,市场状态｜上证指数量/20 日均量,4.4037305183841244e-05,142,True
macd_robust_rankpct,指数平滑异同移动平均线_robust｜当日横截面百分位,4.3992622060395987e-05,143,True
WMA_RETON_20,"DecayLinear(O/PC-1,20)",4.376634919967405e-05,144,True
rsi_overbought_14_rankpct,相对强弱指标overbought_14｜当日横截面百分位,4.271513888879853e-05,145,True
Q20_RETID_30,"Quant(C/O-1,30,0.2)",4.248075724262195e-05,146,True
Q20_HLR_60,"Quant(H/L,60,0.2)",4.1945810849163054e-05,147,True
macd_death_cross_rankpct,指数平滑异同移动平均线_death_cross｜当日横截面百分位,4.0857089809274484e-05,148,True
Q20_R_60,"Quant(pct_chg/100,60,0.2)",3.9942213577591374e-05,149,True
SKEW_HIGH_60,"Skew(H̃,60)",3.86499447780774e-05,150,True
MIN_R_30,"Min(pct_chg/100,30)",3.856552206617912e-05,151,True
Q80_R_60,"Quant(pct_chg/100,60,0.8)",3.8474435729719136e-05,152,True
Q20_R_20,"Quant(pct_chg/100,20,0.2)",3.789243832409092e-05,153,True
SLOPE_HIGH_5,"Slope(H̃,5)/C̃",3.781780253974766e-05,154,True
IDXMAX_RETON_60,"IdxMax(O/PC-1,60)/60",3.7057624757625436e-05,155,True
volume_lag_20_z,成交量｜滞后20日｜当日横截面稳健标准化,3.671758333079473e-05,156,True
DELTA_A_60,"Delta(A,60)/(x+1)",3.642966523858681e-05,157,True
volume_lag_30_rankpct,成交量｜滞后30日｜当日横截面百分位,3.607365935694004e-05,158,True
STD_CF_30,"Std(CF,30)/C̃",3.5711258214727416e-05,159,True
MED_CF_30,"Med(CF,30)/C̃",3.5317084286586114e-05,160,True
SLOPE_R_3,"Slope(pct_chg/100,3)",3.474504204232934e-05,161,True
IDXMIN_CF_5,"IdxMin(CF,5)/5",3.1907819933247205e-05,162,True
MAX_LOGV_5,"Max(log(V+1),5)",3.114776400789889e-05,163,True
illiq_z,非流动性｜当日横截面稳健标准化,3.074783718769141e-05,164,True
SKEW_V_60,"Skew(V,60)",3.06137059034243e-05,165,True
volume_lag_20_rankpct,成交量｜滞后20日｜当日横截面百分位,3.059477802955634e-05,166,True
Q80_OPEN_30,"Quant(Õ,30,0.8)/C̃",3.0577515369683435e-05,167,True
STD_OPEN_10,"Std(Õ,10)/C̃",3.0010020418959847e-05,168,True
stoch_overbought_rankpct,随机指标状态overbought｜当日横截面百分位,2.8813896727144383e-05,169,True
RESID_MOM60,剔除市场与行业后的六十日残差动量（跳过近五日）,2.7934445432411385e-05,170,True
KURT_A_5,"Kurt(A,5)",2.7889620046907698e-05,171,True
SKEW_RETON_60,"Skew(O/PC-1,60)",2.6945816856884817e-05,172,True
macd_z,指数平滑异同移动平均线｜当日横截面稳健标准化,2.661856555475638e-05,173,True
SKEW_VWAP_10,"Skew(A/V,10)",2.606213384084054e-05,174,True
MIN_HLR_3,"Min(H/L,3)",2.587950023942839e-05,175,True
EMA_LOGV_5,"EMA(log(V+1),5)",2.5458045789959632e-05,176,True
MEAN_HIGH_60,"Mean(H̃,60)/C̃",2.5440524964229975e-05,177,True
bb_upper_z,布林带upper｜当日横截面稳健标准化,2.5149571847495452e-05,178,True
macd_signal,指数平滑异同移动平均线信号线,2.506095559846778e-05,179,True
RESI_HIGH_60,"Resi(H̃,60)/C̃",2.3881166306569645e-05,180,True
STD_OPEN_30,"Std(Õ,30)/C̃",2.3421183298729512e-05,181,True
MAX_V_20,"Max(V,20)/(x+1)",2.3383201560525655e-05,182,True
MKT_SZ_PRICE_CHANGE,市场状态｜深证成指 (C-O)/O,2.2923546433658224e-05,183,True
RET20_CSR,反转×截面｜cs_rank(RET20) 横截面百分位 (全 universe 当日),2.2085034174547228e-05,184,True
MACD_DIF_NORM,技术指标｜DIF/(C~*ATRp),2.0987550911825884e-05,185,True
RESI_HIGH_30,"Resi(H̃,30)/C̃",2.0527560205178194e-05,186,True
DELTA_OPEN_20,"Delta(Õ,20)/C̃",2.006960959458889e-05,187,True
KURT_HLR_5,"Kurt(H/L,5)",1.974407881850149e-05,188,True
price_vs_ma60_rankpct,价格相对均线偏离60｜当日横截面百分位,1.9515103285521976e-05,189,True
ma_60,移动均线60,1.8895465726985736e-05,190,True
KURT_RETON_60,"Kurt(O/PC-1,60)",1.8802334177715723e-05,191,True
MAX_RETID_5,"Max(C/O-1,5)",1.845492054187911e-05,192,True
SKEW_R_30,"Skew(pct_chg/100,30)",1.827710323924509e-05,193,True
STD_LOW_30,"Std(L̃,30)/C̃",1.7747813925562743e-05,194,True
SLOPE_LOW_30,"Slope(L̃,30)/C̃",1.702568277180419e-05,195,True
RSQ_OPEN_30,"Rsquare(Õ,30)",1.6728167117175685e-05,196,True
MAX_LOGV_10,"Max(log(V+1),10)",1.6524300852485702e-05,197,True
MKT_SZ_VOLUME_RATIO,市场状态｜深证成指量/20 日均量,1.6521059360611373e-05,198,True
MED_R_10,"Med(pct_chg/100,10)",1.5226603188388087e-05,199,True
RSQ_HIGH_60,"Rsquare(H̃,60)",1.5167922813836331e-05,200,True
MED_RETID_10,"Med(C/O-1,10)",1.5054919234297734e-05,201,True
illiq_rankpct,非流动性｜当日横截面百分位,1.503800589222479e-05,202,True
RSQ_LOW_60,"Rsquare(L̃,60)",1.4915873841366629e-05,203,True
rsi_overbought_6_rankpct,相对强弱指标overbought_6｜当日横截面百分位,1.4064694027291172e-05,204,True
volume_lag_3_z,成交量｜滞后3日｜当日横截面稳健标准化,1.3930174648324378e-05,205,True
KURT_R_30,"Kurt(pct_chg/100,30)",1.2056671797254874e-05,206,True
KURT_R_60,"Kurt(pct_chg/100,60)",1.1936443824873206e-05,207,True
KURT_RETON_20,"Kurt(O/PC-1,20)",1.1813040568875069e-05,208,True
Q20_CF_20,"Quant(CF,20,0.2)/C̃",1.166039827647983e-05,209,True
REF_VWAP_30,"Ref(A/V,30)/C",1.1556537484495315e-05,210,True
DELTA_OPEN_5,"Delta(Õ,5)/C̃",1.140702565100877e-05,211,True
volatility_10d,滚动波动率10d,1.1271838397206634e-05,212,True
SLOPE_OPEN_3,"Slope(Õ,3)/C̃",1.1035218083697775e-05,213,True
KURT_VWAP_20,"Kurt(A/V,20)",1.1031062489609771e-05,214,True
volume_lag_3_rankpct,成交量｜滞后3日｜当日横截面百分位,1.0924543946833694e-05,215,True
MED_HLR_60,"Med(H/L,60)",9.918997510719526e-06,216,True
price_vs_ma60,价格相对均线偏离60,9.707348065656049e-06,217,True
smart_money_diff_lag_5,聪明钱差值｜滞后5日,8.684992776316552e-06,218,True
Q80_CF_30,"Quant(CF,30,0.8)/C̃",8.526211867246872e-06,219,True
Q20_R_10,"Quant(pct_chg/100,10,0.2)",8.463977553317877e-06,220,True
ABN_TURN_21_252,异常换手率（短期对长期中枢比值）,0.0,221,False
AMIHUD_INTRADAY,流动性｜abs(C/O-1)/(V*C) (日内口径),0.0,222,False
AMP1,波动率｜(H-L)/PC,0.0,223,False
AMP20,"波动率｜Mean((H-L)/PC, 20)",0.0,224,False
AMT_SHRINK_PEAK,"量能｜Mean(A,5)/Max(Mean(A,5),120)",0.0,225,False
ANCHOR_BREAK_DEPTH,区间新低下破深度,0.0,226,False
ANCHOR_DIST_BARS,锚点距事件日交易日数,0.0,227,False
ANCHOR_REL_POS,锚点在后区间内相对位置,0.0,228,False
ATRN,"波动率｜ATR14(H~,L~,C~)/C~ (Wilder 14)",0.0,229,False
BBW_PCTILE250,"波动率｜pct_ts(4*Std(C~,20)/Mean(C~,20), 250)",0.0,230,False
BIAS20,"技术指标｜C~/Mean(C~,20)-1",0.0,231,False
BIAS60,"技术指标｜C~/Mean(C~,60)-1",0.0,232,False
BODY_STRENGTH,K线形态｜(C-O)/(H-L+1e-12),0.0,233,False
BOLL_SQUEEZE,"技术指标｜1[(4*Std(C~,20))/Mean(C~,20) < 0.05]",0.0,234,False
BOUNCE,信号日相对锚点已弹幅度,0.0,235,False
BOUNCE_MAX_GIVEBACK,反弹途中最大回吐幅度,0.0,236,False
BOUNCE_UP_DAY_SHARE,反弹段上涨日占比,0.0,237,False
BOUNCE_VOL_RATIO,反弹段均量对锚点前基线量比,0.0,238,False
BP_IND_Z,账面市值比行业内标准化值,0.0,239,False
BREADTH_NEWLOW,"市场宽度｜universe 内 L~=Min(L~,250) 占比 (自算)",0.0,240,False
CAL_DOW_0,日历｜信号日星期 one-hot (0=Mon..4=Fri),0.0,241,False
CAL_DOW_1,日历｜信号日星期 one-hot (0=Mon..4=Fri),0.0,242,False
CAL_DOW_2,日历｜信号日星期 one-hot (0=Mon..4=Fri),0.0,243,False
CAL_DOW_3,日历｜信号日星期 one-hot (0=Mon..4=Fri),0.0,244,False
CAL_DOW_4,日历｜信号日星期 one-hot (0=Mon..4=Fri),0.0,245,False
CAL_MONTH_1,日历｜月份 one-hot,0.0,246,False
CAL_MONTH_10,日历｜月份 one-hot,0.0,247,False
CAL_MONTH_11,日历｜月份 one-hot,0.0,248,False
CAL_MONTH_12,日历｜月份 one-hot,0.0,249,False
CAL_MONTH_2,日历｜月份 one-hot,0.0,250,False
CAL_MONTH_3,日历｜月份 one-hot,0.0,251,False
CAL_MONTH_4,日历｜月份 one-hot,0.0,252,False
CAL_MONTH_5,日历｜月份 one-hot,0.0,253,False
CAL_MONTH_6,日历｜月份 one-hot,0.0,254,False
CAL_MONTH_7,日历｜月份 one-hot,0.0,255,False
CAL_MONTH_8,日历｜月份 one-hot,0.0,256,False
CAL_MONTH_9,日历｜月份 one-hot,0.0,257,False
CAL_MONTH_POS,"日历｜距月末交易日数 (同月内之后的工作日数, 静态工作日近似, 截断不变)",0.0,258,False
CLOSE_VS_HIGH,"K线形态｜(H-C)/(H-L), 一字板置 0.5",0.0,259,False
CNTD20,"技术指标｜(Count(R>0,20)-Count(R<0,20))/20",0.0,260,False
CONSEC_LIMITUP,个股连续涨停天数,0.0,261,False
CONSEC_SUSP_GAP,连板跨越停牌缺口标记,0.0,262,False
CORR_CLOSE_A_10,"Corr(C̃,A,10)",0.0,263,False
CORR_CLOSE_A_20,"Corr(C̃,A,20)",0.0,264,False
CORR_CLOSE_A_3,"Corr(C̃,A,3)",0.0,265,False
CORR_CLOSE_A_30,"Corr(C̃,A,30)",0.0,266,False
CORR_CLOSE_A_5,"Corr(C̃,A,5)",0.0,267,False
CORR_CLOSE_A_60,"Corr(C̃,A,60)",0.0,268,False
CORR_CLOSE_RIDX_10,"Corr(C̃,R_idx(000001.SH),10)",0.0,269,False
CORR_CLOSE_RIDX_3,"Corr(C̃,R_idx(000001.SH),3)",0.0,270,False
CORR_CLOSE_RIDX_30,"Corr(C̃,R_idx(000001.SH),30)",0.0,271,False
CORR_CLOSE_RIDX_5,"Corr(C̃,R_idx(000001.SH),5)",0.0,272,False
CORR_CLOSE_V_3,"Corr(C̃,V,3)",0.0,273,False
CORR_CLOSE_V_30,"Corr(C̃,V,30)",0.0,274,False
CORR_CLOSE_V_5,"Corr(C̃,V,5)",0.0,275,False
CORR_CLOSE_V_60,"Corr(C̃,V,60)",0.0,276,False
CORR_HLR_V_20,"Corr(H/L,V,20)",0.0,277,False
CORR_HLR_V_3,"Corr(H/L,V,3)",0.0,278,False
CORR_HLR_V_30,"Corr(H/L,V,30)",0.0,279,False
CORR_HLR_V_5,"Corr(H/L,V,5)",0.0,280,False
CORR_HLR_V_60,"Corr(H/L,V,60)",0.0,281,False
CORR_R_A_10,"Corr(pct_chg/100,A,10)",0.0,282,False
CORR_R_A_20,"Corr(pct_chg/100,A,20)",0.0,283,False
CORR_R_A_3,"Corr(pct_chg/100,A,3)",0.0,284,False
CORR_R_A_30,"Corr(pct_chg/100,A,30)",0.0,285,False
CORR_R_A_5,"Corr(pct_chg/100,A,5)",0.0,286,False
CORR_R_A_60,"Corr(pct_chg/100,A,60)",0.0,287,False
CORR_R_RIDX_10,"Corr(pct_chg/100,R_idx(000001.SH),10)",0.0,288,False
CORR_R_RIDX_20,"Corr(pct_chg/100,R_idx(000001.SH),20)",0.0,289,False
CORR_R_RIDX_30,"Corr(pct_chg/100,R_idx(000001.SH),30)",0.0,290,False
CORR_R_RIDX_60,"Corr(pct_chg/100,R_idx(000001.SH),60)",0.0,291,False
CORR_R_V_10,"Corr(pct_chg/100,V,10)",0.0,292,False
CORR_R_V_20,"Corr(pct_chg/100,V,20)",0.0,293,False
CORR_R_V_3,"Corr(pct_chg/100,V,3)",0.0,294,False
CORR_R_V_30,"Corr(pct_chg/100,V,30)",0.0,295,False
CORR_R_V_5,"Corr(pct_chg/100,V,5)",0.0,296,False
CORR_R_V_60,"Corr(pct_chg/100,V,60)",0.0,297,False
CORR_VWAP_V_20,"Corr(A/V,V,20)",0.0,298,False
CORR_VWAP_V_3,"Corr(A/V,V,3)",0.0,299,False
CORR_VWAP_V_30,"Corr(A/V,V,30)",0.0,300,False
CORR_VWAP_V_5,"Corr(A/V,V,5)",0.0,301,False
CORR_VWAP_V_60,"Corr(A/V,V,60)",0.0,302,False
COUNT_RETID_10,"Count(C/O-1>0,10)/10",0.0,303,False
COUNT_RETID_20,"Count(C/O-1>0,20)/20",0.0,304,False
COUNT_RETID_3,"Count(C/O-1>0,3)/3",0.0,305,False
COUNT_RETID_30,"Count(C/O-1>0,30)/30",0.0,306,False
COUNT_RETID_5,"Count(C/O-1>0,5)/5",0.0,307,False
COUNT_RETID_60,"Count(C/O-1>0,60)/60",0.0,308,False
COUNT_RETON_10,"Count(O/PC-1>0,10)/10",0.0,309,False
COUNT_RETON_20,"Count(O/PC-1>0,20)/20",0.0,310,False
COUNT_RETON_3,"Count(O/PC-1>0,3)/3",0.0,311,False
COUNT_RETON_30,"Count(O/PC-1>0,30)/30",0.0,312,False
COUNT_RETON_5,"Count(O/PC-1>0,5)/5",0.0,313,False
COUNT_RETON_60,"Count(O/PC-1>0,60)/60",0.0,314,False
COUNT_R_10,"Count(pct_chg/100>0,10)/10",0.0,315,False
COUNT_R_20,"Count(pct_chg/100>0,20)/20",0.0,316,False
COUNT_R_3,"Count(pct_chg/100>0,3)/3",0.0,317,False
COUNT_R_30,"Count(pct_chg/100>0,30)/30",0.0,318,False
COUNT_R_5,"Count(pct_chg/100>0,5)/5",0.0,319,False
COUNT_R_60,"Count(pct_chg/100>0,60)/60",0.0,320,False
COV_CLOSE_LOGV_10,"Cov(C̃,log(V+1),10)",0.0,321,False
COV_CLOSE_LOGV_20,"Cov(C̃,log(V+1),20)",0.0,322,False
COV_CLOSE_LOGV_3,"Cov(C̃,log(V+1),3)",0.0,323,False
COV_CLOSE_LOGV_5,"Cov(C̃,log(V+1),5)",0.0,324,False
COV_CLOSE_LOGV_60,"Cov(C̃,log(V+1),60)",0.0,325,False
COV_HLR_LOGV_3,"Cov(H/L,log(V+1),3)",0.0,326,False
COV_HLR_LOGV_30,"Cov(H/L,log(V+1),30)",0.0,327,False
COV_HLR_LOGV_60,"Cov(H/L,log(V+1),60)",0.0,328,False
COV_R_LOGV_20,"Cov(pct_chg/100,log(V+1),20)",0.0,329,False
COV_R_LOGV_3,"Cov(pct_chg/100,log(V+1),3)",0.0,330,False
COV_R_LOGV_30,"Cov(pct_chg/100,log(V+1),30)",0.0,331,False
COV_R_LOGV_60,"Cov(pct_chg/100,log(V+1),60)",0.0,332,False
COV_R_RIDX_3,"Cov(pct_chg/100,R_idx(000001.SH),3)",0.0,333,False
COV_R_RIDX_5,"Cov(pct_chg/100,R_idx(000001.SH),5)",0.0,334,False
CPV10,"量价相关｜Corr(C~, V, 10)",0.0,335,False
CPV20,"量价相关｜Corr(C~, V, 20)",0.0,336,False
CPV_TREND,"量价相关｜Slope(Corr(C~,V,10), 10)",0.0,337,False
CPV_VWAP10,"量价相关｜-Corr(A/V, V, 10)",0.0,338,False
CUMID20,"隔夜/日内｜Sum(log1p(RET_ID), 20)",0.0,339,False
CUMON20,"隔夜/日内｜Sum(log1p(RET_ON), 20)",0.0,340,False
DAYS_BELOW_PAR,连续低于面值天数,0.0,341,False
DD20,前二十交易日最大收盘回撤,0.0,342,False
DD20_AVG_SPEED,急跌段平均跌速,0.0,343,False
DD20_DOWN_DAY_SHARE,急跌窗口下跌日占比,0.0,344,False
DD20_LOCAL_LOW_COUNT,急跌窗口内局部低点次数,0.0,345,False
DD20_MAX_DAY_DROP,急跌窗口最大单日跌幅,0.0,346,False
DD20_PATH_EFFICIENCY,急跌路径效率系数,0.0,347,False
DD20_START_BARS,回撤起点距事件日交易日数,0.0,348,False
DD20_VOL_BASELINE_RATIO,急跌窗口均量对前六十日均量比值,0.0,349,False
DELTA_A_10,"Delta(A,10)/(x+1)",0.0,350,False
DELTA_A_20,"Delta(A,20)/(x+1)",0.0,351,False
DELTA_A_3,"Delta(A,3)/(x+1)",0.0,352,False
DELTA_A_30,"Delta(A,30)/(x+1)",0.0,353,False
DELTA_A_5,"Delta(A,5)/(x+1)",0.0,354,False
DELTA_CF_10,"Delta(CF,10)/C̃",0.0,355,False
DELTA_CF_20,"Delta(CF,20)/C̃",0.0,356,False
DELTA_CF_3,"Delta(CF,3)/C̃",0.0,357,False
DELTA_CF_30,"Delta(CF,30)/C̃",0.0,358,False
DELTA_CF_5,"Delta(CF,5)/C̃",0.0,359,False
DELTA_CF_60,"Delta(CF,60)/C̃",0.0,360,False
DELTA_HIGH_10,"Delta(H̃,10)/C̃",0.0,361,False
DELTA_HIGH_20,"Delta(H̃,20)/C̃",0.0,362,False
DELTA_HIGH_3,"Delta(H̃,3)/C̃",0.0,363,False
DELTA_HIGH_30,"Delta(H̃,30)/C̃",0.0,364,False
DELTA_HIGH_5,"Delta(H̃,5)/C̃",0.0,365,False
DELTA_HLR_10,"Delta(H/L,10)",0.0,366,False
DELTA_HLR_20,"Delta(H/L,20)",0.0,367,False
DELTA_HLR_3,"Delta(H/L,3)",0.0,368,False
DELTA_HLR_30,"Delta(H/L,30)",0.0,369,False
DELTA_HLR_60,"Delta(H/L,60)",0.0,370,False
DELTA_LOGV_10,"Delta(log(V+1),10)",0.0,371,False
DELTA_LOGV_20,"Delta(log(V+1),20)",0.0,372,False
DELTA_LOGV_3,"Delta(log(V+1),3)",0.0,373,False
DELTA_LOGV_30,"Delta(log(V+1),30)",0.0,374,False
DELTA_LOGV_5,"Delta(log(V+1),5)",0.0,375,False
DELTA_LOGV_60,"Delta(log(V+1),60)",0.0,376,False
DELTA_LOW_10,"Delta(L̃,10)/C̃",0.0,377,False
DELTA_LOW_20,"Delta(L̃,20)/C̃",0.0,378,False
DELTA_LOW_3,"Delta(L̃,3)/C̃",0.0,379,False
DELTA_LOW_30,"Delta(L̃,30)/C̃",0.0,380,False
DELTA_LOW_5,"Delta(L̃,5)/C̃",0.0,381,False
DELTA_LOW_60,"Delta(L̃,60)/C̃",0.0,382,False
DELTA_OPEN_10,"Delta(Õ,10)/C̃",0.0,383,False
DELTA_OPEN_3,"Delta(Õ,3)/C̃",0.0,384,False
DELTA_OPEN_30,"Delta(Õ,30)/C̃",0.0,385,False
DELTA_RETID_10,"Delta(C/O-1,10)",0.0,386,False
DELTA_RETID_20,"Delta(C/O-1,20)",0.0,387,False
DELTA_RETID_3,"Delta(C/O-1,3)",0.0,388,False
DELTA_RETID_30,"Delta(C/O-1,30)",0.0,389,False
DELTA_RETID_5,"Delta(C/O-1,5)",0.0,390,False
DELTA_RETID_60,"Delta(C/O-1,60)",0.0,391,False
DELTA_RETON_10,"Delta(O/PC-1,10)",0.0,392,False
DELTA_RETON_20,"Delta(O/PC-1,20)",0.0,393,False
DELTA_RETON_30,"Delta(O/PC-1,30)",0.0,394,False
DELTA_RETON_5,"Delta(O/PC-1,5)",0.0,395,False
DELTA_RETON_60,"Delta(O/PC-1,60)",0.0,396,False
DELTA_R_10,"Delta(pct_chg/100,10)",0.0,397,False
DELTA_R_20,"Delta(pct_chg/100,20)",0.0,398,False
DELTA_R_30,"Delta(pct_chg/100,30)",0.0,399,False
DELTA_R_5,"Delta(pct_chg/100,5)",0.0,400,False
DELTA_R_60,"Delta(pct_chg/100,60)",0.0,401,False
DELTA_VWAP_10,"Delta(A/V,10)/C",0.0,402,False
DELTA_VWAP_20,"Delta(A/V,20)/C",0.0,403,False
DELTA_VWAP_3,"Delta(A/V,3)/C",0.0,404,False
DELTA_VWAP_30,"Delta(A/V,30)/C",0.0,405,False
DELTA_VWAP_5,"Delta(A/V,5)/C",0.0,406,False
DELTA_VWAP_60,"Delta(A/V,60)/C",0.0,407,False
DELTA_V_10,"Delta(V,10)/(x+1)",0.0,408,False
DELTA_V_20,"Delta(V,20)/(x+1)",0.0,409,False
DELTA_V_3,"Delta(V,3)/(x+1)",0.0,410,False
DELTA_V_30,"Delta(V,30)/(x+1)",0.0,411,False
DELTA_V_5,"Delta(V,5)/(x+1)",0.0,412,False
DELTA_V_60,"Delta(V,60)/(x+1)",0.0,413,False
DIF_DEA_GAP_CLOSE_NORM,事件日DIF对DEA开口收盘价归一,0.0,414,False
DIF_EVENT_CLOSE_NORM,事件日DIF收盘价归一水平,0.0,415,False
DIF_LIFT_PREV_CLOSE_NORM,前一对金叉DIF抬升幅度收盘价归一,0.0,416,False
DIF_LIFT_RATE_CLOSE_NORM,金叉DIF抬升速率收盘价归一,0.0,417,False
DIF_PREV2_CLOSE_NORM,远金叉DIF收盘价归一水平,0.0,418,False
DIST_HIGH60,"位置结构｜C~/Max(H~,60) (取 high 口径, 并入 drawdown_60)",0.0,419,False
DIST_LIMIT,"制度｜clip(pct_chg/limit_pct, -1, 1), 1=收涨停 (近似口径)",0.0,420,False
DIST_RESIST20,"位置结构｜(Max(H~,20)-C~)/C~",0.0,421,False
DIST_SUPPORT20,"位置结构｜(C~-Min(L~,20))/C~",0.0,422,False
DOJI,K线形态｜1[abs(C-O) < 0.1*(H-L)],0.0,423,False
DOWNLIMIT_UNSEALED,触跌停未封标记（撬板）,0.0,424,False
DOWNTOUCH_RECOVER,撬板回收幅度（收盘价与跌停价相对差）,0.0,425,False
DOWN_DAY_PCT10,K线形态｜10 日阴线 (C<O) 占比,0.0,426,False
DOWN_STREAK,K线形态｜T 日末连续 C<O 天数,0.0,427,False
DSR20,"波动结构｜Sum(min(R,0)^2,20)/Sum(R^2,20)",0.0,428,False
DVOL,"波动率｜Std(R,5)-Std(R,60)",0.0,429,False
EFF_RATIO10,"位置结构｜abs(C~-shift(C~,10))/Sum(abs(dC~),10) (Kaufman)",0.0,430,False
EMA_A_10,"EMA(A,10)/(x+1)",0.0,431,False
EMA_A_20,"EMA(A,20)/(x+1)",0.0,432,False
EMA_A_3,"EMA(A,3)/(x+1)",0.0,433,False
EMA_A_30,"EMA(A,30)/(x+1)",0.0,434,False
EMA_A_5,"EMA(A,5)/(x+1)",0.0,435,False
EMA_A_60,"EMA(A,60)/(x+1)",0.0,436,False
EMA_CF_10,"EMA(CF,10)/C̃",0.0,437,False
EMA_CF_20,"EMA(CF,20)/C̃",0.0,438,False
EMA_CF_3,"EMA(CF,3)/C̃",0.0,439,False
EMA_CF_30,"EMA(CF,30)/C̃",0.0,440,False
EMA_CF_5,"EMA(CF,5)/C̃",0.0,441,False
EMA_CF_60,"EMA(CF,60)/C̃",0.0,442,False
EMA_HIGH_10,"EMA(H̃,10)/C̃",0.0,443,False
EMA_HIGH_20,"EMA(H̃,20)/C̃",0.0,444,False
EMA_HIGH_3,"EMA(H̃,3)/C̃",0.0,445,False
EMA_HIGH_30,"EMA(H̃,30)/C̃",0.0,446,False
EMA_HIGH_5,"EMA(H̃,5)/C̃",0.0,447,False
EMA_HIGH_60,"EMA(H̃,60)/C̃",0.0,448,False
EMA_HLR_3,"EMA(H/L,3)",0.0,449,False
EMA_HLR_60,"EMA(H/L,60)",0.0,450,False
EMA_LOGV_10,"EMA(log(V+1),10)",0.0,451,False
EMA_LOGV_20,"EMA(log(V+1),20)",0.0,452,False
EMA_LOGV_3,"EMA(log(V+1),3)",0.0,453,False
EMA_LOGV_30,"EMA(log(V+1),30)",0.0,454,False
EMA_LOGV_60,"EMA(log(V+1),60)",0.0,455,False
EMA_LOW_10,"EMA(L̃,10)/C̃",0.0,456,False
EMA_LOW_20,"EMA(L̃,20)/C̃",0.0,457,False
EMA_LOW_3,"EMA(L̃,3)/C̃",0.0,458,False
EMA_LOW_30,"EMA(L̃,30)/C̃",0.0,459,False
EMA_LOW_5,"EMA(L̃,5)/C̃",0.0,460,False
EMA_OPEN_10,"EMA(Õ,10)/C̃",0.0,461,False
EMA_OPEN_20,"EMA(Õ,20)/C̃",0.0,462,False
EMA_OPEN_3,"EMA(Õ,3)/C̃",0.0,463,False
EMA_OPEN_30,"EMA(Õ,30)/C̃",0.0,464,False
EMA_OPEN_5,"EMA(Õ,5)/C̃",0.0,465,False
EMA_RETID_10,"EMA(C/O-1,10)",0.0,466,False
EMA_RETID_20,"EMA(C/O-1,20)",0.0,467,False
EMA_RETID_3,"EMA(C/O-1,3)",0.0,468,False
EMA_RETID_30,"EMA(C/O-1,30)",0.0,469,False
EMA_RETID_5,"EMA(C/O-1,5)",0.0,470,False
EMA_RETID_60,"EMA(C/O-1,60)",0.0,471,False
EMA_RETON_20,"EMA(O/PC-1,20)",0.0,472,False
EMA_RETON_3,"EMA(O/PC-1,3)",0.0,473,False
EMA_RETON_30,"EMA(O/PC-1,30)",0.0,474,False
EMA_RETON_60,"EMA(O/PC-1,60)",0.0,475,False
EMA_R_3,"EMA(pct_chg/100,3)",0.0,476,False
EMA_R_60,"EMA(pct_chg/100,60)",0.0,477,False
EMA_VWAP_10,"EMA(A/V,10)/C",0.0,478,False
EMA_VWAP_20,"EMA(A/V,20)/C",0.0,479,False
EMA_VWAP_3,"EMA(A/V,3)/C",0.0,480,False
EMA_VWAP_30,"EMA(A/V,30)/C",0.0,481,False
EMA_VWAP_5,"EMA(A/V,5)/C",0.0,482,False
EMA_VWAP_60,"EMA(A/V,60)/C",0.0,483,False
EMA_V_10,"EMA(V,10)/(x+1)",0.0,484,False
EMA_V_20,"EMA(V,20)/(x+1)",0.0,485,False
EMA_V_3,"EMA(V,3)/(x+1)",0.0,486,False
EMA_V_30,"EMA(V,30)/(x+1)",0.0,487,False
EMA_V_5,"EMA(V,5)/(x+1)",0.0,488,False
EMA_V_60,"EMA(V,60)/(x+1)",0.0,489,False
ENGULFING,K线形态｜前阴今阳/前阳今阴且实体吞没 (+1/-1/0),0.0,490,False
EP_TSRANK_500,盈利收益率五百日历史分位,0.0,491,False
GAP_MEAN20,"隔夜｜Mean(RET_ON,20)",0.0,492,False
GC_GAP_FAR_BARS,金叉间隔远端交易日数,0.0,493,False
GC_GAP_NEAR_BARS,金叉间隔近端交易日数,0.0,494,False
GC_GAP_RATIO,金叉间隔比值,0.0,495,False
GK_VOL,"波动率｜Mean20( sqrt(max(0.5*ln(H/L)^2-(2ln2-1)*ln(C/O)^2, 0)) ) (Garman-Klass)",0.0,496,False
GK_VOL_RATIO,"波动率｜GK_VOL/Mean(GK_VOL,20)",0.0,497,False
HAMMER,K线形态｜1[下影>=2*实体 且 上影<=0.5*实体 且 下影>=0.6*全长] (T 日),0.0,498,False
HLV_DIV10,"量价相关｜-Corr(H/L, V, 10)",0.0,499,False
HL_SPREAD,流动性｜(H-L)/((H+L)/2),0.0,500,False
IDXMAX_A_10,"IdxMax(A,10)/10",0.0,501,False
IDXMAX_A_20,"IdxMax(A,20)/20",0.0,502,False
IDXMAX_A_3,"IdxMax(A,3)/3",0.0,503,False
IDXMAX_A_30,"IdxMax(A,30)/30",0.0,504,False
IDXMAX_A_5,"IdxMax(A,5)/5",0.0,505,False
IDXMAX_A_60,"IdxMax(A,60)/60",0.0,506,False
IDXMAX_CF_10,"IdxMax(CF,10)/10",0.0,507,False
IDXMAX_CF_20,"IdxMax(CF,20)/20",0.0,508,False
IDXMAX_CF_3,"IdxMax(CF,3)/3",0.0,509,False
IDXMAX_CF_30,"IdxMax(CF,30)/30",0.0,510,False
IDXMAX_CF_5,"IdxMax(CF,5)/5",0.0,511,False
IDXMAX_HIGH_10,"IdxMax(H̃,10)/10",0.0,512,False
IDXMAX_HIGH_20,"IdxMax(H̃,20)/20",0.0,513,False
IDXMAX_HIGH_3,"IdxMax(H̃,3)/3",0.0,514,False
IDXMAX_HIGH_30,"IdxMax(H̃,30)/30",0.0,515,False
IDXMAX_HIGH_5,"IdxMax(H̃,5)/5",0.0,516,False
IDXMAX_HIGH_60,"IdxMax(H̃,60)/60",0.0,517,False
IDXMAX_HLR_10,"IdxMax(H/L,10)/10",0.0,518,False
IDXMAX_HLR_20,"IdxMax(H/L,20)/20",0.0,519,False
IDXMAX_HLR_3,"IdxMax(H/L,3)/3",0.0,520,False
IDXMAX_HLR_30,"IdxMax(H/L,30)/30",0.0,521,False
IDXMAX_HLR_5,"IdxMax(H/L,5)/5",0.0,522,False
IDXMAX_HLR_60,"IdxMax(H/L,60)/60",0.0,523,False
IDXMAX_LOGV_10,"IdxMax(log(V+1),10)/10",0.0,524,False
IDXMAX_LOGV_20,"IdxMax(log(V+1),20)/20",0.0,525,False
IDXMAX_LOGV_3,"IdxMax(log(V+1),3)/3",0.0,526,False
IDXMAX_LOGV_30,"IdxMax(log(V+1),30)/30",0.0,527,False
IDXMAX_LOGV_5,"IdxMax(log(V+1),5)/5",0.0,528,False
IDXMAX_LOGV_60,"IdxMax(log(V+1),60)/60",0.0,529,False
IDXMAX_LOW_20,"IdxMax(L̃,20)/20",0.0,530,False
IDXMAX_LOW_3,"IdxMax(L̃,3)/3",0.0,531,False
IDXMAX_LOW_30,"IdxMax(L̃,30)/30",0.0,532,False
IDXMAX_LOW_5,"IdxMax(L̃,5)/5",0.0,533,False
IDXMAX_LOW_60,"IdxMax(L̃,60)/60",0.0,534,False
IDXMAX_OPEN_10,"IdxMax(Õ,10)/10",0.0,535,False
IDXMAX_OPEN_20,"IdxMax(Õ,20)/20",0.0,536,False
IDXMAX_OPEN_3,"IdxMax(Õ,3)/3",0.0,537,False
IDXMAX_OPEN_30,"IdxMax(Õ,30)/30",0.0,538,False
IDXMAX_OPEN_5,"IdxMax(Õ,5)/5",0.0,539,False
IDXMAX_OPEN_60,"IdxMax(Õ,60)/60",0.0,540,False
IDXMAX_RETID_10,"IdxMax(C/O-1,10)/10",0.0,541,False
IDXMAX_RETID_20,"IdxMax(C/O-1,20)/20",0.0,542,False
IDXMAX_RETID_3,"IdxMax(C/O-1,3)/3",0.0,543,False
IDXMAX_RETID_30,"IdxMax(C/O-1,30)/30",0.0,544,False
IDXMAX_RETID_5,"IdxMax(C/O-1,5)/5",0.0,545,False
IDXMAX_RETID_60,"IdxMax(C/O-1,60)/60",0.0,546,False
IDXMAX_RETON_10,"IdxMax(O/PC-1,10)/10",0.0,547,False
IDXMAX_RETON_20,"IdxMax(O/PC-1,20)/20",0.0,548,False
IDXMAX_RETON_3,"IdxMax(O/PC-1,3)/3",0.0,549,False
IDXMAX_RETON_30,"IdxMax(O/PC-1,30)/30",0.0,550,False
IDXMAX_RETON_5,"IdxMax(O/PC-1,5)/5",0.0,551,False
IDXMAX_R_10,"IdxMax(pct_chg/100,10)/10",0.0,552,False
IDXMAX_R_20,"IdxMax(pct_chg/100,20)/20",0.0,553,False
IDXMAX_R_3,"IdxMax(pct_chg/100,3)/3",0.0,554,False
IDXMAX_R_30,"IdxMax(pct_chg/100,30)/30",0.0,555,False
IDXMAX_R_5,"IdxMax(pct_chg/100,5)/5",0.0,556,False
IDXMAX_R_60,"IdxMax(pct_chg/100,60)/60",0.0,557,False
IDXMAX_VWAP_10,"IdxMax(A/V,10)/10",0.0,558,False
IDXMAX_VWAP_20,"IdxMax(A/V,20)/20",0.0,559,False
IDXMAX_VWAP_3,"IdxMax(A/V,3)/3",0.0,560,False
IDXMAX_VWAP_30,"IdxMax(A/V,30)/30",0.0,561,False
IDXMAX_VWAP_5,"IdxMax(A/V,5)/5",0.0,562,False
IDXMAX_VWAP_60,"IdxMax(A/V,60)/60",0.0,563,False
IDXMIN_A_10,"IdxMin(A,10)/10",0.0,564,False
IDXMIN_A_20,"IdxMin(A,20)/20",0.0,565,False
IDXMIN_A_3,"IdxMin(A,3)/3",0.0,566,False
IDXMIN_A_30,"IdxMin(A,30)/30",0.0,567,False
IDXMIN_A_5,"IdxMin(A,5)/5",0.0,568,False
IDXMIN_A_60,"IdxMin(A,60)/60",0.0,569,False
IDXMIN_CF_10,"IdxMin(CF,10)/10",0.0,570,False
IDXMIN_CF_20,"IdxMin(CF,20)/20",0.0,571,False
IDXMIN_CF_3,"IdxMin(CF,3)/3",0.0,572,False
IDXMIN_CF_30,"IdxMin(CF,30)/30",0.0,573,False
IDXMIN_CF_60,"IdxMin(CF,60)/60",0.0,574,False
IDXMIN_HIGH_10,"IdxMin(H̃,10)/10",0.0,575,False
IDXMIN_HIGH_20,"IdxMin(H̃,20)/20",0.0,576,False
IDXMIN_HIGH_3,"IdxMin(H̃,3)/3",0.0,577,False
IDXMIN_HIGH_30,"IdxMin(H̃,30)/30",0.0,578,False
IDXMIN_HIGH_5,"IdxMin(H̃,5)/5",0.0,579,False
IDXMIN_HIGH_60,"IdxMin(H̃,60)/60",0.0,580,False
IDXMIN_HLR_10,"IdxMin(H/L,10)/10",0.0,581,False
IDXMIN_HLR_20,"IdxMin(H/L,20)/20",0.0,582,False
IDXMIN_HLR_3,"IdxMin(H/L,3)/3",0.0,583,False
IDXMIN_HLR_30,"IdxMin(H/L,30)/30",0.0,584,False
IDXMIN_HLR_5,"IdxMin(H/L,5)/5",0.0,585,False
IDXMIN_HLR_60,"IdxMin(H/L,60)/60",0.0,586,False
IDXMIN_LOGV_10,"IdxMin(log(V+1),10)/10",0.0,587,False
IDXMIN_LOGV_20,"IdxMin(log(V+1),20)/20",0.0,588,False
IDXMIN_LOGV_3,"IdxMin(log(V+1),3)/3",0.0,589,False
IDXMIN_LOGV_30,"IdxMin(log(V+1),30)/30",0.0,590,False
IDXMIN_LOGV_5,"IdxMin(log(V+1),5)/5",0.0,591,False
IDXMIN_LOGV_60,"IdxMin(log(V+1),60)/60",0.0,592,False
IDXMIN_LOW_10,"IdxMin(L̃,10)/10",0.0,593,False
IDXMIN_LOW_3,"IdxMin(L̃,3)/3",0.0,594,False
IDXMIN_LOW_30,"IdxMin(L̃,30)/30",0.0,595,False
IDXMIN_LOW_5,"IdxMin(L̃,5)/5",0.0,596,False
IDXMIN_LOW_60,"IdxMin(L̃,60)/60",0.0,597,False
IDXMIN_OPEN_10,"IdxMin(Õ,10)/10",0.0,598,False
IDXMIN_OPEN_20,"IdxMin(Õ,20)/20",0.0,599,False
IDXMIN_OPEN_3,"IdxMin(Õ,3)/3",0.0,600,False
IDXMIN_OPEN_30,"IdxMin(Õ,30)/30",0.0,601,False
IDXMIN_OPEN_5,"IdxMin(Õ,5)/5",0.0,602,False
IDXMIN_OPEN_60,"IdxMin(Õ,60)/60",0.0,603,False
IDXMIN_RETID_10,"IdxMin(C/O-1,10)/10",0.0,604,False
IDXMIN_RETID_20,"IdxMin(C/O-1,20)/20",0.0,605,False
IDXMIN_RETID_3,"IdxMin(C/O-1,3)/3",0.0,606,False
IDXMIN_RETID_30,"IdxMin(C/O-1,30)/30",0.0,607,False
IDXMIN_RETID_5,"IdxMin(C/O-1,5)/5",0.0,608,False
IDXMIN_RETID_60,"IdxMin(C/O-1,60)/60",0.0,609,False
IDXMIN_RETON_10,"IdxMin(O/PC-1,10)/10",0.0,610,False
IDXMIN_RETON_20,"IdxMin(O/PC-1,20)/20",0.0,611,False
IDXMIN_RETON_3,"IdxMin(O/PC-1,3)/3",0.0,612,False
IDXMIN_RETON_30,"IdxMin(O/PC-1,30)/30",0.0,613,False
IDXMIN_RETON_5,"IdxMin(O/PC-1,5)/5",0.0,614,False
IDXMIN_RETON_60,"IdxMin(O/PC-1,60)/60",0.0,615,False
IDXMIN_R_10,"IdxMin(pct_chg/100,10)/10",0.0,616,False
IDXMIN_R_20,"IdxMin(pct_chg/100,20)/20",0.0,617,False
IDXMIN_R_3,"IdxMin(pct_chg/100,3)/3",0.0,618,False
IDXMIN_R_30,"IdxMin(pct_chg/100,30)/30",0.0,619,False
IDXMIN_R_5,"IdxMin(pct_chg/100,5)/5",0.0,620,False
IDXMIN_R_60,"IdxMin(pct_chg/100,60)/60",0.0,621,False
IDXMIN_VWAP_10,"IdxMin(A/V,10)/10",0.0,622,False
IDXMIN_VWAP_20,"IdxMin(A/V,20)/20",0.0,623,False
IDXMIN_VWAP_3,"IdxMin(A/V,3)/3",0.0,624,False
IDXMIN_VWAP_30,"IdxMin(A/V,30)/30",0.0,625,False
IDXMIN_VWAP_5,"IdxMin(A/V,5)/5",0.0,626,False
IDXMIN_VWAP_60,"IdxMin(A/V,60)/60",0.0,627,False
IMIN20,"位置｜IdxMin(L~,20)/20 (最值距今天数/20)",0.0,628,False
IMXD20,"位置｜(IdxMax(H~,20)-IdxMin(L~,20))/20",0.0,629,False
IND_BREADTH_MA60,行业内六十日均线上方个股占比,0.0,630,False
IND_EXCESS_RET20,个股二十日收益对行业超额,0.0,631,False
INFO_DISC20,"反转｜sign(RET20)*(Count(R<0,20)-Count(R>0,20))/20 (Frog-in-the-Pan)",0.0,632,False
IVOL60,波动率｜60 日 R = a+b*R_idx OLS 残差的 std (指数 000001.SH),0.0,633,False
IVOV60,"高阶矩｜Std(Std(R,5),60)",0.0,634,False
JUMPFREQ60,"波动结构｜Count(abs(R)>2*Std(R,60),60)/60",0.0,635,False
KBAR_KLEN,KBAR_KLEN,0.0,636,False
KBAR_KLOW,KBAR_KLOW,0.0,637,False
KBAR_KLOW2,KBAR_KLOW2,0.0,638,False
KBAR_KSFT,KBAR_KSFT,0.0,639,False
KBAR_KUP,KBAR_KUP,0.0,640,False
KDJ_D,"技术指标｜D=EMA(K,1/3)",0.0,641,False
KDJ_J,技术指标｜J=3K-2D (输出 K/D/J 三列),0.0,642,False
KDJ_K,"技术指标｜RSV9 递推 K=EMA(RSV,1/3)",0.0,643,False
KURT_A_10,"Kurt(A,10)",0.0,644,False
KURT_A_20,"Kurt(A,20)",0.0,645,False
KURT_A_3,"Kurt(A,3)",0.0,646,False
KURT_A_30,"Kurt(A,30)",0.0,647,False
KURT_CF_10,"Kurt(CF,10)",0.0,648,False
KURT_CF_20,"Kurt(CF,20)",0.0,649,False
KURT_CF_3,"Kurt(CF,3)",0.0,650,False
KURT_CF_30,"Kurt(CF,30)",0.0,651,False
KURT_CF_5,"Kurt(CF,5)",0.0,652,False
KURT_CF_60,"Kurt(CF,60)",0.0,653,False
KURT_HIGH_10,"Kurt(H̃,10)",0.0,654,False
KURT_HIGH_20,"Kurt(H̃,20)",0.0,655,False
KURT_HIGH_3,"Kurt(H̃,3)",0.0,656,False
KURT_HIGH_30,"Kurt(H̃,30)",0.0,657,False
KURT_HIGH_5,"Kurt(H̃,5)",0.0,658,False
KURT_HIGH_60,"Kurt(H̃,60)",0.0,659,False
KURT_HLR_10,"Kurt(H/L,10)",0.0,660,False
KURT_HLR_20,"Kurt(H/L,20)",0.0,661,False
KURT_HLR_3,"Kurt(H/L,3)",0.0,662,False
KURT_HLR_30,"Kurt(H/L,30)",0.0,663,False
KURT_HLR_60,"Kurt(H/L,60)",0.0,664,False
KURT_LOGV_10,"Kurt(log(V+1),10)",0.0,665,False
KURT_LOGV_20,"Kurt(log(V+1),20)",0.0,666,False
KURT_LOGV_3,"Kurt(log(V+1),3)",0.0,667,False
KURT_LOGV_30,"Kurt(log(V+1),30)",0.0,668,False
KURT_LOGV_5,"Kurt(log(V+1),5)",0.0,669,False
KURT_LOGV_60,"Kurt(log(V+1),60)",0.0,670,False
KURT_LOW_10,"Kurt(L̃,10)",0.0,671,False
KURT_LOW_20,"Kurt(L̃,20)",0.0,672,False
KURT_LOW_3,"Kurt(L̃,3)",0.0,673,False
KURT_LOW_30,"Kurt(L̃,30)",0.0,674,False
KURT_LOW_5,"Kurt(L̃,5)",0.0,675,False
KURT_LOW_60,"Kurt(L̃,60)",0.0,676,False
KURT_OPEN_10,"Kurt(Õ,10)",0.0,677,False
KURT_OPEN_20,"Kurt(Õ,20)",0.0,678,False
KURT_OPEN_3,"Kurt(Õ,3)",0.0,679,False
KURT_OPEN_30,"Kurt(Õ,30)",0.0,680,False
KURT_OPEN_5,"Kurt(Õ,5)",0.0,681,False
KURT_OPEN_60,"Kurt(Õ,60)",0.0,682,False
KURT_RETID_10,"Kurt(C/O-1,10)",0.0,683,False
KURT_RETID_20,"Kurt(C/O-1,20)",0.0,684,False
KURT_RETID_3,"Kurt(C/O-1,3)",0.0,685,False
KURT_RETID_30,"Kurt(C/O-1,30)",0.0,686,False
KURT_RETID_5,"Kurt(C/O-1,5)",0.0,687,False
KURT_RETID_60,"Kurt(C/O-1,60)",0.0,688,False
KURT_RETON_10,"Kurt(O/PC-1,10)",0.0,689,False
KURT_RETON_3,"Kurt(O/PC-1,3)",0.0,690,False
KURT_RETON_30,"Kurt(O/PC-1,30)",0.0,691,False
KURT_RETON_5,"Kurt(O/PC-1,5)",0.0,692,False
KURT_R_10,"Kurt(pct_chg/100,10)",0.0,693,False
KURT_R_20,"Kurt(pct_chg/100,20)",0.0,694,False
KURT_R_3,"Kurt(pct_chg/100,3)",0.0,695,False
KURT_R_5,"Kurt(pct_chg/100,5)",0.0,696,False
KURT_VWAP_10,"Kurt(A/V,10)",0.0,697,False
KURT_VWAP_3,"Kurt(A/V,3)",0.0,698,False
KURT_VWAP_30,"Kurt(A/V,30)",0.0,699,False
KURT_VWAP_5,"Kurt(A/V,5)",0.0,700,False
KURT_VWAP_60,"Kurt(A/V,60)",0.0,701,False
KURT_V_10,"Kurt(V,10)",0.0,702,False
KURT_V_20,"Kurt(V,20)",0.0,703,False
KURT_V_3,"Kurt(V,3)",0.0,704,False
KURT_V_30,"Kurt(V,30)",0.0,705,False
KURT_V_5,"Kurt(V,5)",0.0,706,False
KURT_V_60,"Kurt(V,60)",0.0,707,False
LIMITCNT20,"制度｜Count(pct_chg >= limit-0.1, 20), limit 按板块 10/20/30",0.0,708,False
LIMITDOWN_CNT20,"制度｜Count(pct_chg <= -(limit-0.1), 20)",0.0,709,False
LIMITUP_SEALED_EXACT,精确收盘封涨停标记,0.0,710,False
LIMITUP_SEALED_SRC,封涨停判定口径来源（2=精确价 1=阈值近似 0=缺失）,0.0,711,False
LIST_AGE,上市时长对数,0.0,712,False
MA200_RATIO,"趋势｜C~/Mean(C~,200)-1",0.0,713,False
MACD_GOLDEN_CROSS,"技术指标｜DIF 上穿 DEA 标记 (日频, 非事件窗)",0.0,714,False
MACD_HIST,技术指标｜2*(DIF-DEA),0.0,715,False
MACD_HIST_AMP20,"技术指标｜Max(HIST,20)-Min(HIST,20)",0.0,716,False
MACD_HIST_SLOPE5,"技术指标｜Slope(MACD_HIST, 5)",0.0,717,False
MACD_ZERO_CROSS,"技术指标｜DIF 穿零轴标记 (上穿+1/下穿-1, 仅穿越日非零)",0.0,718,False
MAX_A_10,"Max(A,10)/(x+1)",0.0,719,False
MAX_A_20,"Max(A,20)/(x+1)",0.0,720,False
MAX_A_3,"Max(A,3)/(x+1)",0.0,721,False
MAX_A_30,"Max(A,30)/(x+1)",0.0,722,False
MAX_A_5,"Max(A,5)/(x+1)",0.0,723,False
MAX_A_60,"Max(A,60)/(x+1)",0.0,724,False
MAX_CF_10,"Max(CF,10)/C̃",0.0,725,False
MAX_CF_20,"Max(CF,20)/C̃",0.0,726,False
MAX_CF_3,"Max(CF,3)/C̃",0.0,727,False
MAX_CF_30,"Max(CF,30)/C̃",0.0,728,False
MAX_CF_5,"Max(CF,5)/C̃",0.0,729,False
MAX_CF_60,"Max(CF,60)/C̃",0.0,730,False
MAX_HIGH_10,"Max(H̃,10)/C̃",0.0,731,False
MAX_HIGH_3,"Max(H̃,3)/C̃",0.0,732,False
MAX_HIGH_5,"Max(H̃,5)/C̃",0.0,733,False
MAX_HIGH_60,"Max(H̃,60)/C̃",0.0,734,False
MAX_HLR_3,"Max(H/L,3)",0.0,735,False
MAX_HLR_60,"Max(H/L,60)",0.0,736,False
MAX_LOGV_20,"Max(log(V+1),20)",0.0,737,False
MAX_LOGV_3,"Max(log(V+1),3)",0.0,738,False
MAX_LOGV_30,"Max(log(V+1),30)",0.0,739,False
MAX_LOGV_60,"Max(log(V+1),60)",0.0,740,False
MAX_LOW_10,"Max(L̃,10)/C̃",0.0,741,False
MAX_LOW_20,"Max(L̃,20)/C̃",0.0,742,False
MAX_LOW_3,"Max(L̃,3)/C̃",0.0,743,False
MAX_LOW_30,"Max(L̃,30)/C̃",0.0,744,False
MAX_LOW_5,"Max(L̃,5)/C̃",0.0,745,False
MAX_LOW_60,"Max(L̃,60)/C̃",0.0,746,False
MAX_OPEN_10,"Max(Õ,10)/C̃",0.0,747,False
MAX_OPEN_20,"Max(Õ,20)/C̃",0.0,748,False
MAX_OPEN_3,"Max(Õ,3)/C̃",0.0,749,False
MAX_OPEN_30,"Max(Õ,30)/C̃",0.0,750,False
MAX_OPEN_5,"Max(Õ,5)/C̃",0.0,751,False
MAX_RETID_10,"Max(C/O-1,10)",0.0,752,False
MAX_RETID_20,"Max(C/O-1,20)",0.0,753,False
MAX_RETID_3,"Max(C/O-1,3)",0.0,754,False
MAX_RETID_30,"Max(C/O-1,30)",0.0,755,False
MAX_RETID_60,"Max(C/O-1,60)",0.0,756,False
MAX_RETON_3,"Max(O/PC-1,3)",0.0,757,False
MAX_R_3,"Max(pct_chg/100,3)",0.0,758,False
MAX_VWAP_10,"Max(A/V,10)/C",0.0,759,False
MAX_VWAP_20,"Max(A/V,20)/C",0.0,760,False
MAX_VWAP_3,"Max(A/V,3)/C",0.0,761,False
MAX_VWAP_30,"Max(A/V,30)/C",0.0,762,False
MAX_VWAP_5,"Max(A/V,5)/C",0.0,763,False
MAX_VWAP_60,"Max(A/V,60)/C",0.0,764,False
MAX_V_10,"Max(V,10)/(x+1)",0.0,765,False
MAX_V_3,"Max(V,3)/(x+1)",0.0,766,False
MAX_V_30,"Max(V,30)/(x+1)",0.0,767,False
MAX_V_5,"Max(V,5)/(x+1)",0.0,768,False
MAX_V_60,"Max(V,60)/(x+1)",0.0,769,False
MA_STACK,趋势｜sign(C~-MA60)+sign(MA60-MA120)+sign(MA120-MA250) (加总),0.0,770,False
MEAN_A_10,"Mean(A,10)/(x+1)",0.0,771,False
MEAN_A_20,"Mean(A,20)/(x+1)",0.0,772,False
MEAN_A_3,"Mean(A,3)/(x+1)",0.0,773,False
MEAN_A_30,"Mean(A,30)/(x+1)",0.0,774,False
MEAN_A_5,"Mean(A,5)/(x+1)",0.0,775,False
MEAN_A_60,"Mean(A,60)/(x+1)",0.0,776,False
MEAN_CF_10,"Mean(CF,10)/C̃",0.0,777,False
MEAN_CF_20,"Mean(CF,20)/C̃",0.0,778,False
MEAN_CF_3,"Mean(CF,3)/C̃",0.0,779,False
MEAN_CF_30,"Mean(CF,30)/C̃",0.0,780,False
MEAN_CF_5,"Mean(CF,5)/C̃",0.0,781,False
MEAN_CF_60,"Mean(CF,60)/C̃",0.0,782,False
MEAN_HIGH_10,"Mean(H̃,10)/C̃",0.0,783,False
MEAN_HIGH_20,"Mean(H̃,20)/C̃",0.0,784,False
MEAN_HIGH_3,"Mean(H̃,3)/C̃",0.0,785,False
MEAN_HIGH_30,"Mean(H̃,30)/C̃",0.0,786,False
MEAN_HIGH_5,"Mean(H̃,5)/C̃",0.0,787,False
MEAN_HLR_3,"Mean(H/L,3)",0.0,788,False
MEAN_HLR_60,"Mean(H/L,60)",0.0,789,False
MEAN_LOGV_10,"Mean(log(V+1),10)",0.0,790,False
MEAN_LOGV_20,"Mean(log(V+1),20)",0.0,791,False
MEAN_LOGV_3,"Mean(log(V+1),3)",0.0,792,False
MEAN_LOGV_30,"Mean(log(V+1),30)",0.0,793,False
MEAN_LOGV_5,"Mean(log(V+1),5)",0.0,794,False
MEAN_LOGV_60,"Mean(log(V+1),60)",0.0,795,False
MEAN_LOW_10,"Mean(L̃,10)/C̃",0.0,796,False
MEAN_LOW_20,"Mean(L̃,20)/C̃",0.0,797,False
MEAN_LOW_3,"Mean(L̃,3)/C̃",0.0,798,False
MEAN_LOW_5,"Mean(L̃,5)/C̃",0.0,799,False
MEAN_LOW_60,"Mean(L̃,60)/C̃",0.0,800,False
MEAN_OPEN_10,"Mean(Õ,10)/C̃",0.0,801,False
MEAN_OPEN_20,"Mean(Õ,20)/C̃",0.0,802,False
MEAN_OPEN_3,"Mean(Õ,3)/C̃",0.0,803,False
MEAN_OPEN_30,"Mean(Õ,30)/C̃",0.0,804,False
MEAN_OPEN_5,"Mean(Õ,5)/C̃",0.0,805,False
MEAN_RETID_10,"Mean(C/O-1,10)",0.0,806,False
MEAN_RETID_20,"Mean(C/O-1,20)",0.0,807,False
MEAN_RETID_3,"Mean(C/O-1,3)",0.0,808,False
MEAN_RETID_30,"Mean(C/O-1,30)",0.0,809,False
MEAN_RETID_5,"Mean(C/O-1,5)",0.0,810,False
MEAN_RETID_60,"Mean(C/O-1,60)",0.0,811,False
MEAN_RETON_3,"Mean(O/PC-1,3)",0.0,812,False
MEAN_R_3,"Mean(pct_chg/100,3)",0.0,813,False
MEAN_VWAP_10,"Mean(A/V,10)/C",0.0,814,False
MEAN_VWAP_20,"Mean(A/V,20)/C",0.0,815,False
MEAN_VWAP_3,"Mean(A/V,3)/C",0.0,816,False
MEAN_VWAP_30,"Mean(A/V,30)/C",0.0,817,False
MEAN_VWAP_5,"Mean(A/V,5)/C",0.0,818,False
MEAN_VWAP_60,"Mean(A/V,60)/C",0.0,819,False
MEAN_V_10,"Mean(V,10)/(x+1)",0.0,820,False
MEAN_V_20,"Mean(V,20)/(x+1)",0.0,821,False
MEAN_V_3,"Mean(V,3)/(x+1)",0.0,822,False
MEAN_V_30,"Mean(V,30)/(x+1)",0.0,823,False
MEAN_V_5,"Mean(V,5)/(x+1)",0.0,824,False
MEAN_V_60,"Mean(V,60)/(x+1)",0.0,825,False
MED_A_10,"Med(A,10)/(x+1)",0.0,826,False
MED_A_20,"Med(A,20)/(x+1)",0.0,827,False
MED_A_3,"Med(A,3)/(x+1)",0.0,828,False
MED_A_30,"Med(A,30)/(x+1)",0.0,829,False
MED_A_5,"Med(A,5)/(x+1)",0.0,830,False
MED_A_60,"Med(A,60)/(x+1)",0.0,831,False
MED_CF_10,"Med(CF,10)/C̃",0.0,832,False
MED_CF_20,"Med(CF,20)/C̃",0.0,833,False
MED_CF_3,"Med(CF,3)/C̃",0.0,834,False
MED_CF_5,"Med(CF,5)/C̃",0.0,835,False
MED_CF_60,"Med(CF,60)/C̃",0.0,836,False
MED_HIGH_10,"Med(H̃,10)/C̃",0.0,837,False
MED_HIGH_20,"Med(H̃,20)/C̃",0.0,838,False
MED_HIGH_3,"Med(H̃,3)/C̃",0.0,839,False
MED_HIGH_30,"Med(H̃,30)/C̃",0.0,840,False
MED_HIGH_5,"Med(H̃,5)/C̃",0.0,841,False
MED_HIGH_60,"Med(H̃,60)/C̃",0.0,842,False
MED_HLR_10,"Med(H/L,10)",0.0,843,False
MED_HLR_20,"Med(H/L,20)",0.0,844,False
MED_HLR_3,"Med(H/L,3)",0.0,845,False
MED_HLR_30,"Med(H/L,30)",0.0,846,False
MED_LOGV_10,"Med(log(V+1),10)",0.0,847,False
MED_LOGV_20,"Med(log(V+1),20)",0.0,848,False
MED_LOGV_30,"Med(log(V+1),30)",0.0,849,False
MED_LOGV_5,"Med(log(V+1),5)",0.0,850,False
MED_LOGV_60,"Med(log(V+1),60)",0.0,851,False
MED_LOW_10,"Med(L̃,10)/C̃",0.0,852,False
MED_LOW_20,"Med(L̃,20)/C̃",0.0,853,False
MED_LOW_3,"Med(L̃,3)/C̃",0.0,854,False
MED_LOW_30,"Med(L̃,30)/C̃",0.0,855,False
MED_LOW_5,"Med(L̃,5)/C̃",0.0,856,False
MED_LOW_60,"Med(L̃,60)/C̃",0.0,857,False
MED_OPEN_10,"Med(Õ,10)/C̃",0.0,858,False
MED_OPEN_20,"Med(Õ,20)/C̃",0.0,859,False
MED_OPEN_3,"Med(Õ,3)/C̃",0.0,860,False
MED_OPEN_30,"Med(Õ,30)/C̃",0.0,861,False
MED_OPEN_5,"Med(Õ,5)/C̃",0.0,862,False
MED_OPEN_60,"Med(Õ,60)/C̃",0.0,863,False
MED_RETID_20,"Med(C/O-1,20)",0.0,864,False
MED_RETID_3,"Med(C/O-1,3)",0.0,865,False
MED_RETID_30,"Med(C/O-1,30)",0.0,866,False
MED_RETID_5,"Med(C/O-1,5)",0.0,867,False
MED_RETID_60,"Med(C/O-1,60)",0.0,868,False
MED_RETON_10,"Med(O/PC-1,10)",0.0,869,False
MED_RETON_20,"Med(O/PC-1,20)",0.0,870,False
MED_RETON_3,"Med(O/PC-1,3)",0.0,871,False
MED_RETON_30,"Med(O/PC-1,30)",0.0,872,False
MED_RETON_5,"Med(O/PC-1,5)",0.0,873,False
MED_RETON_60,"Med(O/PC-1,60)",0.0,874,False
MED_R_20,"Med(pct_chg/100,20)",0.0,875,False
MED_R_3,"Med(pct_chg/100,3)",0.0,876,False
MED_R_30,"Med(pct_chg/100,30)",0.0,877,False
MED_R_5,"Med(pct_chg/100,5)",0.0,878,False
MED_R_60,"Med(pct_chg/100,60)",0.0,879,False
MED_VWAP_10,"Med(A/V,10)/C",0.0,880,False
MED_VWAP_20,"Med(A/V,20)/C",0.0,881,False
MED_VWAP_3,"Med(A/V,3)/C",0.0,882,False
MED_VWAP_30,"Med(A/V,30)/C",0.0,883,False
MED_VWAP_5,"Med(A/V,5)/C",0.0,884,False
MED_VWAP_60,"Med(A/V,60)/C",0.0,885,False
MED_V_10,"Med(V,10)/(x+1)",0.0,886,False
MED_V_20,"Med(V,20)/(x+1)",0.0,887,False
MED_V_3,"Med(V,3)/(x+1)",0.0,888,False
MED_V_30,"Med(V,30)/(x+1)",0.0,889,False
MED_V_5,"Med(V,5)/(x+1)",0.0,890,False
MED_V_60,"Med(V,60)/(x+1)",0.0,891,False
MIN20,"彩票｜Min(R,20)",0.0,892,False
MIN_A_10,"Min(A,10)/(x+1)",0.0,893,False
MIN_A_20,"Min(A,20)/(x+1)",0.0,894,False
MIN_A_3,"Min(A,3)/(x+1)",0.0,895,False
MIN_A_30,"Min(A,30)/(x+1)",0.0,896,False
MIN_A_5,"Min(A,5)/(x+1)",0.0,897,False
MIN_A_60,"Min(A,60)/(x+1)",0.0,898,False
MIN_CF_10,"Min(CF,10)/C̃",0.0,899,False
MIN_CF_20,"Min(CF,20)/C̃",0.0,900,False
MIN_CF_3,"Min(CF,3)/C̃",0.0,901,False
MIN_CF_30,"Min(CF,30)/C̃",0.0,902,False
MIN_CF_5,"Min(CF,5)/C̃",0.0,903,False
MIN_CF_60,"Min(CF,60)/C̃",0.0,904,False
MIN_HIGH_10,"Min(H̃,10)/C̃",0.0,905,False
MIN_HIGH_20,"Min(H̃,20)/C̃",0.0,906,False
MIN_HIGH_3,"Min(H̃,3)/C̃",0.0,907,False
MIN_HIGH_30,"Min(H̃,30)/C̃",0.0,908,False
MIN_HIGH_5,"Min(H̃,5)/C̃",0.0,909,False
MIN_HIGH_60,"Min(H̃,60)/C̃",0.0,910,False
MIN_HLR_10,"Min(H/L,10)",0.0,911,False
MIN_HLR_20,"Min(H/L,20)",0.0,912,False
MIN_HLR_30,"Min(H/L,30)",0.0,913,False
MIN_HLR_5,"Min(H/L,5)",0.0,914,False
MIN_HLR_60,"Min(H/L,60)",0.0,915,False
MIN_LOGV_10,"Min(log(V+1),10)",0.0,916,False
MIN_LOGV_20,"Min(log(V+1),20)",0.0,917,False
MIN_LOGV_3,"Min(log(V+1),3)",0.0,918,False
MIN_LOGV_30,"Min(log(V+1),30)",0.0,919,False
MIN_LOGV_5,"Min(log(V+1),5)",0.0,920,False
MIN_LOGV_60,"Min(log(V+1),60)",0.0,921,False
MIN_LOW_10,"Min(L̃,10)/C̃",0.0,922,False
MIN_LOW_3,"Min(L̃,3)/C̃",0.0,923,False
MIN_LOW_30,"Min(L̃,30)/C̃",0.0,924,False
MIN_LOW_5,"Min(L̃,5)/C̃",0.0,925,False
MIN_LOW_60,"Min(L̃,60)/C̃",0.0,926,False
MIN_OPEN_10,"Min(Õ,10)/C̃",0.0,927,False
MIN_OPEN_20,"Min(Õ,20)/C̃",0.0,928,False
MIN_OPEN_3,"Min(Õ,3)/C̃",0.0,929,False
MIN_OPEN_30,"Min(Õ,30)/C̃",0.0,930,False
MIN_OPEN_5,"Min(Õ,5)/C̃",0.0,931,False
MIN_OPEN_60,"Min(Õ,60)/C̃",0.0,932,False
MIN_PREV_DIST_BARS,前区间最低收盘距事件日交易日数,0.0,933,False
MIN_PREV_DRAWDOWN,前区间自身回撤深度,0.0,934,False
MIN_RETID_10,"Min(C/O-1,10)",0.0,935,False
MIN_RETID_20,"Min(C/O-1,20)",0.0,936,False
MIN_RETID_3,"Min(C/O-1,3)",0.0,937,False
MIN_RETID_30,"Min(C/O-1,30)",0.0,938,False
MIN_RETID_5,"Min(C/O-1,5)",0.0,939,False
MIN_RETID_60,"Min(C/O-1,60)",0.0,940,False
MIN_RETON_10,"Min(O/PC-1,10)",0.0,941,False
MIN_RETON_20,"Min(O/PC-1,20)",0.0,942,False
MIN_RETON_3,"Min(O/PC-1,3)",0.0,943,False
MIN_RETON_30,"Min(O/PC-1,30)",0.0,944,False
MIN_RETON_5,"Min(O/PC-1,5)",0.0,945,False
MIN_RETON_60,"Min(O/PC-1,60)",0.0,946,False
MIN_R_10,"Min(pct_chg/100,10)",0.0,947,False
MIN_R_3,"Min(pct_chg/100,3)",0.0,948,False
MIN_R_5,"Min(pct_chg/100,5)",0.0,949,False
MIN_R_60,"Min(pct_chg/100,60)",0.0,950,False
MIN_VWAP_10,"Min(A/V,10)/C",0.0,951,False
MIN_VWAP_20,"Min(A/V,20)/C",0.0,952,False
MIN_VWAP_3,"Min(A/V,3)/C",0.0,953,False
MIN_VWAP_30,"Min(A/V,30)/C",0.0,954,False
MIN_VWAP_5,"Min(A/V,5)/C",0.0,955,False
MIN_VWAP_60,"Min(A/V,60)/C",0.0,956,False
MIN_V_10,"Min(V,10)/(x+1)",0.0,957,False
MIN_V_20,"Min(V,20)/(x+1)",0.0,958,False
MIN_V_3,"Min(V,3)/(x+1)",0.0,959,False
MIN_V_30,"Min(V,30)/(x+1)",0.0,960,False
MIN_V_5,"Min(V,5)/(x+1)",0.0,961,False
MIN_V_60,"Min(V,60)/(x+1)",0.0,962,False
MKT_AVG_AMP,市场状态｜两指数 (H-L)/L 当日均值,0.0,963,False
MKT_AVG_CHANGE,市场状态｜两指数 (C-O)/O 均值,0.0,964,False
MKT_PROMOTE_RATE,市场连板晋级率,0.0,965,False
MKT_SENTIMENT,市场状态｜两指数均值版情绪 (规则同单指数),0.0,966,False
MKT_SH_PRICE_CHANGE,市场状态｜上证指数 (C-O)/O,0.0,967,False
MKT_SH_PRICE_CHANGE_ABS,市场状态｜|MKT_SH_PRICE_CHANGE|,0.0,968,False
MKT_SH_SENTIMENT,市场状态｜涨>1%且振幅<2%->2; 跌>1%且振幅>3%->0; 否则 1 (上证),0.0,969,False
MKT_SH_SZ_SYNC_DIRECTION,市场状态｜1[两指数 (C-O)/O 同号],0.0,970,False
MKT_SH_VOLUME_SIGNAL,市场状态｜1[量比>1.2] (上证),0.0,971,False
MKT_SYNC_SCORE,"市场状态｜1 - min(1, |pc_sh-pc_sz|/0.02), pc=(C-O)/O (v2 market_sync_score 口径)",0.0,972,False
MKT_SZ_PRICE_CHANGE_ABS,市场状态｜|MKT_SZ_PRICE_CHANGE|,0.0,973,False
MKT_SZ_SENTIMENT,市场状态｜同上 (深证),0.0,974,False
MKT_SZ_VOLUME_SIGNAL,市场状态｜1[量比>1.2] (深证),0.0,975,False
NEW_LISTING,制度｜1[T - list_date < 250 交易日] (= 股内行号 < 250),0.0,976,False
OBV_DIV,"量价背离｜zscore_ts(C~,20)-zscore_ts(OBV,20)",0.0,977,False
OBV_TREND,"量能｜Slope(OBV,5)/Mean(V,20), OBV=sign(R)*V 累积",0.0,978,False
ONEWORD_LIMITUP,一字涨停标记,0.0,979,False
PARK20,"波动率｜sqrt(Sum(log(H/L)^2,20)/(4*ln2*20)) (Parkinson)",0.0,980,False
PCTB,"技术指标｜(C~-Mean(C~,20))/(2*Std(C~,20)) (%B)",0.0,981,False
POS_52W,"位置｜(C~-Min(L~,250))/(Max(H~,250)-Min(L~,250))",0.0,982,False
PRICE_IMPACT,流动性｜abs(C-O)/sqrt(V),0.0,983,False
PRICE_TREND5,"位置结构｜Slope(C~,5)/C~",0.0,984,False
PVR20,"量价背离｜Mean(V|R>0,20)/Mean(V|R<0,20) (最少 5 个上涨日否则 NaN)",0.0,985,False
Q20_A_10,"Quant(A,10,0.2)/(x+1)",0.0,986,False
Q20_A_20,"Quant(A,20,0.2)/(x+1)",0.0,987,False
Q20_A_3,"Quant(A,3,0.2)/(x+1)",0.0,988,False
Q20_A_30,"Quant(A,30,0.2)/(x+1)",0.0,989,False
Q20_A_5,"Quant(A,5,0.2)/(x+1)",0.0,990,False
Q20_A_60,"Quant(A,60,0.2)/(x+1)",0.0,991,False
Q20_CF_10,"Quant(CF,10,0.2)/C̃",0.0,992,False
Q20_CF_3,"Quant(CF,3,0.2)/C̃",0.0,993,False
Q20_CF_30,"Quant(CF,30,0.2)/C̃",0.0,994,False
Q20_CF_5,"Quant(CF,5,0.2)/C̃",0.0,995,False
Q20_CF_60,"Quant(CF,60,0.2)/C̃",0.0,996,False
Q20_HIGH_10,"Quant(H̃,10,0.2)/C̃",0.0,997,False
Q20_HIGH_20,"Quant(H̃,20,0.2)/C̃",0.0,998,False
Q20_HIGH_3,"Quant(H̃,3,0.2)/C̃",0.0,999,False
Q20_HIGH_30,"Quant(H̃,30,0.2)/C̃",0.0,1000,False
Q20_HIGH_5,"Quant(H̃,5,0.2)/C̃",0.0,1001,False
Q20_HIGH_60,"Quant(H̃,60,0.2)/C̃",0.0,1002,False
Q20_HLR_10,"Quant(H/L,10,0.2)",0.0,1003,False
Q20_HLR_20,"Quant(H/L,20,0.2)",0.0,1004,False
Q20_HLR_3,"Quant(H/L,3,0.2)",0.0,1005,False
Q20_HLR_30,"Quant(H/L,30,0.2)",0.0,1006,False
Q20_HLR_5,"Quant(H/L,5,0.2)",0.0,1007,False
Q20_LOGV_10,"Quant(log(V+1),10,0.2)",0.0,1008,False
Q20_LOGV_20,"Quant(log(V+1),20,0.2)",0.0,1009,False
Q20_LOGV_3,"Quant(log(V+1),3,0.2)",0.0,1010,False
Q20_LOGV_30,"Quant(log(V+1),30,0.2)",0.0,1011,False
Q20_LOGV_5,"Quant(log(V+1),5,0.2)",0.0,1012,False
Q20_LOGV_60,"Quant(log(V+1),60,0.2)",0.0,1013,False
Q20_LOW_10,"Quant(L̃,10,0.2)/C̃",0.0,1014,False
Q20_LOW_20,"Quant(L̃,20,0.2)/C̃",0.0,1015,False
Q20_LOW_3,"Quant(L̃,3,0.2)/C̃",0.0,1016,False
Q20_LOW_30,"Quant(L̃,30,0.2)/C̃",0.0,1017,False
Q20_LOW_5,"Quant(L̃,5,0.2)/C̃",0.0,1018,False
Q20_LOW_60,"Quant(L̃,60,0.2)/C̃",0.0,1019,False
Q20_OPEN_10,"Quant(Õ,10,0.2)/C̃",0.0,1020,False
Q20_OPEN_20,"Quant(Õ,20,0.2)/C̃",0.0,1021,False
Q20_OPEN_3,"Quant(Õ,3,0.2)/C̃",0.0,1022,False
Q20_OPEN_30,"Quant(Õ,30,0.2)/C̃",0.0,1023,False
Q20_OPEN_5,"Quant(Õ,5,0.2)/C̃",0.0,1024,False
Q20_RETID_10,"Quant(C/O-1,10,0.2)",0.0,1025,False
Q20_RETID_20,"Quant(C/O-1,20,0.2)",0.0,1026,False
Q20_RETID_3,"Quant(C/O-1,3,0.2)",0.0,1027,False
Q20_RETID_5,"Quant(C/O-1,5,0.2)",0.0,1028,False
Q20_RETID_60,"Quant(C/O-1,60,0.2)",0.0,1029,False
Q20_RETON_10,"Quant(O/PC-1,10,0.2)",0.0,1030,False
Q20_RETON_20,"Quant(O/PC-1,20,0.2)",0.0,1031,False
Q20_RETON_3,"Quant(O/PC-1,3,0.2)",0.0,1032,False
Q20_RETON_5,"Quant(O/PC-1,5,0.2)",0.0,1033,False
Q20_RETON_60,"Quant(O/PC-1,60,0.2)",0.0,1034,False
Q20_R_3,"Quant(pct_chg/100,3,0.2)",0.0,1035,False
Q20_R_5,"Quant(pct_chg/100,5,0.2)",0.0,1036,False
Q20_VWAP_10,"Quant(A/V,10,0.2)/C",0.0,1037,False
Q20_VWAP_20,"Quant(A/V,20,0.2)/C",0.0,1038,False
Q20_VWAP_3,"Quant(A/V,3,0.2)/C",0.0,1039,False
Q20_VWAP_30,"Quant(A/V,30,0.2)/C",0.0,1040,False
Q20_VWAP_5,"Quant(A/V,5,0.2)/C",0.0,1041,False
Q20_VWAP_60,"Quant(A/V,60,0.2)/C",0.0,1042,False
Q20_V_10,"Quant(V,10,0.2)/(x+1)",0.0,1043,False
Q20_V_20,"Quant(V,20,0.2)/(x+1)",0.0,1044,False
Q20_V_3,"Quant(V,3,0.2)/(x+1)",0.0,1045,False
Q20_V_30,"Quant(V,30,0.2)/(x+1)",0.0,1046,False
Q20_V_5,"Quant(V,5,0.2)/(x+1)",0.0,1047,False
Q20_V_60,"Quant(V,60,0.2)/(x+1)",0.0,1048,False
Q80_A_10,"Quant(A,10,0.8)/(x+1)",0.0,1049,False
Q80_A_20,"Quant(A,20,0.8)/(x+1)",0.0,1050,False
Q80_A_30,"Quant(A,30,0.8)/(x+1)",0.0,1051,False
Q80_A_5,"Quant(A,5,0.8)/(x+1)",0.0,1052,False
Q80_A_60,"Quant(A,60,0.8)/(x+1)",0.0,1053,False
Q80_CF_10,"Quant(CF,10,0.8)/C̃",0.0,1054,False
Q80_CF_3,"Quant(CF,3,0.8)/C̃",0.0,1055,False
Q80_CF_5,"Quant(CF,5,0.8)/C̃",0.0,1056,False
Q80_HIGH_10,"Quant(H̃,10,0.8)/C̃",0.0,1057,False
Q80_HIGH_20,"Quant(H̃,20,0.8)/C̃",0.0,1058,False
Q80_HIGH_3,"Quant(H̃,3,0.8)/C̃",0.0,1059,False
Q80_HIGH_5,"Quant(H̃,5,0.8)/C̃",0.0,1060,False
Q80_HLR_20,"Quant(H/L,20,0.8)",0.0,1061,False
Q80_HLR_3,"Quant(H/L,3,0.8)",0.0,1062,False
Q80_HLR_60,"Quant(H/L,60,0.8)",0.0,1063,False
Q80_LOGV_10,"Quant(log(V+1),10,0.8)",0.0,1064,False
Q80_LOGV_20,"Quant(log(V+1),20,0.8)",0.0,1065,False
Q80_LOGV_3,"Quant(log(V+1),3,0.8)",0.0,1066,False
Q80_LOGV_30,"Quant(log(V+1),30,0.8)",0.0,1067,False
Q80_LOGV_5,"Quant(log(V+1),5,0.8)",0.0,1068,False
Q80_LOGV_60,"Quant(log(V+1),60,0.8)",0.0,1069,False
Q80_LOW_10,"Quant(L̃,10,0.8)/C̃",0.0,1070,False
Q80_LOW_3,"Quant(L̃,3,0.8)/C̃",0.0,1071,False
Q80_LOW_30,"Quant(L̃,30,0.8)/C̃",0.0,1072,False
Q80_LOW_5,"Quant(L̃,5,0.8)/C̃",0.0,1073,False
Q80_LOW_60,"Quant(L̃,60,0.8)/C̃",0.0,1074,False
Q80_OPEN_10,"Quant(Õ,10,0.8)/C̃",0.0,1075,False
Q80_OPEN_20,"Quant(Õ,20,0.8)/C̃",0.0,1076,False
Q80_OPEN_3,"Quant(Õ,3,0.8)/C̃",0.0,1077,False
Q80_OPEN_5,"Quant(Õ,5,0.8)/C̃",0.0,1078,False
Q80_OPEN_60,"Quant(Õ,60,0.8)/C̃",0.0,1079,False
Q80_RETID_10,"Quant(C/O-1,10,0.8)",0.0,1080,False
Q80_RETID_20,"Quant(C/O-1,20,0.8)",0.0,1081,False
Q80_RETID_3,"Quant(C/O-1,3,0.8)",0.0,1082,False
Q80_RETID_30,"Quant(C/O-1,30,0.8)",0.0,1083,False
Q80_RETID_5,"Quant(C/O-1,5,0.8)",0.0,1084,False
Q80_RETID_60,"Quant(C/O-1,60,0.8)",0.0,1085,False
Q80_RETON_10,"Quant(O/PC-1,10,0.8)",0.0,1086,False
Q80_RETON_20,"Quant(O/PC-1,20,0.8)",0.0,1087,False
Q80_RETON_3,"Quant(O/PC-1,3,0.8)",0.0,1088,False
Q80_RETON_60,"Quant(O/PC-1,60,0.8)",0.0,1089,False
Q80_R_10,"Quant(pct_chg/100,10,0.8)",0.0,1090,False
Q80_R_20,"Quant(pct_chg/100,20,0.8)",0.0,1091,False
Q80_R_3,"Quant(pct_chg/100,3,0.8)",0.0,1092,False
Q80_R_30,"Quant(pct_chg/100,30,0.8)",0.0,1093,False
Q80_VWAP_10,"Quant(A/V,10,0.8)/C",0.0,1094,False
Q80_VWAP_20,"Quant(A/V,20,0.8)/C",0.0,1095,False
Q80_VWAP_3,"Quant(A/V,3,0.8)/C",0.0,1096,False
Q80_VWAP_30,"Quant(A/V,30,0.8)/C",0.0,1097,False
Q80_VWAP_5,"Quant(A/V,5,0.8)/C",0.0,1098,False
Q80_VWAP_60,"Quant(A/V,60,0.8)/C",0.0,1099,False
Q80_V_10,"Quant(V,10,0.8)/(x+1)",0.0,1100,False
Q80_V_20,"Quant(V,20,0.8)/(x+1)",0.0,1101,False
Q80_V_30,"Quant(V,30,0.8)/(x+1)",0.0,1102,False
Q80_V_5,"Quant(V,5,0.8)/(x+1)",0.0,1103,False
Q80_V_60,"Quant(V,60,0.8)/(x+1)",0.0,1104,False
REF_HIGH_10,"Ref(H̃,10)/C̃",0.0,1105,False
REF_HIGH_20,"Ref(H̃,20)/C̃",0.0,1106,False
REF_HIGH_3,"Ref(H̃,3)/C̃",0.0,1107,False
REF_HIGH_30,"Ref(H̃,30)/C̃",0.0,1108,False
REF_HIGH_5,"Ref(H̃,5)/C̃",0.0,1109,False
REF_HLR_10,"Ref(H/L,10)",0.0,1110,False
REF_HLR_20,"Ref(H/L,20)",0.0,1111,False
REF_HLR_3,"Ref(H/L,3)",0.0,1112,False
REF_HLR_30,"Ref(H/L,30)",0.0,1113,False
REF_HLR_60,"Ref(H/L,60)",0.0,1114,False
REF_LOGV_10,"Ref(log(V+1),10)",0.0,1115,False
REF_LOGV_20,"Ref(log(V+1),20)",0.0,1116,False
REF_LOGV_3,"Ref(log(V+1),3)",0.0,1117,False
REF_LOGV_30,"Ref(log(V+1),30)",0.0,1118,False
REF_LOGV_5,"Ref(log(V+1),5)",0.0,1119,False
REF_LOGV_60,"Ref(log(V+1),60)",0.0,1120,False
REF_LOW_10,"Ref(L̃,10)/C̃",0.0,1121,False
REF_LOW_20,"Ref(L̃,20)/C̃",0.0,1122,False
REF_LOW_3,"Ref(L̃,3)/C̃",0.0,1123,False
REF_LOW_30,"Ref(L̃,30)/C̃",0.0,1124,False
REF_LOW_5,"Ref(L̃,5)/C̃",0.0,1125,False
REF_OPEN_10,"Ref(Õ,10)/C̃",0.0,1126,False
REF_OPEN_20,"Ref(Õ,20)/C̃",0.0,1127,False
REF_OPEN_3,"Ref(Õ,3)/C̃",0.0,1128,False
REF_OPEN_30,"Ref(Õ,30)/C̃",0.0,1129,False
REF_OPEN_5,"Ref(Õ,5)/C̃",0.0,1130,False
REF_RETID_10,"Ref(C/O-1,10)",0.0,1131,False
REF_RETID_20,"Ref(C/O-1,20)",0.0,1132,False
REF_RETID_3,"Ref(C/O-1,3)",0.0,1133,False
REF_RETID_30,"Ref(C/O-1,30)",0.0,1134,False
REF_RETID_5,"Ref(C/O-1,5)",0.0,1135,False
REF_RETID_60,"Ref(C/O-1,60)",0.0,1136,False
REF_RETON_10,"Ref(O/PC-1,10)",0.0,1137,False
REF_RETON_20,"Ref(O/PC-1,20)",0.0,1138,False
REF_RETON_30,"Ref(O/PC-1,30)",0.0,1139,False
REF_RETON_5,"Ref(O/PC-1,5)",0.0,1140,False
REF_RETON_60,"Ref(O/PC-1,60)",0.0,1141,False
REF_R_10,"Ref(pct_chg/100,10)",0.0,1142,False
REF_R_20,"Ref(pct_chg/100,20)",0.0,1143,False
REF_R_30,"Ref(pct_chg/100,30)",0.0,1144,False
REF_R_5,"Ref(pct_chg/100,5)",0.0,1145,False
REF_R_60,"Ref(pct_chg/100,60)",0.0,1146,False
REF_VWAP_10,"Ref(A/V,10)/C",0.0,1147,False
REF_VWAP_20,"Ref(A/V,20)/C",0.0,1148,False
REF_VWAP_3,"Ref(A/V,3)/C",0.0,1149,False
REF_VWAP_5,"Ref(A/V,5)/C",0.0,1150,False
RESID_MOM60_INDNA,残差动量窗口内行业收益缺失退化标记,0.0,1151,False
RESID_MOM60_MKSRC,残差动量市场收益口径拼接标记（2=纯沪深300 1=混合 0=纯上证综指）,0.0,1152,False
RESI_A_10,"Resi(A,10)/(Mean+1)",0.0,1153,False
RESI_A_20,"Resi(A,20)/(Mean+1)",0.0,1154,False
RESI_A_3,"Resi(A,3)/(Mean+1)",0.0,1155,False
RESI_A_30,"Resi(A,30)/(Mean+1)",0.0,1156,False
RESI_A_5,"Resi(A,5)/(Mean+1)",0.0,1157,False
RESI_A_60,"Resi(A,60)/(Mean+1)",0.0,1158,False
RESI_CF_10,"Resi(CF,10)/C̃",0.0,1159,False
RESI_CF_20,"Resi(CF,20)/C̃",0.0,1160,False
RESI_CF_3,"Resi(CF,3)/C̃",0.0,1161,False
RESI_CF_30,"Resi(CF,30)/C̃",0.0,1162,False
RESI_CF_5,"Resi(CF,5)/C̃",0.0,1163,False
RESI_CF_60,"Resi(CF,60)/C̃",0.0,1164,False
RESI_HIGH_10,"Resi(H̃,10)/C̃",0.0,1165,False
RESI_HIGH_20,"Resi(H̃,20)/C̃",0.0,1166,False
RESI_HIGH_3,"Resi(H̃,3)/C̃",0.0,1167,False
RESI_HIGH_5,"Resi(H̃,5)/C̃",0.0,1168,False
RESI_HLR_3,"Resi(H/L,3)",0.0,1169,False
RESI_HLR_30,"Resi(H/L,30)",0.0,1170,False
RESI_HLR_60,"Resi(H/L,60)",0.0,1171,False
RESI_LOGV_10,"Resi(log(V+1),10)",0.0,1172,False
RESI_LOGV_20,"Resi(log(V+1),20)",0.0,1173,False
RESI_LOGV_3,"Resi(log(V+1),3)",0.0,1174,False
RESI_LOGV_30,"Resi(log(V+1),30)",0.0,1175,False
RESI_LOGV_5,"Resi(log(V+1),5)",0.0,1176,False
RESI_LOGV_60,"Resi(log(V+1),60)",0.0,1177,False
RESI_LOW_10,"Resi(L̃,10)/C̃",0.0,1178,False
RESI_LOW_20,"Resi(L̃,20)/C̃",0.0,1179,False
RESI_LOW_3,"Resi(L̃,3)/C̃",0.0,1180,False
RESI_LOW_30,"Resi(L̃,30)/C̃",0.0,1181,False
RESI_LOW_5,"Resi(L̃,5)/C̃",0.0,1182,False
RESI_LOW_60,"Resi(L̃,60)/C̃",0.0,1183,False
RESI_OPEN_10,"Resi(Õ,10)/C̃",0.0,1184,False
RESI_OPEN_20,"Resi(Õ,20)/C̃",0.0,1185,False
RESI_OPEN_3,"Resi(Õ,3)/C̃",0.0,1186,False
RESI_OPEN_30,"Resi(Õ,30)/C̃",0.0,1187,False
RESI_OPEN_5,"Resi(Õ,5)/C̃",0.0,1188,False
RESI_OPEN_60,"Resi(Õ,60)/C̃",0.0,1189,False
RESI_RETID_10,"Resi(C/O-1,10)",0.0,1190,False
RESI_RETID_20,"Resi(C/O-1,20)",0.0,1191,False
RESI_RETID_3,"Resi(C/O-1,3)",0.0,1192,False
RESI_RETID_30,"Resi(C/O-1,30)",0.0,1193,False
RESI_RETID_5,"Resi(C/O-1,5)",0.0,1194,False
RESI_RETID_60,"Resi(C/O-1,60)",0.0,1195,False
RESI_RETON_10,"Resi(O/PC-1,10)",0.0,1196,False
RESI_RETON_20,"Resi(O/PC-1,20)",0.0,1197,False
RESI_RETON_3,"Resi(O/PC-1,3)",0.0,1198,False
RESI_RETON_30,"Resi(O/PC-1,30)",0.0,1199,False
RESI_RETON_5,"Resi(O/PC-1,5)",0.0,1200,False
RESI_RETON_60,"Resi(O/PC-1,60)",0.0,1201,False
RESI_R_3,"Resi(pct_chg/100,3)",0.0,1202,False
RESI_R_30,"Resi(pct_chg/100,30)",0.0,1203,False
RESI_R_5,"Resi(pct_chg/100,5)",0.0,1204,False
RESI_R_60,"Resi(pct_chg/100,60)",0.0,1205,False
RESI_VWAP_10,"Resi(A/V,10)/C",0.0,1206,False
RESI_VWAP_20,"Resi(A/V,20)/C",0.0,1207,False
RESI_VWAP_3,"Resi(A/V,3)/C",0.0,1208,False
RESI_VWAP_30,"Resi(A/V,30)/C",0.0,1209,False
RESI_VWAP_5,"Resi(A/V,5)/C",0.0,1210,False
RESI_VWAP_60,"Resi(A/V,60)/C",0.0,1211,False
RESI_V_10,"Resi(V,10)/(Mean+1)",0.0,1212,False
RESI_V_20,"Resi(V,20)/(Mean+1)",0.0,1213,False
RESI_V_30,"Resi(V,30)/(Mean+1)",0.0,1214,False
RESI_V_5,"Resi(V,5)/(Mean+1)",0.0,1215,False
RESI_V_60,"Resi(V,60)/(Mean+1)",0.0,1216,False
RET1,反转｜R (= pct_chg/100),0.0,1217,False
RET10,"反转｜CF/shift(CF,10)-1",0.0,1218,False
RET20,"反转｜CF/shift(CF,20)-1",0.0,1219,False
RET5,"反转｜CF/shift(CF,5)-1",0.0,1220,False
RET60,"反转｜CF/shift(CF,60)-1",0.0,1221,False
RET_ID,隔夜/日内｜C/O - 1,0.0,1222,False
RET_ON,隔夜/日内｜O/PC - 1,0.0,1223,False
RSI14,"技术指标｜Wilder RSI(C~,14)",0.0,1224,False
RSI6,"技术指标｜Wilder RSI(C~,6)",0.0,1225,False
RSI_OVERSOLD_DAYS,技术指标｜RSI14<30 连续天数,0.0,1226,False
RSQ_A_10,"Rsquare(A,10)",0.0,1227,False
RSQ_A_20,"Rsquare(A,20)",0.0,1228,False
RSQ_A_3,"Rsquare(A,3)",0.0,1229,False
RSQ_A_30,"Rsquare(A,30)",0.0,1230,False
RSQ_A_5,"Rsquare(A,5)",0.0,1231,False
RSQ_A_60,"Rsquare(A,60)",0.0,1232,False
RSQ_CF_10,"Rsquare(CF,10)",0.0,1233,False
RSQ_CF_20,"Rsquare(CF,20)",0.0,1234,False
RSQ_CF_3,"Rsquare(CF,3)",0.0,1235,False
RSQ_CF_30,"Rsquare(CF,30)",0.0,1236,False
RSQ_CF_5,"Rsquare(CF,5)",0.0,1237,False
RSQ_HIGH_10,"Rsquare(H̃,10)",0.0,1238,False
RSQ_HIGH_20,"Rsquare(H̃,20)",0.0,1239,False
RSQ_HIGH_3,"Rsquare(H̃,3)",0.0,1240,False
RSQ_HIGH_30,"Rsquare(H̃,30)",0.0,1241,False
RSQ_HIGH_5,"Rsquare(H̃,5)",0.0,1242,False
RSQ_HLR_10,"Rsquare(H/L,10)",0.0,1243,False
RSQ_HLR_20,"Rsquare(H/L,20)",0.0,1244,False
RSQ_HLR_5,"Rsquare(H/L,5)",0.0,1245,False
RSQ_HLR_60,"Rsquare(H/L,60)",0.0,1246,False
RSQ_LOGV_10,"Rsquare(log(V+1),10)",0.0,1247,False
RSQ_LOGV_20,"Rsquare(log(V+1),20)",0.0,1248,False
RSQ_LOGV_3,"Rsquare(log(V+1),3)",0.0,1249,False
RSQ_LOGV_30,"Rsquare(log(V+1),30)",0.0,1250,False
RSQ_LOGV_5,"Rsquare(log(V+1),5)",0.0,1251,False
RSQ_LOGV_60,"Rsquare(log(V+1),60)",0.0,1252,False
RSQ_LOW_10,"Rsquare(L̃,10)",0.0,1253,False
RSQ_LOW_20,"Rsquare(L̃,20)",0.0,1254,False
RSQ_LOW_3,"Rsquare(L̃,3)",0.0,1255,False
RSQ_LOW_30,"Rsquare(L̃,30)",0.0,1256,False
RSQ_LOW_5,"Rsquare(L̃,5)",0.0,1257,False
RSQ_OPEN_10,"Rsquare(Õ,10)",0.0,1258,False
RSQ_OPEN_20,"Rsquare(Õ,20)",0.0,1259,False
RSQ_OPEN_3,"Rsquare(Õ,3)",0.0,1260,False
RSQ_OPEN_5,"Rsquare(Õ,5)",0.0,1261,False
RSQ_OPEN_60,"Rsquare(Õ,60)",0.0,1262,False
RSQ_RETID_10,"Rsquare(C/O-1,10)",0.0,1263,False
RSQ_RETID_20,"Rsquare(C/O-1,20)",0.0,1264,False
RSQ_RETID_3,"Rsquare(C/O-1,3)",0.0,1265,False
RSQ_RETID_30,"Rsquare(C/O-1,30)",0.0,1266,False
RSQ_RETID_5,"Rsquare(C/O-1,5)",0.0,1267,False
RSQ_RETID_60,"Rsquare(C/O-1,60)",0.0,1268,False
RSQ_RETON_10,"Rsquare(O/PC-1,10)",0.0,1269,False
RSQ_RETON_20,"Rsquare(O/PC-1,20)",0.0,1270,False
RSQ_RETON_3,"Rsquare(O/PC-1,3)",0.0,1271,False
RSQ_RETON_30,"Rsquare(O/PC-1,30)",0.0,1272,False
RSQ_RETON_5,"Rsquare(O/PC-1,5)",0.0,1273,False
RSQ_RETON_60,"Rsquare(O/PC-1,60)",0.0,1274,False
RSQ_R_10,"Rsquare(pct_chg/100,10)",0.0,1275,False
RSQ_R_20,"Rsquare(pct_chg/100,20)",0.0,1276,False
RSQ_R_3,"Rsquare(pct_chg/100,3)",0.0,1277,False
RSQ_R_30,"Rsquare(pct_chg/100,30)",0.0,1278,False
RSQ_R_5,"Rsquare(pct_chg/100,5)",0.0,1279,False
RSQ_R_60,"Rsquare(pct_chg/100,60)",0.0,1280,False
RSQ_VWAP_10,"Rsquare(A/V,10)",0.0,1281,False
RSQ_VWAP_20,"Rsquare(A/V,20)",0.0,1282,False
RSQ_VWAP_3,"Rsquare(A/V,3)",0.0,1283,False
RSQ_VWAP_30,"Rsquare(A/V,30)",0.0,1284,False
RSQ_VWAP_5,"Rsquare(A/V,5)",0.0,1285,False
RSQ_VWAP_60,"Rsquare(A/V,60)",0.0,1286,False
RSQ_V_10,"Rsquare(V,10)",0.0,1287,False
RSQ_V_20,"Rsquare(V,20)",0.0,1288,False
RSQ_V_3,"Rsquare(V,3)",0.0,1289,False
RSQ_V_30,"Rsquare(V,30)",0.0,1290,False
RSQ_V_5,"Rsquare(V,5)",0.0,1291,False
RSQ_V_60,"Rsquare(V,60)",0.0,1292,False
RSV9,"技术指标｜(C~-Min(L~,9))/(Max(H~,9)-Min(L~,9))",0.0,1293,False
RVC20,"量价相关｜Corr(R, V/shift(V,1)-1, 20)",0.0,1294,False
SEED_V6_1,种子v6-1成员资格标记,0.0,1295,False
SEED_V6_2,种子v6-2成员资格标记,0.0,1296,False
SEED_V6_3,种子v6-3成员资格标记,0.0,1297,False
SEED_V6_4,种子v6-4成员资格标记,0.0,1298,False
SEED_V6_5,种子v6-5成员资格标记,0.0,1299,False
SKEW60,"高阶矩｜Skew(R,60)",0.0,1300,False
SKEW_A_10,"Skew(A,10)",0.0,1301,False
SKEW_A_20,"Skew(A,20)",0.0,1302,False
SKEW_A_3,"Skew(A,3)",0.0,1303,False
SKEW_A_30,"Skew(A,30)",0.0,1304,False
SKEW_A_5,"Skew(A,5)",0.0,1305,False
SKEW_A_60,"Skew(A,60)",0.0,1306,False
SKEW_CF_10,"Skew(CF,10)",0.0,1307,False
SKEW_CF_20,"Skew(CF,20)",0.0,1308,False
SKEW_CF_3,"Skew(CF,3)",0.0,1309,False
SKEW_CF_30,"Skew(CF,30)",0.0,1310,False
SKEW_CF_5,"Skew(CF,5)",0.0,1311,False
SKEW_CF_60,"Skew(CF,60)",0.0,1312,False
SKEW_HIGH_10,"Skew(H̃,10)",0.0,1313,False
SKEW_HIGH_20,"Skew(H̃,20)",0.0,1314,False
SKEW_HIGH_3,"Skew(H̃,3)",0.0,1315,False
SKEW_HIGH_30,"Skew(H̃,30)",0.0,1316,False
SKEW_HIGH_5,"Skew(H̃,5)",0.0,1317,False
SKEW_HLR_10,"Skew(H/L,10)",0.0,1318,False
SKEW_HLR_20,"Skew(H/L,20)",0.0,1319,False
SKEW_HLR_3,"Skew(H/L,3)",0.0,1320,False
SKEW_HLR_30,"Skew(H/L,30)",0.0,1321,False
SKEW_HLR_5,"Skew(H/L,5)",0.0,1322,False
SKEW_LOGV_10,"Skew(log(V+1),10)",0.0,1323,False
SKEW_LOGV_20,"Skew(log(V+1),20)",0.0,1324,False
SKEW_LOGV_3,"Skew(log(V+1),3)",0.0,1325,False
SKEW_LOGV_30,"Skew(log(V+1),30)",0.0,1326,False
SKEW_LOGV_5,"Skew(log(V+1),5)",0.0,1327,False
SKEW_LOGV_60,"Skew(log(V+1),60)",0.0,1328,False
SKEW_LOW_10,"Skew(L̃,10)",0.0,1329,False
SKEW_LOW_20,"Skew(L̃,20)",0.0,1330,False
SKEW_LOW_3,"Skew(L̃,3)",0.0,1331,False
SKEW_LOW_30,"Skew(L̃,30)",0.0,1332,False
SKEW_LOW_5,"Skew(L̃,5)",0.0,1333,False
SKEW_LOW_60,"Skew(L̃,60)",0.0,1334,False
SKEW_OPEN_10,"Skew(Õ,10)",0.0,1335,False
SKEW_OPEN_3,"Skew(Õ,3)",0.0,1336,False
SKEW_OPEN_30,"Skew(Õ,30)",0.0,1337,False
SKEW_OPEN_5,"Skew(Õ,5)",0.0,1338,False
SKEW_OPEN_60,"Skew(Õ,60)",0.0,1339,False
SKEW_RETID_10,"Skew(C/O-1,10)",0.0,1340,False
SKEW_RETID_20,"Skew(C/O-1,20)",0.0,1341,False
SKEW_RETID_3,"Skew(C/O-1,3)",0.0,1342,False
SKEW_RETID_30,"Skew(C/O-1,30)",0.0,1343,False
SKEW_RETID_5,"Skew(C/O-1,5)",0.0,1344,False
SKEW_RETID_60,"Skew(C/O-1,60)",0.0,1345,False
SKEW_RETON_10,"Skew(O/PC-1,10)",0.0,1346,False
SKEW_RETON_20,"Skew(O/PC-1,20)",0.0,1347,False
SKEW_RETON_3,"Skew(O/PC-1,3)",0.0,1348,False
SKEW_RETON_30,"Skew(O/PC-1,30)",0.0,1349,False
SKEW_RETON_5,"Skew(O/PC-1,5)",0.0,1350,False
SKEW_R_10,"Skew(pct_chg/100,10)",0.0,1351,False
SKEW_R_20,"Skew(pct_chg/100,20)",0.0,1352,False
SKEW_R_3,"Skew(pct_chg/100,3)",0.0,1353,False
SKEW_R_5,"Skew(pct_chg/100,5)",0.0,1354,False
SKEW_VWAP_20,"Skew(A/V,20)",0.0,1355,False
SKEW_VWAP_3,"Skew(A/V,3)",0.0,1356,False
SKEW_VWAP_30,"Skew(A/V,30)",0.0,1357,False
SKEW_VWAP_5,"Skew(A/V,5)",0.0,1358,False
SKEW_VWAP_60,"Skew(A/V,60)",0.0,1359,False
SKEW_V_10,"Skew(V,10)",0.0,1360,False
SKEW_V_20,"Skew(V,20)",0.0,1361,False
SKEW_V_3,"Skew(V,3)",0.0,1362,False
SKEW_V_30,"Skew(V,30)",0.0,1363,False
SKEW_V_5,"Skew(V,5)",0.0,1364,False
SLOPE_A_10,"Slope(A,10)/(Mean+1)",0.0,1365,False
SLOPE_A_20,"Slope(A,20)/(Mean+1)",0.0,1366,False
SLOPE_A_3,"Slope(A,3)/(Mean+1)",0.0,1367,False
SLOPE_A_30,"Slope(A,30)/(Mean+1)",0.0,1368,False
SLOPE_A_5,"Slope(A,5)/(Mean+1)",0.0,1369,False
SLOPE_A_60,"Slope(A,60)/(Mean+1)",0.0,1370,False
SLOPE_CF_10,"Slope(CF,10)/C̃",0.0,1371,False
SLOPE_CF_20,"Slope(CF,20)/C̃",0.0,1372,False
SLOPE_CF_3,"Slope(CF,3)/C̃",0.0,1373,False
SLOPE_CF_30,"Slope(CF,30)/C̃",0.0,1374,False
SLOPE_HIGH_10,"Slope(H̃,10)/C̃",0.0,1375,False
SLOPE_HIGH_20,"Slope(H̃,20)/C̃",0.0,1376,False
SLOPE_HIGH_3,"Slope(H̃,3)/C̃",0.0,1377,False
SLOPE_HIGH_30,"Slope(H̃,30)/C̃",0.0,1378,False
SLOPE_HIGH_60,"Slope(H̃,60)/C̃",0.0,1379,False
SLOPE_HLR_10,"Slope(H/L,10)",0.0,1380,False
SLOPE_HLR_3,"Slope(H/L,3)",0.0,1381,False
SLOPE_HLR_60,"Slope(H/L,60)",0.0,1382,False
SLOPE_LOGV_10,"Slope(log(V+1),10)",0.0,1383,False
SLOPE_LOGV_20,"Slope(log(V+1),20)",0.0,1384,False
SLOPE_LOGV_3,"Slope(log(V+1),3)",0.0,1385,False
SLOPE_LOGV_30,"Slope(log(V+1),30)",0.0,1386,False
SLOPE_LOGV_5,"Slope(log(V+1),5)",0.0,1387,False
SLOPE_LOGV_60,"Slope(log(V+1),60)",0.0,1388,False
SLOPE_LOW_10,"Slope(L̃,10)/C̃",0.0,1389,False
SLOPE_LOW_20,"Slope(L̃,20)/C̃",0.0,1390,False
SLOPE_LOW_3,"Slope(L̃,3)/C̃",0.0,1391,False
SLOPE_LOW_60,"Slope(L̃,60)/C̃",0.0,1392,False
SLOPE_OPEN_10,"Slope(Õ,10)/C̃",0.0,1393,False
SLOPE_OPEN_20,"Slope(Õ,20)/C̃",0.0,1394,False
SLOPE_OPEN_30,"Slope(Õ,30)/C̃",0.0,1395,False
SLOPE_OPEN_5,"Slope(Õ,5)/C̃",0.0,1396,False
SLOPE_RETID_10,"Slope(C/O-1,10)",0.0,1397,False
SLOPE_RETID_20,"Slope(C/O-1,20)",0.0,1398,False
SLOPE_RETID_3,"Slope(C/O-1,3)",0.0,1399,False
SLOPE_RETID_30,"Slope(C/O-1,30)",0.0,1400,False
SLOPE_RETID_5,"Slope(C/O-1,5)",0.0,1401,False
SLOPE_RETID_60,"Slope(C/O-1,60)",0.0,1402,False
SLOPE_RETON_20,"Slope(O/PC-1,20)",0.0,1403,False
SLOPE_RETON_3,"Slope(O/PC-1,3)",0.0,1404,False
SLOPE_RETON_30,"Slope(O/PC-1,30)",0.0,1405,False
SLOPE_RETON_60,"Slope(O/PC-1,60)",0.0,1406,False
SLOPE_VWAP_10,"Slope(A/V,10)/C",0.0,1407,False
SLOPE_VWAP_20,"Slope(A/V,20)/C",0.0,1408,False
SLOPE_VWAP_3,"Slope(A/V,3)/C",0.0,1409,False
SLOPE_VWAP_30,"Slope(A/V,30)/C",0.0,1410,False
SLOPE_VWAP_5,"Slope(A/V,5)/C",0.0,1411,False
SLOPE_VWAP_60,"Slope(A/V,60)/C",0.0,1412,False
SLOPE_V_10,"Slope(V,10)/(Mean+1)",0.0,1413,False
SLOPE_V_20,"Slope(V,20)/(Mean+1)",0.0,1414,False
SLOPE_V_3,"Slope(V,3)/(Mean+1)",0.0,1415,False
SLOPE_V_30,"Slope(V,30)/(Mean+1)",0.0,1416,False
SLOPE_V_5,"Slope(V,5)/(Mean+1)",0.0,1417,False
SLOPE_V_60,"Slope(V,60)/(Mean+1)",0.0,1418,False
SNAP_H,SNAP_H,0.0,1419,False
SNAP_L,SNAP_L,0.0,1420,False
SNAP_O,SNAP_O,0.0,1421,False
SNAP_VWAP,SNAP_VWAP,0.0,1422,False
SR_RATIO20,"位置结构｜Mean(H~,20)/Mean(L~,20) (RSRS 思路)",0.0,1423,False
STD_A_10,"Std(A,10)/(Mean+1)",0.0,1424,False
STD_A_20,"Std(A,20)/(Mean+1)",0.0,1425,False
STD_A_3,"Std(A,3)/(Mean+1)",0.0,1426,False
STD_A_30,"Std(A,30)/(Mean+1)",0.0,1427,False
STD_A_5,"Std(A,5)/(Mean+1)",0.0,1428,False
STD_A_60,"Std(A,60)/(Mean+1)",0.0,1429,False
STD_CF_10,"Std(CF,10)/C̃",0.0,1430,False
STD_CF_20,"Std(CF,20)/C̃",0.0,1431,False
STD_CF_3,"Std(CF,3)/C̃",0.0,1432,False
STD_CF_5,"Std(CF,5)/C̃",0.0,1433,False
STD_HIGH_10,"Std(H̃,10)/C̃",0.0,1434,False
STD_HIGH_20,"Std(H̃,20)/C̃",0.0,1435,False
STD_HIGH_3,"Std(H̃,3)/C̃",0.0,1436,False
STD_HIGH_30,"Std(H̃,30)/C̃",0.0,1437,False
STD_HIGH_5,"Std(H̃,5)/C̃",0.0,1438,False
STD_HIGH_60,"Std(H̃,60)/C̃",0.0,1439,False
STD_HLR_3,"Std(H/L,3)",0.0,1440,False
STD_HLR_60,"Std(H/L,60)",0.0,1441,False
STD_LOGV_10,"Std(log(V+1),10)",0.0,1442,False
STD_LOGV_20,"Std(log(V+1),20)",0.0,1443,False
STD_LOGV_3,"Std(log(V+1),3)",0.0,1444,False
STD_LOGV_30,"Std(log(V+1),30)",0.0,1445,False
STD_LOGV_5,"Std(log(V+1),5)",0.0,1446,False
STD_LOGV_60,"Std(log(V+1),60)",0.0,1447,False
STD_LOW_20,"Std(L̃,20)/C̃",0.0,1448,False
STD_LOW_3,"Std(L̃,3)/C̃",0.0,1449,False
STD_LOW_5,"Std(L̃,5)/C̃",0.0,1450,False
STD_LOW_60,"Std(L̃,60)/C̃",0.0,1451,False
STD_OPEN_20,"Std(Õ,20)/C̃",0.0,1452,False
STD_OPEN_3,"Std(Õ,3)/C̃",0.0,1453,False
STD_OPEN_5,"Std(Õ,5)/C̃",0.0,1454,False
STD_OPEN_60,"Std(Õ,60)/C̃",0.0,1455,False
STD_RETID_10,"Std(C/O-1,10)",0.0,1456,False
STD_RETID_20,"Std(C/O-1,20)",0.0,1457,False
STD_RETID_3,"Std(C/O-1,3)",0.0,1458,False
STD_RETID_30,"Std(C/O-1,30)",0.0,1459,False
STD_RETID_5,"Std(C/O-1,5)",0.0,1460,False
STD_RETON_3,"Std(O/PC-1,3)",0.0,1461,False
STD_R_3,"Std(pct_chg/100,3)",0.0,1462,False
STD_VWAP_10,"Std(A/V,10)/C",0.0,1463,False
STD_VWAP_20,"Std(A/V,20)/C",0.0,1464,False
STD_VWAP_3,"Std(A/V,3)/C",0.0,1465,False
STD_VWAP_30,"Std(A/V,30)/C",0.0,1466,False
STD_VWAP_5,"Std(A/V,5)/C",0.0,1467,False
STD_VWAP_60,"Std(A/V,60)/C",0.0,1468,False
STD_V_10,"Std(V,10)/(Mean+1)",0.0,1469,False
STD_V_3,"Std(V,3)/(Mean+1)",0.0,1470,False
STD_V_30,"Std(V,30)/(Mean+1)",0.0,1471,False
STD_V_5,"Std(V,5)/(Mean+1)",0.0,1472,False
STD_V_60,"Std(V,60)/(Mean+1)",0.0,1473,False
STR20,量稳换手率（换手二十日波动）,0.0,1474,False
SUMD20,"技术指标｜(Sum(max(R,0),20)-Sum(max(-R,0),20))/Sum(abs(R),20)",0.0,1475,False
TOUCH_FAIL_DEPTH,炸板回落深度（涨停价与收盘价相对差）,0.0,1476,False
TOUCH_LIMITUP_FAIL,触涨停未封标记（炸板）,0.0,1477,False
TREND_SLOPE_120,"趋势｜Slope(log(C~),120)*120 / (Std(R,120)*sqrt(120)) (t 统计量口径)",0.0,1478,False
TSRANK20,"位置｜TsRank(C~,20) (最新值在 20 日内分位)",0.0,1479,False
TSRANK_A_10,"TsRank(A,10)",0.0,1480,False
TSRANK_A_20,"TsRank(A,20)",0.0,1481,False
TSRANK_A_3,"TsRank(A,3)",0.0,1482,False
TSRANK_A_30,"TsRank(A,30)",0.0,1483,False
TSRANK_A_5,"TsRank(A,5)",0.0,1484,False
TSRANK_A_60,"TsRank(A,60)",0.0,1485,False
TSRANK_CF_10,"TsRank(CF,10)",0.0,1486,False
TSRANK_CF_3,"TsRank(CF,3)",0.0,1487,False
TSRANK_CF_30,"TsRank(CF,30)",0.0,1488,False
TSRANK_CF_5,"TsRank(CF,5)",0.0,1489,False
TSRANK_CF_60,"TsRank(CF,60)",0.0,1490,False
TSRANK_HIGH_10,"TsRank(H̃,10)",0.0,1491,False
TSRANK_HIGH_20,"TsRank(H̃,20)",0.0,1492,False
TSRANK_HIGH_3,"TsRank(H̃,3)",0.0,1493,False
TSRANK_HIGH_30,"TsRank(H̃,30)",0.0,1494,False
TSRANK_HIGH_5,"TsRank(H̃,5)",0.0,1495,False
TSRANK_HIGH_60,"TsRank(H̃,60)",0.0,1496,False
TSRANK_HLR_10,"TsRank(H/L,10)",0.0,1497,False
TSRANK_HLR_20,"TsRank(H/L,20)",0.0,1498,False
TSRANK_HLR_3,"TsRank(H/L,3)",0.0,1499,False
TSRANK_HLR_30,"TsRank(H/L,30)",0.0,1500,False
TSRANK_HLR_5,"TsRank(H/L,5)",0.0,1501,False
TSRANK_HLR_60,"TsRank(H/L,60)",0.0,1502,False
TSRANK_LOGV_10,"TsRank(log(V+1),10)",0.0,1503,False
TSRANK_LOGV_20,"TsRank(log(V+1),20)",0.0,1504,False
TSRANK_LOGV_3,"TsRank(log(V+1),3)",0.0,1505,False
TSRANK_LOGV_30,"TsRank(log(V+1),30)",0.0,1506,False
TSRANK_LOGV_5,"TsRank(log(V+1),5)",0.0,1507,False
TSRANK_LOGV_60,"TsRank(log(V+1),60)",0.0,1508,False
TSRANK_LOW_10,"TsRank(L̃,10)",0.0,1509,False
TSRANK_LOW_20,"TsRank(L̃,20)",0.0,1510,False
TSRANK_LOW_3,"TsRank(L̃,3)",0.0,1511,False
TSRANK_LOW_30,"TsRank(L̃,30)",0.0,1512,False
TSRANK_LOW_5,"TsRank(L̃,5)",0.0,1513,False
TSRANK_LOW_60,"TsRank(L̃,60)",0.0,1514,False
TSRANK_OPEN_10,"TsRank(Õ,10)",0.0,1515,False
TSRANK_OPEN_20,"TsRank(Õ,20)",0.0,1516,False
TSRANK_OPEN_3,"TsRank(Õ,3)",0.0,1517,False
TSRANK_OPEN_30,"TsRank(Õ,30)",0.0,1518,False
TSRANK_OPEN_5,"TsRank(Õ,5)",0.0,1519,False
TSRANK_OPEN_60,"TsRank(Õ,60)",0.0,1520,False
TSRANK_RETID_10,"TsRank(C/O-1,10)",0.0,1521,False
TSRANK_RETID_20,"TsRank(C/O-1,20)",0.0,1522,False
TSRANK_RETID_3,"TsRank(C/O-1,3)",0.0,1523,False
TSRANK_RETID_30,"TsRank(C/O-1,30)",0.0,1524,False
TSRANK_RETID_5,"TsRank(C/O-1,5)",0.0,1525,False
TSRANK_RETID_60,"TsRank(C/O-1,60)",0.0,1526,False
TSRANK_RETON_10,"TsRank(O/PC-1,10)",0.0,1527,False
TSRANK_RETON_20,"TsRank(O/PC-1,20)",0.0,1528,False
TSRANK_RETON_3,"TsRank(O/PC-1,3)",0.0,1529,False
TSRANK_RETON_30,"TsRank(O/PC-1,30)",0.0,1530,False
TSRANK_RETON_5,"TsRank(O/PC-1,5)",0.0,1531,False
TSRANK_RETON_60,"TsRank(O/PC-1,60)",0.0,1532,False
TSRANK_R_10,"TsRank(pct_chg/100,10)",0.0,1533,False
TSRANK_R_20,"TsRank(pct_chg/100,20)",0.0,1534,False
TSRANK_R_3,"TsRank(pct_chg/100,3)",0.0,1535,False
TSRANK_R_30,"TsRank(pct_chg/100,30)",0.0,1536,False
TSRANK_R_5,"TsRank(pct_chg/100,5)",0.0,1537,False
TSRANK_R_60,"TsRank(pct_chg/100,60)",0.0,1538,False
TSRANK_VWAP_10,"TsRank(A/V,10)",0.0,1539,False
TSRANK_VWAP_20,"TsRank(A/V,20)",0.0,1540,False
TSRANK_VWAP_3,"TsRank(A/V,3)",0.0,1541,False
TSRANK_VWAP_30,"TsRank(A/V,30)",0.0,1542,False
TSRANK_VWAP_5,"TsRank(A/V,5)",0.0,1543,False
TSRANK_VWAP_60,"TsRank(A/V,60)",0.0,1544,False
TURN_F20,自由流通换手率二十日均值,0.0,1545,False
UPPER_SHADOW_RATIO,"K线形态｜(H-max(O,C))/(H-L), 一字板置 0",0.0,1546,False
VMA5,"量能｜V/Mean(V,5) (量比近似)",0.0,1547,False
VOLUME_RATIO_MA5,交易所口径量比五日均值,0.0,1548,False
VOLUME_RATIO_T,交易所口径量比当日值,0.0,1549,False
VOLUME_TREND10,"量能｜Slope(V,10)/Mean(V,20)",0.0,1550,False
VOL_DRYUP_EXTREME,"量能｜1[Mean(V,5) < Quant(Mean(V,5),250,0.1)]",0.0,1551,False
VOL_MOM,"量能｜(Mean(V,5)-Mean(V,20))/Mean(V,20)",0.0,1552,False
VR1_20,"量能｜V/Mean(V,20)",0.0,1553,False
VSHRINK,"量价背离｜Mean(V|R<0,近10)/Mean(V|R<0,前10)",0.0,1554,False
VSTD20,"量能｜Std(V,20)/(Mean(V,20)+1)",0.0,1555,False
WMA_A_10,"DecayLinear(A,10)/(x+1)",0.0,1556,False
WMA_A_20,"DecayLinear(A,20)/(x+1)",0.0,1557,False
WMA_A_3,"DecayLinear(A,3)/(x+1)",0.0,1558,False
WMA_A_30,"DecayLinear(A,30)/(x+1)",0.0,1559,False
WMA_A_5,"DecayLinear(A,5)/(x+1)",0.0,1560,False
WMA_A_60,"DecayLinear(A,60)/(x+1)",0.0,1561,False
WMA_CF_10,"DecayLinear(CF,10)/C̃",0.0,1562,False
WMA_CF_20,"DecayLinear(CF,20)/C̃",0.0,1563,False
WMA_CF_3,"DecayLinear(CF,3)/C̃",0.0,1564,False
WMA_CF_30,"DecayLinear(CF,30)/C̃",0.0,1565,False
WMA_CF_5,"DecayLinear(CF,5)/C̃",0.0,1566,False
WMA_CF_60,"DecayLinear(CF,60)/C̃",0.0,1567,False
WMA_HIGH_10,"DecayLinear(H̃,10)/C̃",0.0,1568,False
WMA_HIGH_20,"DecayLinear(H̃,20)/C̃",0.0,1569,False
WMA_HIGH_3,"DecayLinear(H̃,3)/C̃",0.0,1570,False
WMA_HIGH_30,"DecayLinear(H̃,30)/C̃",0.0,1571,False
WMA_HIGH_5,"DecayLinear(H̃,5)/C̃",0.0,1572,False
WMA_HIGH_60,"DecayLinear(H̃,60)/C̃",0.0,1573,False
WMA_HLR_3,"DecayLinear(H/L,3)",0.0,1574,False
WMA_HLR_5,"DecayLinear(H/L,5)",0.0,1575,False
WMA_HLR_60,"DecayLinear(H/L,60)",0.0,1576,False
WMA_LOGV_60,"DecayLinear(log(V+1),60)",0.0,1577,False
WMA_LOW_10,"DecayLinear(L̃,10)/C̃",0.0,1578,False
WMA_LOW_20,"DecayLinear(L̃,20)/C̃",0.0,1579,False
WMA_LOW_3,"DecayLinear(L̃,3)/C̃",0.0,1580,False
WMA_LOW_30,"DecayLinear(L̃,30)/C̃",0.0,1581,False
WMA_LOW_5,"DecayLinear(L̃,5)/C̃",0.0,1582,False
WMA_LOW_60,"DecayLinear(L̃,60)/C̃",0.0,1583,False
WMA_OPEN_10,"DecayLinear(Õ,10)/C̃",0.0,1584,False
WMA_OPEN_20,"DecayLinear(Õ,20)/C̃",0.0,1585,False
WMA_OPEN_3,"DecayLinear(Õ,3)/C̃",0.0,1586,False
WMA_OPEN_30,"DecayLinear(Õ,30)/C̃",0.0,1587,False
WMA_OPEN_5,"DecayLinear(Õ,5)/C̃",0.0,1588,False
WMA_RETID_10,"DecayLinear(C/O-1,10)",0.0,1589,False
WMA_RETID_20,"DecayLinear(C/O-1,20)",0.0,1590,False
WMA_RETID_3,"DecayLinear(C/O-1,3)",0.0,1591,False
WMA_RETID_30,"DecayLinear(C/O-1,30)",0.0,1592,False
WMA_RETID_5,"DecayLinear(C/O-1,5)",0.0,1593,False
WMA_RETID_60,"DecayLinear(C/O-1,60)",0.0,1594,False
WMA_RETON_3,"DecayLinear(O/PC-1,3)",0.0,1595,False
WMA_RETON_60,"DecayLinear(O/PC-1,60)",0.0,1596,False
WMA_R_3,"DecayLinear(pct_chg/100,3)",0.0,1597,False
WMA_VWAP_10,"DecayLinear(A/V,10)/C",0.0,1598,False
WMA_VWAP_20,"DecayLinear(A/V,20)/C",0.0,1599,False
WMA_VWAP_3,"DecayLinear(A/V,3)/C",0.0,1600,False
WMA_VWAP_30,"DecayLinear(A/V,30)/C",0.0,1601,False
WMA_VWAP_5,"DecayLinear(A/V,5)/C",0.0,1602,False
WMA_VWAP_60,"DecayLinear(A/V,60)/C",0.0,1603,False
WMA_V_10,"DecayLinear(V,10)/(x+1)",0.0,1604,False
WMA_V_20,"DecayLinear(V,20)/(x+1)",0.0,1605,False
WMA_V_3,"DecayLinear(V,3)/(x+1)",0.0,1606,False
WMA_V_30,"DecayLinear(V,30)/(x+1)",0.0,1607,False
WMA_V_5,"DecayLinear(V,5)/(x+1)",0.0,1608,False
WMA_V_60,"DecayLinear(V,60)/(x+1)",0.0,1609,False
alpha12,量价反向(Alpha12),0.0,1610,False
alpha12_rankpct,量价反向(Alpha12)｜当日横截面百分位,0.0,1611,False
alpha12_z,量价反向(Alpha12)｜当日横截面稳健标准化,0.0,1612,False
amplitude,振幅,0.0,1613,False
amplitude_lag_1,振幅｜滞后1日,0.0,1614,False
amplitude_lag_1_rankpct,振幅｜滞后1日｜当日横截面百分位,0.0,1615,False
amplitude_lag_1_z,振幅｜滞后1日｜当日横截面稳健标准化,0.0,1616,False
amplitude_lag_3_rankpct,振幅｜滞后3日｜当日横截面百分位,0.0,1617,False
amplitude_lag_3_z,振幅｜滞后3日｜当日横截面稳健标准化,0.0,1618,False
amplitude_lag_5_rankpct,振幅｜滞后5日｜当日横截面百分位,0.0,1619,False
amplitude_lag_5_z,振幅｜滞后5日｜当日横截面稳健标准化,0.0,1620,False
amplitude_rankpct,振幅｜当日横截面百分位,0.0,1621,False
amplitude_z,振幅｜当日横截面稳健标准化,0.0,1622,False
atr_ratio,平均真实波幅_ratio,0.0,1623,False
atr_ratio_rankpct,平均真实波幅_ratio｜当日横截面百分位,0.0,1624,False
atr_ratio_z,平均真实波幅_ratio｜当日横截面稳健标准化,0.0,1625,False
atr_z,平均真实波幅｜当日横截面稳健标准化,0.0,1626,False
bb_lower_z,布林带lower｜当日横截面稳健标准化,0.0,1627,False
bb_middle_rankpct,布林带middle｜当日横截面百分位,0.0,1628,False
bb_position,布林带position,0.0,1629,False
bb_position_rankpct,布林带position｜当日横截面百分位,0.0,1630,False
bb_position_z,布林带position｜当日横截面稳健标准化,0.0,1631,False
bb_squeeze,布林带squeeze,0.0,1632,False
bb_squeeze_z,布林带squeeze｜当日横截面稳健标准化,0.0,1633,False
body_strength_rankpct,K线实体强度｜当日横截面百分位,0.0,1634,False
body_strength_z,K线实体强度｜当日横截面稳健标准化,0.0,1635,False
boxcox_atr_z,ATR对数变换(log1p)｜当日横截面稳健标准化,0.0,1636,False
close_lag_10,收盘价｜滞后10日,0.0,1637,False
close_lag_10_rankpct,收盘价｜滞后10日｜当日横截面百分位,0.0,1638,False
close_lag_10_z,收盘价｜滞后10日｜当日横截面稳健标准化,0.0,1639,False
close_lag_20,收盘价｜滞后20日,0.0,1640,False
close_lag_20_rankpct,收盘价｜滞后20日｜当日横截面百分位,0.0,1641,False
close_lag_20_z,收盘价｜滞后20日｜当日横截面稳健标准化,0.0,1642,False
close_lag_25_rankpct,收盘价｜滞后25日｜当日横截面百分位,0.0,1643,False
close_lag_25_z,收盘价｜滞后25日｜当日横截面稳健标准化,0.0,1644,False
close_lag_30_rankpct,收盘价｜滞后30日｜当日横截面百分位,0.0,1645,False
close_lag_5,收盘价｜滞后5日,0.0,1646,False
close_lag_5_rankpct,收盘价｜滞后5日｜当日横截面百分位,0.0,1647,False
close_lag_5_z,收盘价｜滞后5日｜当日横截面稳健标准化,0.0,1648,False
close_vs_high,收盘距日高位置,0.0,1649,False
close_vs_high_rankpct,收盘距日高位置｜当日横截面百分位,0.0,1650,False
close_vs_high_z,收盘距日高位置｜当日横截面稳健标准化,0.0,1651,False
clv,收盘位置值,0.0,1652,False
clv_rankpct,收盘位置值｜当日横截面百分位,0.0,1653,False
clv_z,收盘位置值｜当日横截面稳健标准化,0.0,1654,False
cross_prev2_dea,远金叉DEA值,0.0,1655,False
cross_prev2_dif,远金叉DIF值,0.0,1656,False
cross_prev_dea,前金叉DEA值,0.0,1657,False
daily_return,日收益率,0.0,1658,False
daily_return_rankpct,日收益率｜当日横截面百分位,0.0,1659,False
daily_return_z,日收益率｜当日横截面稳健标准化,0.0,1660,False
dif_lift,金叉DIF抬升幅度(DIF[j]-DIF[i1]),0.0,1661,False
dist_to_high_60,距60日高点距离,0.0,1662,False
dist_to_high_60_rankpct,距60日高点距离｜当日横截面百分位,0.0,1663,False
dist_to_high_60_z,距60日高点距离｜当日横截面稳健标准化,0.0,1664,False
distance_to_resistance,距压力位距离,0.0,1665,False
distance_to_resistance_rankpct,距压力位距离｜当日横截面百分位,0.0,1666,False
distance_to_resistance_z,距压力位距离｜当日横截面稳健标准化,0.0,1667,False
distance_to_support,距支撑位距离,0.0,1668,False
distance_to_support_rankpct,距支撑位距离｜当日横截面百分位,0.0,1669,False
distance_to_support_z,距支撑位距离｜当日横截面稳健标准化,0.0,1670,False
doji_pattern_rankpct,十字线形态_pattern｜当日横截面百分位,0.0,1671,False
doji_pattern_z,十字线形态_pattern｜当日横截面稳健标准化,0.0,1672,False
downtrend,下跌趋势标记,0.0,1673,False
effective_spread,有效价差估计,0.0,1674,False
effective_spread_z,有效价差估计｜当日横截面稳健标准化,0.0,1675,False
efficiency_ratio,效率系数,0.0,1676,False
efficiency_ratio_lag_1,效率系数｜滞后1日,0.0,1677,False
efficiency_ratio_lag_1_rankpct,效率系数｜滞后1日｜当日横截面百分位,0.0,1678,False
efficiency_ratio_lag_1_z,效率系数｜滞后1日｜当日横截面稳健标准化,0.0,1679,False
efficiency_ratio_lag_3,效率系数｜滞后3日,0.0,1680,False
efficiency_ratio_lag_3_rankpct,效率系数｜滞后3日｜当日横截面百分位,0.0,1681,False
efficiency_ratio_lag_3_z,效率系数｜滞后3日｜当日横截面稳健标准化,0.0,1682,False
efficiency_ratio_lag_5,效率系数｜滞后5日,0.0,1683,False
efficiency_ratio_lag_5_rankpct,效率系数｜滞后5日｜当日横截面百分位,0.0,1684,False
efficiency_ratio_lag_5_z,效率系数｜滞后5日｜当日横截面稳健标准化,0.0,1685,False
efficiency_ratio_rankpct,效率系数｜当日横截面百分位,0.0,1686,False
efficiency_ratio_z,效率系数｜当日横截面稳健标准化,0.0,1687,False
engulfing_pattern,吞没形态_pattern,0.0,1688,False
engulfing_pattern_rankpct,吞没形态_pattern｜当日横截面百分位,0.0,1689,False
engulfing_pattern_z,吞没形态_pattern｜当日横截面稳健标准化,0.0,1690,False
hammer_pattern_rankpct,锤子线形态_pattern｜当日横截面百分位,0.0,1691,False
hammer_pattern_z,锤子线形态_pattern｜当日横截面稳健标准化,0.0,1692,False
hammer_signal,锤子线形态_signal,0.0,1693,False
hl_spread_z,高低价差｜当日横截面稳健标准化,0.0,1694,False
illiq_lag_1,非流动性｜滞后1日,0.0,1695,False
illiq_lag_1_rankpct,非流动性｜滞后1日｜当日横截面百分位,0.0,1696,False
illiq_lag_3,非流动性｜滞后3日,0.0,1697,False
illiq_lag_3_rankpct,非流动性｜滞后3日｜当日横截面百分位,0.0,1698,False
illiq_lag_3_z,非流动性｜滞后3日｜当日横截面稳健标准化,0.0,1699,False
illiq_lag_5,非流动性｜滞后5日,0.0,1700,False
illiq_lag_5_rankpct,非流动性｜滞后5日｜当日横截面百分位,0.0,1701,False
illiq_lag_5_z,非流动性｜滞后5日｜当日横截面稳健标准化,0.0,1702,False
intraday_pos_lag_1,日内位置｜滞后1日,0.0,1703,False
intraday_pos_lag_1_rankpct,日内位置｜滞后1日｜当日横截面百分位,0.0,1704,False
intraday_pos_lag_1_z,日内位置｜滞后1日｜当日横截面稳健标准化,0.0,1705,False
intraday_pos_lag_2,日内位置｜滞后2日,0.0,1706,False
intraday_pos_lag_2_rankpct,日内位置｜滞后2日｜当日横截面百分位,0.0,1707,False
intraday_pos_lag_2_z,日内位置｜滞后2日｜当日横截面稳健标准化,0.0,1708,False
intraday_pos_lag_3,日内位置｜滞后3日,0.0,1709,False
intraday_pos_lag_3_rankpct,日内位置｜滞后3日｜当日横截面百分位,0.0,1710,False
intraday_pos_lag_3_z,日内位置｜滞后3日｜当日横截面稳健标准化,0.0,1711,False
intraday_pos_rankpct,日内位置｜当日横截面百分位,0.0,1712,False
is_month_end,月末标记,0.0,1713,False
is_month_start,月初标记,0.0,1714,False
is_quarter_end,季末标记,0.0,1715,False
is_quarter_start,季初标记,0.0,1716,False
log_volume,对数成交量,0.0,1717,False
log_volume_rankpct,对数成交量｜当日横截面百分位,0.0,1718,False
log_volume_z,对数成交量｜当日横截面稳健标准化,0.0,1719,False
ma_60_z,移动均线60｜当日横截面稳健标准化,0.0,1720,False
ma_arrangement,均线排列,0.0,1721,False
macd,指数平滑异同移动平均线,0.0,1722,False
macd_above_signal,指数平滑异同移动平均线_above_signal,0.0,1723,False
macd_above_signal_z,指数平滑异同移动平均线_above_signal｜当日横截面稳健标准化,0.0,1724,False
macd_death_cross,指数平滑异同移动平均线_death_cross,0.0,1725,False
macd_death_cross_z,指数平滑异同移动平均线_death_cross｜当日横截面稳健标准化,0.0,1726,False
macd_golden_cross,指数平滑异同移动平均线_golden_cross,0.0,1727,False
macd_hist,指数平滑异同移动平均线柱,0.0,1728,False
macd_hist_acceleration,指数平滑异同移动平均线柱_acceleration,0.0,1729,False
macd_hist_acceleration_rankpct,指数平滑异同移动平均线柱_acceleration｜当日横截面百分位,0.0,1730,False
macd_hist_acceleration_z,指数平滑异同移动平均线柱_acceleration｜当日横截面稳健标准化,0.0,1731,False
macd_hist_amplitude_rankpct,指数平滑异同移动平均线柱_amplitude｜当日横截面百分位,0.0,1732,False
macd_hist_amplitude_z,指数平滑异同移动平均线柱_amplitude｜当日横截面稳健标准化,0.0,1733,False
macd_hist_direction,指数平滑异同移动平均线柱_direction,0.0,1734,False
macd_hist_direction_z,指数平滑异同移动平均线柱_direction｜当日横截面稳健标准化,0.0,1735,False
macd_hist_trend_5,指数平滑异同移动平均线柱_trend_5,0.0,1736,False
macd_hist_trend_5_rankpct,指数平滑异同移动平均线柱_trend_5｜当日横截面百分位,0.0,1737,False
macd_hist_trend_5_z,指数平滑异同移动平均线柱_trend_5｜当日横截面稳健标准化,0.0,1738,False
macd_hist_z,指数平滑异同移动平均线柱｜当日横截面稳健标准化,0.0,1739,False
macd_percentile,MACD滚动百分位,0.0,1740,False
macd_percentile_rankpct,MACD滚动百分位｜当日横截面百分位,0.0,1741,False
macd_percentile_z,MACD滚动百分位｜当日横截面稳健标准化,0.0,1742,False
macd_rankpct,指数平滑异同移动平均线｜当日横截面百分位,0.0,1743,False
macd_robust,指数平滑异同移动平均线_robust,0.0,1744,False
macd_robust_z,指数平滑异同移动平均线_robust｜当日横截面稳健标准化,0.0,1745,False
macd_signal_convergence_trend,指数平滑异同移动平均线信号线_convergence_trend,0.0,1746,False
macd_signal_convergence_trend_rankpct,指数平滑异同移动平均线信号线_convergence_trend｜当日横截面百分位,0.0,1747,False
macd_signal_convergence_trend_z,指数平滑异同移动平均线信号线_convergence_trend｜当日横截面稳健标准化,0.0,1748,False
macd_signal_cross,指数平滑异同移动平均线信号线_cross,0.0,1749,False
macd_signal_z,指数平滑异同移动平均线信号线｜当日横截面稳健标准化,0.0,1750,False
macd_zero_cross,指数平滑异同移动平均线_zero_cross,0.0,1751,False
macd_zero_cross_down,指数平滑异同移动平均线_zero_cross_down,0.0,1752,False
macd_zero_cross_down_rankpct,指数平滑异同移动平均线_zero_cross_down｜当日横截面百分位,0.0,1753,False
macd_zero_cross_down_z,指数平滑异同移动平均线_zero_cross_down｜当日横截面稳健标准化,0.0,1754,False
macd_zero_cross_up_z,指数平滑异同移动平均线_zero_cross_up｜当日横截面稳健标准化,0.0,1755,False
macd_zero_cross_z,指数平滑异同移动平均线_zero_cross｜当日横截面稳健标准化,0.0,1756,False
market_avg_amplitude_z,市场综合状态avg_amplitude｜当日横截面稳健标准化,0.0,1757,False
market_avg_change_z,市场综合状态avg_change｜当日横截面稳健标准化,0.0,1758,False
market_sentiment_z,市场综合状态sentiment｜当日横截面稳健标准化,0.0,1759,False
market_sync_score_z,市场综合状态sync_score｜当日横截面稳健标准化,0.0,1760,False
min_prev_close,前区间最低收盘价,0.0,1761,False
obv,能量潮,0.0,1762,False
obv_trend,能量潮_trend,0.0,1763,False
obv_trend_rankpct,能量潮_trend｜当日横截面百分位,0.0,1764,False
obv_trend_z,能量潮_trend｜当日横截面稳健标准化,0.0,1765,False
obv_z,能量潮｜当日横截面稳健标准化,0.0,1766,False
price_impact_rankpct,价格冲击｜当日横截面百分位,0.0,1767,False
price_impact_z,价格冲击｜当日横截面稳健标准化,0.0,1768,False
price_trend_5,价格趋势_5,0.0,1769,False
price_trend_5_rankpct,价格趋势_5｜当日横截面百分位,0.0,1770,False
price_trend_5_z,价格趋势_5｜当日横截面稳健标准化,0.0,1771,False
price_volume_divergence,价量背离标记,0.0,1772,False
price_volume_divergence_z,价量背离标记｜当日横截面稳健标准化,0.0,1773,False
price_vs_ma20,价格相对均线偏离20,0.0,1774,False
price_vs_ma20_rankpct,价格相对均线偏离20｜当日横截面百分位,0.0,1775,False
price_vs_ma20_z,价格相对均线偏离20｜当日横截面稳健标准化,0.0,1776,False
price_vs_ma5,价格相对均线偏离5,0.0,1777,False
price_vs_ma5_rankpct,价格相对均线偏离5｜当日横截面百分位,0.0,1778,False
price_vs_ma5_z,价格相对均线偏离5｜当日横截面稳健标准化,0.0,1779,False
price_vs_ma60_z,价格相对均线偏离60｜当日横截面稳健标准化,0.0,1780,False
pv_corr_10,量价相关(10日),0.0,1781,False
pv_corr_10_rankpct,量价相关(10日)｜当日横截面百分位,0.0,1782,False
ret_intraday_lag_1,日内收益｜滞后1日,0.0,1783,False
ret_intraday_lag_1_rankpct,日内收益｜滞后1日｜当日横截面百分位,0.0,1784,False
ret_intraday_lag_1_z,日内收益｜滞后1日｜当日横截面稳健标准化,0.0,1785,False
ret_intraday_lag_3_rankpct,日内收益｜滞后3日｜当日横截面百分位,0.0,1786,False
ret_intraday_lag_3_z,日内收益｜滞后3日｜当日横截面稳健标准化,0.0,1787,False
ret_intraday_lag_5_rankpct,日内收益｜滞后5日｜当日横截面百分位,0.0,1788,False
ret_intraday_lag_5_z,日内收益｜滞后5日｜当日横截面稳健标准化,0.0,1789,False
ret_intraday_rankpct,日内收益｜当日横截面百分位,0.0,1790,False
ret_intraday_z,日内收益｜当日横截面稳健标准化,0.0,1791,False
ret_overnight,隔夜收益,0.0,1792,False
ret_overnight_lag_1,隔夜收益｜滞后1日,0.0,1793,False
ret_overnight_lag_1_rankpct,隔夜收益｜滞后1日｜当日横截面百分位,0.0,1794,False
ret_overnight_lag_1_z,隔夜收益｜滞后1日｜当日横截面稳健标准化,0.0,1795,False
ret_overnight_lag_3_rankpct,隔夜收益｜滞后3日｜当日横截面百分位,0.0,1796,False
ret_overnight_lag_3_z,隔夜收益｜滞后3日｜当日横截面稳健标准化,0.0,1797,False
ret_overnight_lag_5,隔夜收益｜滞后5日,0.0,1798,False
ret_overnight_lag_5_rankpct,隔夜收益｜滞后5日｜当日横截面百分位,0.0,1799,False
ret_overnight_lag_5_z,隔夜收益｜滞后5日｜当日横截面稳健标准化,0.0,1800,False
ret_overnight_rankpct,隔夜收益｜当日横截面百分位,0.0,1801,False
ret_overnight_z,隔夜收益｜当日横截面稳健标准化,0.0,1802,False
return_lag_1,滞后1日,0.0,1803,False
return_lag_10,滞后10日,0.0,1804,False
return_lag_10_rankpct,滞后10日｜当日横截面百分位,0.0,1805,False
return_lag_10_z,滞后10日｜当日横截面稳健标准化,0.0,1806,False
return_lag_1_rankpct,滞后1日｜当日横截面百分位,0.0,1807,False
return_lag_1_z,滞后1日｜当日横截面稳健标准化,0.0,1808,False
return_lag_2,滞后2日,0.0,1809,False
return_lag_20,滞后20日,0.0,1810,False
return_lag_20_rankpct,滞后20日｜当日横截面百分位,0.0,1811,False
return_lag_20_z,滞后20日｜当日横截面稳健标准化,0.0,1812,False
return_lag_2_rankpct,滞后2日｜当日横截面百分位,0.0,1813,False
return_lag_2_z,滞后2日｜当日横截面稳健标准化,0.0,1814,False
return_lag_3_rankpct,滞后3日｜当日横截面百分位,0.0,1815,False
return_lag_3_z,滞后3日｜当日横截面稳健标准化,0.0,1816,False
return_lag_5,滞后5日,0.0,1817,False
return_lag_5_rankpct,滞后5日｜当日横截面百分位,0.0,1818,False
return_lag_5_z,滞后5日｜当日横截面稳健标准化,0.0,1819,False
rsi_14,相对强弱指标14,0.0,1820,False
rsi_14_rankpct,相对强弱指标14｜当日横截面百分位,0.0,1821,False
rsi_14_z,相对强弱指标14｜当日横截面稳健标准化,0.0,1822,False
rsi_24,相对强弱指标24,0.0,1823,False
rsi_24_rankpct,相对强弱指标24｜当日横截面百分位,0.0,1824,False
rsi_24_z,相对强弱指标24｜当日横截面稳健标准化,0.0,1825,False
rsi_6,相对强弱指标6,0.0,1826,False
rsi_6_rankpct,相对强弱指标6｜当日横截面百分位,0.0,1827,False
rsi_6_z,相对强弱指标6｜当日横截面稳健标准化,0.0,1828,False
rsi_momentum,相对强弱指标momentum,0.0,1829,False
rsi_momentum_rankpct,相对强弱指标momentum｜当日横截面百分位,0.0,1830,False
rsi_momentum_z,相对强弱指标momentum｜当日横截面稳健标准化,0.0,1831,False
rsi_overbought_14,相对强弱指标overbought_14,0.0,1832,False
rsi_overbought_14_z,相对强弱指标overbought_14｜当日横截面稳健标准化,0.0,1833,False
rsi_overbought_24,相对强弱指标overbought_24,0.0,1834,False
rsi_overbought_24_z,相对强弱指标overbought_24｜当日横截面稳健标准化,0.0,1835,False
rsi_overbought_6,相对强弱指标overbought_6,0.0,1836,False
rsi_overbought_6_z,相对强弱指标overbought_6｜当日横截面稳健标准化,0.0,1837,False
rsi_oversold_14,相对强弱指标oversold_14,0.0,1838,False
rsi_oversold_14_z,相对强弱指标oversold_14｜当日横截面稳健标准化,0.0,1839,False
rsi_oversold_24,相对强弱指标oversold_24,0.0,1840,False
rsi_oversold_24_z,相对强弱指标oversold_24｜当日横截面稳健标准化,0.0,1841,False
rsi_oversold_6,相对强弱指标oversold_6,0.0,1842,False
rsi_oversold_6_z,相对强弱指标oversold_6｜当日横截面稳健标准化,0.0,1843,False
rsi_robust,相对强弱指标robust,0.0,1844,False
rsi_robust_rankpct,相对强弱指标robust｜当日横截面百分位,0.0,1845,False
rsi_robust_z,相对强弱指标robust｜当日横截面稳健标准化,0.0,1846,False
rsi_turning,相对强弱指标turning,0.0,1847,False
rsi_turning_rankpct,相对强弱指标turning｜当日横截面百分位,0.0,1848,False
rsi_turning_simple_z,相对强弱指标turning_simple｜当日横截面稳健标准化,0.0,1849,False
sh_amplitude_z,上证指数日特征amplitude｜当日横截面稳健标准化,0.0,1850,False
sh_price_change_abs_z,上证指数日特征price_change_abs｜当日横截面稳健标准化,0.0,1851,False
sh_price_change_z,上证指数日特征price_change｜当日横截面稳健标准化,0.0,1852,False
sh_price_wave_abs_z,上证指数日特征price_wave_abs｜当日横截面稳健标准化,0.0,1853,False
sh_sentiment_z,上证指数日特征sentiment｜当日横截面稳健标准化,0.0,1854,False
sh_sz_sync_direction_z,沪深同步性_direction｜当日横截面稳健标准化,0.0,1855,False
sh_sz_sync_strength_z,沪深同步性_strength｜当日横截面稳健标准化,0.0,1856,False
sh_volume_ratio_z,上证指数日特征volume_ratio｜当日横截面稳健标准化,0.0,1857,False
sh_volume_signal_z,上证指数日特征volume_signal｜当日横截面稳健标准化,0.0,1858,False
signed_vol_strength,带符号量能强度_strength,0.0,1859,False
signed_vol_strength_rankpct,带符号量能强度_strength｜当日横截面百分位,0.0,1860,False
signed_vol_strength_z,带符号量能强度_strength｜当日横截面稳健标准化,0.0,1861,False
signed_volume_strength,带符号成交量强度,0.0,1862,False
signed_volume_strength_rankpct,带符号成交量强度｜当日横截面百分位,0.0,1863,False
signed_volume_strength_z,带符号成交量强度｜当日横截面稳健标准化,0.0,1864,False
slowd,随机指标D,0.0,1865,False
slowd_rankpct,随机指标D｜当日横截面百分位,0.0,1866,False
slowd_z,随机指标D｜当日横截面稳健标准化,0.0,1867,False
slowk,随机指标K,0.0,1868,False
slowk_rankpct,随机指标K｜当日横截面百分位,0.0,1869,False
slowk_z,随机指标K｜当日横截面稳健标准化,0.0,1870,False
smart_money_diff,聪明钱差值,0.0,1871,False
smart_money_diff_lag_1,聪明钱差值｜滞后1日,0.0,1872,False
smart_money_diff_lag_1_rankpct,聪明钱差值｜滞后1日｜当日横截面百分位,0.0,1873,False
smart_money_diff_lag_1_z,聪明钱差值｜滞后1日｜当日横截面稳健标准化,0.0,1874,False
smart_money_diff_lag_3_rankpct,聪明钱差值｜滞后3日｜当日横截面百分位,0.0,1875,False
smart_money_diff_lag_3_z,聪明钱差值｜滞后3日｜当日横截面稳健标准化,0.0,1876,False
smart_money_diff_lag_5_rankpct,聪明钱差值｜滞后5日｜当日横截面百分位,0.0,1877,False
smart_money_diff_lag_5_z,聪明钱差值｜滞后5日｜当日横截面稳健标准化,0.0,1878,False
smart_money_diff_rankpct,聪明钱差值｜当日横截面百分位,0.0,1879,False
smart_money_diff_z,聪明钱差值｜当日横截面稳健标准化,0.0,1880,False
stoch_overbought,随机指标状态overbought,0.0,1881,False
stoch_overbought_z,随机指标状态overbought｜当日横截面稳健标准化,0.0,1882,False
stoch_oversold,随机指标状态oversold,0.0,1883,False
stoch_oversold_z,随机指标状态oversold｜当日横截面稳健标准化,0.0,1884,False
support_resistance_ratio_lag_1,支撑压力比｜滞后1日,0.0,1885,False
support_resistance_ratio_lag_1_rankpct,支撑压力比｜滞后1日｜当日横截面百分位,0.0,1886,False
support_resistance_ratio_lag_1_z,支撑压力比｜滞后1日｜当日横截面稳健标准化,0.0,1887,False
support_resistance_ratio_lag_3,支撑压力比｜滞后3日,0.0,1888,False
support_resistance_ratio_lag_3_rankpct,支撑压力比｜滞后3日｜当日横截面百分位,0.0,1889,False
support_resistance_ratio_lag_3_z,支撑压力比｜滞后3日｜当日横截面稳健标准化,0.0,1890,False
support_resistance_ratio_lag_5,支撑压力比｜滞后5日,0.0,1891,False
support_resistance_ratio_lag_5_rankpct,支撑压力比｜滞后5日｜当日横截面百分位,0.0,1892,False
support_resistance_ratio_lag_5_z,支撑压力比｜滞后5日｜当日横截面稳健标准化,0.0,1893,False
support_resistance_ratio_rankpct,支撑压力比｜当日横截面百分位,0.0,1894,False
support_resistance_ratio_z,支撑压力比｜当日横截面稳健标准化,0.0,1895,False
sz_amplitude_z,深证成指日特征amplitude｜当日横截面稳健标准化,0.0,1896,False
sz_price_change_abs_z,深证成指日特征price_change_abs｜当日横截面稳健标准化,0.0,1897,False
sz_price_change_z,深证成指日特征price_change｜当日横截面稳健标准化,0.0,1898,False
sz_price_wave_abs_z,深证成指日特征price_wave_abs｜当日横截面稳健标准化,0.0,1899,False
sz_sentiment_z,深证成指日特征sentiment｜当日横截面稳健标准化,0.0,1900,False
sz_volume_ratio_z,深证成指日特征volume_ratio｜当日横截面稳健标准化,0.0,1901,False
sz_volume_signal_z,深证成指日特征volume_signal｜当日横截面稳健标准化,0.0,1902,False
upper_shadow_ratio_rankpct,上影线占比｜当日横截面百分位,0.0,1903,False
upper_shadow_ratio_z,上影线占比｜当日横截面稳健标准化,0.0,1904,False
vol_divergence,波动率背离,0.0,1905,False
vol_divergence_rankpct,波动率背离｜当日横截面百分位,0.0,1906,False
vol_divergence_z,波动率背离｜当日横截面稳健标准化,0.0,1907,False
vol_gk,GK波动率,0.0,1908,False
vol_gk_lag_1,GK波动率｜滞后1日,0.0,1909,False
vol_gk_lag_10,GK波动率｜滞后10日,0.0,1910,False
vol_gk_lag_10_rankpct,GK波动率｜滞后10日｜当日横截面百分位,0.0,1911,False
vol_gk_lag_1_rankpct,GK波动率｜滞后1日｜当日横截面百分位,0.0,1912,False
vol_gk_lag_1_z,GK波动率｜滞后1日｜当日横截面稳健标准化,0.0,1913,False
vol_gk_lag_3,GK波动率｜滞后3日,0.0,1914,False
vol_gk_lag_3_rankpct,GK波动率｜滞后3日｜当日横截面百分位,0.0,1915,False
vol_gk_lag_3_z,GK波动率｜滞后3日｜当日横截面稳健标准化,0.0,1916,False
vol_gk_lag_5,GK波动率｜滞后5日,0.0,1917,False
vol_gk_lag_5_rankpct,GK波动率｜滞后5日｜当日横截面百分位,0.0,1918,False
vol_gk_lag_5_z,GK波动率｜滞后5日｜当日横截面稳健标准化,0.0,1919,False
vol_gk_rankpct,GK波动率｜当日横截面百分位,0.0,1920,False
vol_gk_ratio,GK波动率_ratio,0.0,1921,False
vol_gk_ratio_lag_1,GK波动率_ratio｜滞后1日,0.0,1922,False
vol_gk_ratio_lag_10,GK波动率_ratio｜滞后10日,0.0,1923,False
vol_gk_ratio_lag_10_rankpct,GK波动率_ratio｜滞后10日｜当日横截面百分位,0.0,1924,False
vol_gk_ratio_lag_10_z,GK波动率_ratio｜滞后10日｜当日横截面稳健标准化,0.0,1925,False
vol_gk_ratio_lag_1_rankpct,GK波动率_ratio｜滞后1日｜当日横截面百分位,0.0,1926,False
vol_gk_ratio_lag_1_z,GK波动率_ratio｜滞后1日｜当日横截面稳健标准化,0.0,1927,False
vol_gk_ratio_lag_3,GK波动率_ratio｜滞后3日,0.0,1928,False
vol_gk_ratio_lag_3_rankpct,GK波动率_ratio｜滞后3日｜当日横截面百分位,0.0,1929,False
vol_gk_ratio_lag_3_z,GK波动率_ratio｜滞后3日｜当日横截面稳健标准化,0.0,1930,False
vol_gk_ratio_lag_5,GK波动率_ratio｜滞后5日,0.0,1931,False
vol_gk_ratio_lag_5_rankpct,GK波动率_ratio｜滞后5日｜当日横截面百分位,0.0,1932,False
vol_gk_ratio_lag_5_z,GK波动率_ratio｜滞后5日｜当日横截面稳健标准化,0.0,1933,False
vol_gk_ratio_rankpct,GK波动率_ratio｜当日横截面百分位,0.0,1934,False
vol_gk_ratio_z,GK波动率_ratio｜当日横截面稳健标准化,0.0,1935,False
vol_gk_z,GK波动率｜当日横截面稳健标准化,0.0,1936,False
volatility_10d_rankpct,滚动波动率10d｜当日横截面百分位,0.0,1937,False
volatility_10d_z,滚动波动率10d｜当日横截面稳健标准化,0.0,1938,False
volatility_15d,滚动波动率15d,0.0,1939,False
volatility_15d_rankpct,滚动波动率15d｜当日横截面百分位,0.0,1940,False
volatility_15d_z,滚动波动率15d｜当日横截面稳健标准化,0.0,1941,False
volatility_20d,滚动波动率20d,0.0,1942,False
volatility_20d_rankpct,滚动波动率20d｜当日横截面百分位,0.0,1943,False
volatility_20d_z,滚动波动率20d｜当日横截面稳健标准化,0.0,1944,False
volatility_25d,滚动波动率25d,0.0,1945,False
volatility_25d_rankpct,滚动波动率25d｜当日横截面百分位,0.0,1946,False
volatility_25d_z,滚动波动率25d｜当日横截面稳健标准化,0.0,1947,False
volatility_30d,滚动波动率30d,0.0,1948,False
volatility_30d_rankpct,滚动波动率30d｜当日横截面百分位,0.0,1949,False
volatility_30d_z,滚动波动率30d｜当日横截面稳健标准化,0.0,1950,False
volatility_3d,滚动波动率3d,0.0,1951,False
volatility_3d_rankpct,滚动波动率3d｜当日横截面百分位,0.0,1952,False
volatility_3d_z,滚动波动率3d｜当日横截面稳健标准化,0.0,1953,False
volatility_5d,滚动波动率5d,0.0,1954,False
volatility_5d_rankpct,滚动波动率5d｜当日横截面百分位,0.0,1955,False
volatility_5d_z,滚动波动率5d｜当日横截面稳健标准化,0.0,1956,False
volume,成交量,0.0,1957,False
volume_consistency,成交量一致性,0.0,1958,False
volume_consistency_rankpct,成交量一致性｜当日横截面百分位,0.0,1959,False
volume_consistency_z,成交量一致性｜当日横截面稳健标准化,0.0,1960,False
volume_dryup,缩量标记,0.0,1961,False
volume_dryup_rankpct,缩量标记｜当日横截面百分位,0.0,1962,False
volume_dryup_z,缩量标记｜当日横截面稳健标准化,0.0,1963,False
volume_lag_10,成交量｜滞后10日,0.0,1964,False
volume_lag_10_rankpct,成交量｜滞后10日｜当日横截面百分位,0.0,1965,False
volume_lag_15,成交量｜滞后15日,0.0,1966,False
volume_lag_20,成交量｜滞后20日,0.0,1967,False
volume_lag_25,成交量｜滞后25日,0.0,1968,False
volume_lag_25_rankpct,成交量｜滞后25日｜当日横截面百分位,0.0,1969,False
volume_lag_25_z,成交量｜滞后25日｜当日横截面稳健标准化,0.0,1970,False
volume_lag_3,成交量｜滞后3日,0.0,1971,False
volume_lag_30,成交量｜滞后30日,0.0,1972,False
volume_lag_30_z,成交量｜滞后30日｜当日横截面稳健标准化,0.0,1973,False
volume_lag_5,成交量｜滞后5日,0.0,1974,False
volume_lag_5_rankpct,成交量｜滞后5日｜当日横截面百分位,0.0,1975,False
volume_lag_5_z,成交量｜滞后5日｜当日横截面稳健标准化,0.0,1976,False
volume_ma20,成交量均线20,0.0,1977,False
volume_ma20_rankpct,成交量均线20｜当日横截面百分位,0.0,1978,False
volume_ma20_z,成交量均线20｜当日横截面稳健标准化,0.0,1979,False
volume_ma_ratio,成交量均线比,0.0,1980,False
volume_ma_ratio_rankpct,成交量均线比｜当日横截面百分位,0.0,1981,False
volume_ma_ratio_z,成交量均线比｜当日横截面稳健标准化,0.0,1982,False
volume_momentum_rankpct,成交量动量｜当日横截面百分位,0.0,1983,False
volume_momentum_z,成交量动量｜当日横截面稳健标准化,0.0,1984,False
volume_ratio_rankpct,量比｜当日横截面百分位,0.0,1985,False
volume_ratio_z,量比｜当日横截面稳健标准化,0.0,1986,False
volume_spike,放量标记,0.0,1987,False
volume_spike_rankpct,放量标记｜当日横截面百分位,0.0,1988,False
volume_spike_z,放量标记｜当日横截面稳健标准化,0.0,1989,False
volume_trend_10,成交量趋势_10,0.0,1990,False
volume_trend_10_rankpct,成交量趋势_10｜当日横截面百分位,0.0,1991,False
volume_trend_10_z,成交量趋势_10｜当日横截面稳健标准化,0.0,1992,False
volume_trend_5,成交量趋势_5,0.0,1993,False
volume_trend_5_rankpct,成交量趋势_5｜当日横截面百分位,0.0,1994,False
volume_trend_5_z,成交量趋势_5｜当日横截面稳健标准化,0.0,1995,False
volume_z,成交量｜当日横截面稳健标准化,0.0,1996,False
