segment,config,base,timing,gate,pool,selection,exit_rule,n_slots,horizon,seed,source,elapsed_s,ann_return,max_dd,sharpe,calmar,turnover,cost_ratio,utilization,coverage,final_equity,n_trades,entered,total_signals,expo_days,expo_full_days,expo_half_days,expo_zero_days,expo_full_frac,expo_half_frac,expo_zero_frac,gate_blocked,forced_exits,forced_deferred,timing_fallback_days,ret_2015,ret_2016,ret_2017,ret_2018,ret_2019,ret_2020,ret_2021,ret_2022,ret_2023,ret_2024,ret_2025,ret_2026
val,B1_T1_G1,B1,T1,G1,backup,S3,E1,10,20,42,run,9.57,0.06436866818500153,-0.22879601214957368,0.43023660971893984,0.28133649524853166,6.426327825574592,0.14053665955429448,0.6238774514467199,0.035431959345002824,1269683.1617150032,249,251,7084,928.0,629.0,0.0,299.0,0.677801724137931,0.0,0.32219827586206895,132.0,0.0,0.0,0.0,,,,,0.17060886523625074,0.18166548716537578,0.03149243524707823,-0.11013740304358421,,,,
val,B1_T1_G2,B1,T1,G2,backup,S3,E1,10,20,42,run,9.5,0.01873565042934966,-0.2587692174430013,0.19633854565238767,0.07240293344967329,7.325884527817454,0.352905591944116,0.5637615633756342,0.04009034443817053,1073632.2105265043,282,284,7084,928.0,629.0,0.0,299.0,0.677801724137931,0.0,0.32219827586206895,130.0,91.0,424.0,0.0,,,,,0.11509951905575133,0.0746595736993041,-0.0036136886580663274,-0.10082703736980647,,,,
val,B1_T2_G1,B1,T2,G1,backup,S3,E1,10,20,42,run,9.4,0.019449779785673194,-0.3149410188292707,0.19991521003714957,0.061756896126054964,6.546071083928341,0.37110646372311873,0.5803530994952792,0.03571428571428571,1076515.6990955034,252,253,7084,928.0,497.0,0.0,431.0,0.5355603448275862,0.0,0.4644396551724138,120.0,0.0,0.0,0.0,,,,,0.31863931696800085,-0.05226074574012629,-0.14757037853037858,0.010524727599914296,,,,
val,B1_T2_G2,B1,T2,G2,backup,S3,E1,10,20,42,run,9.47,0.1938647046144919,-0.2581252298650165,0.9554209346265222,0.7510490342841384,8.436425351694147,0.07614641559170147,0.4181490243845392,0.04785431959345003,1970365.8864817538,339,339,7084,928.0,497.0,0.0,431.0,0.5355603448275862,0.0,0.4644396551724138,172.0,178.0,3.0,0.0,,,,,0.3423537038925011,0.19710382537294246,0.20081035860398022,0.02111268215127704,,,,
val,B1_T3_G1,B1,T3,G1,backup,S3,E1,10,20,42,run,9.49,0.036109157634552025,-0.2183265196769505,0.2968902878618896,0.16539061625670295,5.766394175807095,0.17316772909393635,0.6134213487900224,0.03176171654432524,1145420.1933240024,220,225,7084,928.0,478.0,350.0,100.0,0.5150862068965517,0.3771551724137931,0.10775862068965517,144.0,0.0,0.0,0.0,,,,,0.01953741626124983,0.17767343152130466,0.14137125503453984,-0.164185582379047,,,,
val,B1_T3_G2,B1,T3,G2,backup,S3,E1,10,20,42,run,9.67,-0.027057511103160237,-0.3886163395421596,-0.044497561418142435,-0.06962525336695181,8.392228440553984,,0.5937277202309063,0.045454545454545456,900333.6007185032,321,322,7084,928.0,478.0,350.0,100.0,0.5150862068965517,0.3771551724137931,0.10775862068965517,217.0,83.0,62.0,0.0,,,,,0.049995866584000126,0.14798470995273294,-0.14492723944339192,-0.12647227501262281,,,,
val,B1_T4_G1,B1,T4,G1,backup,S3,E1,10,20,42,run,9.73,0.07912891801080302,-0.3822022592838503,0.47133407535826666,0.20703414511225143,7.390030238346003,0.12455403965470359,0.8222146059675621,0.042490118577075096,1338408.4894900038,293,301,7084,928.0,818.0,110.0,0.0,0.8814655172413793,0.11853448275862069,0.0,214.0,0.0,0.0,0.0,,,,,0.34432813548875085,-0.2409765224306426,0.16614355959594662,0.12480222588980627,,,,
val,B1_T4_G2,B1,T4,G2,backup,S3,E1,10,20,42,run,9.73,0.0647443829436094,-0.2908558778769921,0.419542919027429,0.22259953423045797,7.684801973003123,0.15645713353865762,0.8125074178471098,0.04376058723884811,1271399.4696327543,302,310,7084,928.0,818.0,110.0,0.0,0.8814655172413793,0.11853448275862069,0.0,207.0,31.0,12.0,0.0,,,,,0.34432813548875085,-0.13924266161713073,0.053001281905026065,0.04343909351621611,,,,
val,B2_T1_G1,B2,T1,G1,backup,S1,E1,10,20,42,run,9.6,0.06905162052031355,-0.21576809587049084,0.4798326283118866,0.32002701901656483,6.274975992625156,0.12371629905172896,0.6155328154872974,0.035431959345002824,1291198.1040092525,249,251,7084,928.0,629.0,0.0,299.0,0.677801724137931,0.0,0.32219827586206895,131.0,0.0,0.0,0.0,,,,,0.058981789893000514,0.17837773316275518,0.16537747091025823,-0.11212210833637148,,,,
val,B2_T1_G2,B2,T1,G2,backup,S1,E1,10,20,42,run,9.58,0.009936645872879346,-0.23431170447528638,0.1450996623218173,0.04240780841542381,7.189235866076849,0.4596236877002911,0.5566122341960049,0.04009034443817053,1038570.1890810019,282,284,7084,928.0,629.0,0.0,299.0,0.677801724137931,0.0,0.32219827586206895,128.0,91.0,424.0,0.0,,,,,0.0014986843897504265,0.033419161399492525,0.12174529450540095,-0.1054292308860908,,,,
val,B2_T2_G1,B2,T2,G1,backup,S1,E1,10,20,42,run,9.51,0.02102657256452556,-0.29060726290488714,0.2099695758021254,0.07235391281809549,6.532599795566346,0.3556843660358797,0.5757369645773951,0.03557312252964427,1082902.6799832531,251,252,7084,928.0,497.0,0.0,431.0,0.5355603448275862,0.0,0.4644396551724138,121.0,0.0,0.0,0.0,,,,,0.3253543692347507,-0.056443509506776235,-0.06327494527606092,-0.07556288941809741,,,,
val,B2_T2_G2,B2,T2,G2,backup,S1,E1,10,20,42,run,9.48,0.17941078099372465,-0.2157730865377112,0.9462427704771458,0.8314789572348661,8.426066701842272,0.08104042691726206,0.4179647088068758,0.04785431959345003,1880612.1969445085,339,339,7084,928.0,497.0,0.0,431.0,0.5355603448275862,0.0,0.4644396551724138,173.0,178.0,2.0,0.0,,,,,0.26167472285850213,0.25636195415046514,0.25674176165050233,-0.055958637817811074,,,,
val,B2_T3_G1,B2,T3,G1,backup,S1,E1,10,20,42,run,9.68,0.046416706275813624,-0.20504076473091837,0.3525420307948389,0.22637794165822475,6.633882146365691,0.18863099652285115,0.6161900232063605,0.03670242800677583,1189651.9132457543,255,260,7084,928.0,478.0,350.0,100.0,0.5150862068965517,0.3771551724137931,0.10775862068965517,164.0,0.0,0.0,0.0,,,,,0.019596411642750278,0.1981875416353993,0.15684653004191884,-0.15823461811067063,,,,
val,B2_T3_G2,B2,T3,G2,backup,S1,E1,10,20,42,run,9.75,0.0012158058578934927,-0.2683773122959051,0.10175548250469342,0.004530211020792175,8.726553434322202,0.9169498707619188,0.582064365582845,0.04785431959345003,1004661.5202887532,339,339,7084,928.0,478.0,350.0,100.0,0.5150862068965517,0.3771551724137931,0.10775862068965517,222.0,88.0,3.0,0.0,,,,,-0.0599092126359998,0.09173014145160541,0.13277938766885078,-0.13584960437691584,,,,
val,B2_T4_G1,B2,T4,G1,backup,S1,E1,10,20,42,run,9.9,0.0645467061252929,-0.24457417254683755,0.40226008332581165,0.2639146458235764,8.608227770940612,0.16478568316081205,0.8037152831596318,0.048842461885940144,1270496.2458497542,338,346,7084,928.0,818.0,110.0,0.0,0.8814655172413793,0.11853448275862069,0.0,231.0,0.0,0.0,0.0,,,,,0.24206317126400112,-0.04023507283904226,0.04349934429039504,0.02134541970009729,,,,
val,B2_T4_G2,B2,T4,G2,backup,S1,E1,10,20,42,run,9.96,0.021701051850390174,-0.27770831256439454,0.21181739112679285,0.07814332833612307,9.502866792402331,0.4056261112404065,0.7936200025264766,0.05350084697910785,1085643.2664832554,371,379,7084,928.0,818.0,110.0,0.0,0.8814655172413793,0.11853448275862069,0.0,242.0,27.0,1.0,0.0,,,,,0.24206317126400112,-0.12942363650808264,0.20778869798492083,-0.16872326615989863,,,,
train_late,B1_T1_G1,B1,T1,G1,backup,S3,E1,10,20,42,run,9.4,-0.056099502249760125,-0.5590296029233648,-0.02425967878545192,-0.10035157701201486,4.296631111059693,,0.3953917304515268,0.01936165219432058,794793.024162001,165,165,8522,975.0,413.0,0.0,562.0,0.4235897435897436,0.0,0.5764102564102564,56.0,0.0,0.0,0.0,0.15735755184500055,0.1670508657672738,-0.33087008718177635,-0.12060039395953759,,,,,,,,
train_late,B1_T1_G2,B1,T1,G2,backup,S3,E1,10,20,42,run,9.39,-0.0781688087192155,-0.5971422459075653,-0.10171226771411367,-0.13090483759093416,4.9987034915868716,,0.36306875033555797,0.022529922553391223,723402.2067355027,192,192,8522,975.0,413.0,0.0,562.0,0.4235897435897436,0.0,0.5764102564102564,83.0,79.0,392.0,0.0,0.02931750034125047,0.20625968336044442,-0.3023365325490871,-0.16489001232026934,,,,,,,,
train_late,B1_T2_G1,B1,T2,G1,backup,S3,E1,10,20,42,run,9.41,-0.0428798851370914,-0.5874980922784188,0.025957502667267093,-0.07298727553445462,4.973921541040047,,0.5658949718685758,0.023820699366345927,840006.5300235031,202,203,8522,975.0,466.0,0.0,509.0,0.47794871794871796,0.0,0.522051282051282,73.0,0.0,0.0,0.0,0.5864025122850007,0.26466796020590944,-0.28642190517383115,-0.4132525005602996,,,,,,,,
train_late,B1_T2_G2,B1,T2,G2,backup,S3,E1,10,20,42,run,9.38,0.02866893027155082,-0.38680327736721176,0.23889279480845826,0.07411759917518476,6.7998153875059195,0.32797650715727716,0.4159524923263755,0.03285613705702887,1119009.1047157538,280,280,8522,975.0,466.0,0.0,509.0,0.47794871794871796,0.0,0.522051282051282,123.0,157.0,534.0,0.0,0.6115680886602504,-0.04929909229513041,-0.00979956997375675,-0.26240503777786894,,,,,,,,
train_late,B1_T3_G1,B1,T3,G1,backup,S3,E1,10,20,42,run,9.41,-0.00951398833703454,-0.5769782007836171,0.1266296574040188,-0.016489337593886932,4.322551820950702,42.25054435375829,0.4459118787286952,0.02088711570053978,962685.2525840035,178,178,8522,975.0,372.0,168.0,435.0,0.38153846153846155,0.1723076923076923,0.4461538461538462,74.0,0.0,0.0,0.0,0.6389335115962502,0.3640671333629075,-0.35734624825008376,-0.3299454026454641,,,,,,,,
train_late,B1_T3_G2,B1,T3,G2,backup,S3,E1,10,20,42,run,9.48,-0.021775069854187534,-0.573016707166663,-0.023349890970567732,-0.03800075910850225,5.378206589436603,,0.40932852635589356,0.025463506219197372,916145.2312747525,217,217,8522,975.0,372.0,168.0,435.0,0.38153846153846155,0.1723076923076923,0.4461538461538462,107.0,72.0,253.0,0.0,0.6749493384675003,0.2082159813898261,-0.3628942343150522,-0.28943053897348814,,,,,,,,
train_late,B1_T4_G1,B1,T4,G1,backup,S3,E1,10,20,42,run,9.68,-0.15191084513149322,-0.7189974096368972,-0.2015790596574713,-0.21128149155392664,7.757046040823914,,0.7686051052211266,0.04001408120159587,519198.4295735039,331,341,8522,975.0,750.0,225.0,0.0,0.7692307692307693,0.23076923076923078,0.0,176.0,0.0,0.0,0.0,0.3425259013044999,0.23254436237367737,-0.2810879316666469,-0.5635521452508517,,,,,,,,
train_late,B1_T4_G2,B1,T4,G2,backup,S3,E1,10,20,42,run,9.73,-0.1699312852019631,-0.7198926061734543,-0.2626479871759574,-0.23605088279100767,7.977990089727743,,0.7499952293458869,0.041187514667918326,476680.9673580043,342,351,8522,975.0,750.0,225.0,0.0,0.7692307692307693,0.23076923076923078,0.0,186.0,42.0,19.0,0.0,0.29165327631650073,0.23206278751334453,-0.28603628512380974,-0.5804604761833381,,,,,,,,
train_late,B2_T1_G1,B2,T1,G1,backup,S1,E1,10,20,42,run,9.4,-0.052850224225104436,-0.5555134536058592,-0.018165797639360548,-0.09513761346741756,4.293746911290429,,0.39510727008778296,0.019478995540952827,805732.9804547518,166,166,8522,975.0,413.0,0.0,562.0,0.4235897435897436,0.0,0.5764102564102564,58.0,0.0,0.0,0.0,0.17050995439375005,0.16528821879537658,-0.31930932554578617,-0.13217356969155591,,,,,,,,
train_late,B2_T1_G2,B2,T1,G2,backup,S1,E1,10,20,42,run,9.43,-0.03512362418637849,-0.5196974953376998,0.03870725285311988,-0.06758474786097464,5.1179681695511405,,0.3508795457740571,0.02346866932644919,867414.757718751,200,200,8522,975.0,413.0,0.0,562.0,0.4235897435897436,0.0,0.5764102564102564,90.0,86.0,279.0,0.0,0.14617885251499985,0.2038625011958528,-0.3037308038279294,-0.0971401371499987,,,,,,,,
train_late,B2_T2_G1,B2,T2,G1,backup,S1,E1,10,20,42,run,9.4,-0.04226604842960291,-0.5883474559435355,0.02880705954200647,-0.0718385845007533,5.222029675002559,,0.5588246942497445,0.024759446139403896,842151.6875277533,210,211,8522,975.0,466.0,0.0,509.0,0.47794871794871796,0.0,0.522051282051282,74.0,0.0,0.0,0.0,0.6055454231170001,0.24521276013242477,-0.34779646351355487,-0.3541360942391958,,,,,,,,
train_late,B2_T2_G2,B2,T2,G2,backup,S1,E1,10,20,42,run,9.43,0.008805957167262513,-0.43124229717610474,0.1458917941323028,0.020419975556494305,6.767501230943589,0.6168216439903653,0.4168217096021892,0.03285613705702887,1035492.969657504,280,280,8522,975.0,466.0,0.0,509.0,0.47794871794871796,0.0,0.522051282051282,123.0,157.0,533.0,0.0,0.6285285936927503,-0.05582955510982668,-0.048336251237726446,-0.29235109600631604,,,,,,,,
train_late,B2_T3_G1,B2,T3,G1,backup,S1,E1,10,20,42,run,9.41,-0.022795866250322594,-0.6014799250970764,0.09185486643826239,-0.03789962939601589,4.443729118398992,,0.439494101557609,0.022060549166862238,912348.0159245027,188,188,8522,975.0,372.0,168.0,435.0,0.38153846153846155,0.1723076923076923,0.4461538461538462,88.0,0.0,0.0,0.0,0.6484466456909996,0.3683095025652161,-0.43621986328583506,-0.28255019292743,,,,,,,,
train_late,B2_T3_G2,B2,T3,G2,backup,S1,E1,10,20,42,run,9.47,0.003709744413616045,-0.518056246711077,0.1102881877219436,0.00716089119119336,5.466725987947602,0.7675390630870276,0.39224086234365907,0.02581553625909411,1014839.444944754,220,220,8522,975.0,372.0,168.0,435.0,0.38153846153846155,0.1723076923076923,0.4461538461538462,107.0,71.0,156.0,0.0,0.6850092402472499,0.19392017137458195,-0.30707712506363205,-0.27199415864672927,,,,,,,,
train_late,B2_T4_G1,B2,T4,G1,backup,S1,E1,10,20,42,run,9.75,-0.11362751849718367,-0.6976456603771495,-0.08884359146452916,-0.16287282348428322,7.991257000058815,,0.7764640436664586,0.0406007979347571,618888.4936972548,336,346,8522,975.0,750.0,225.0,0.0,0.7692307692307693,0.23076923076923078,0.0,175.0,0.0,0.0,0.0,0.5340187526770006,0.2886376071803676,-0.3139675950037951,-0.5436413276907965,,,,,,,,
train_late,B2_T4_G2,B2,T4,G2,backup,S1,E1,10,20,42,run,9.75,-0.14081072266111694,-0.7219316164758149,-0.17923546340602828,-0.19504717544924724,8.23728377518385,,0.7553549972809505,0.042126261440976295,546762.8930607544,350,359,8522,975.0,750.0,225.0,0.0,0.7692307692307693,0.23076923076923078,0.0,189.0,44.0,19.0,0.0,0.47337274509975025,0.28767953059736784,-0.3425184531382681,-0.5616762120011607,,,,,,,,
train_late,B1_no_timing,B1,none,none,backup,S3,E1,10,20,42,issue18_archive,,-0.1380209738244832,-0.7228125457924977,-0.1670354345868566,-0.1909498868384414,8.516202433951566,,0.8420749171227802,0.0440037549870922,553859.4853625041,365,375,8522,,,,,,,,,,,,0.4459463082452508,0.2958980209050623,-0.2974683334787674,-0.5792630061128535,,,,,,,,
val,B1_no_timing,B1,none,none,backup,S3,E1,10,20,42,issue18_archive,,0.1905483698067898,-0.2742010293230644,0.93389118653156,0.6949221535645118,7.718885584934298,0.070301382703909,0.7966375731351691,0.0443252399774138,1949498.8354365053,304,314,7084,,,,,,,,,,,,,,,,0.3464836112622516,0.2420012052998812,0.1104425365648473,0.0497933117258921,,,,
test,B1_no_timing,B1,none,none,backup,S3,E1,10,20,42,issue18_archive,,0.1025784994421659,-0.3099489037068034,0.4903904578126097,0.3309529351947641,9.051541494080205,0.0800315807567474,0.7963062138572907,0.0501092498179169,1417505.5614470043,335,344,6865,,,,,,,,,,,,,,,,,,,-0.0041297651729996,0.2539234408737301,0.0111174158419871,0.1865709270809594,-0.0538593452429444
train_late,B2_no_timing,B2,none,none,backup,S1,E1,10,20,42,issue18_archive,,-0.0997197874602296,-0.6459729466762092,-0.0507037071956946,-0.1543714608689545,8.747358973169742,,0.8400378399852739,0.0449425017601502,658430.7051130042,373,383,8522,,,,,,,,,,,,0.3212907744862505,0.2945414093429372,-0.3163123662411383,-0.4369616184692867,,,,,,,,
val,B2_no_timing,B2,none,none,backup,S1,E1,10,20,42,issue18_archive,,0.1571484660135262,-0.298761187773264,0.7601637554942091,0.5260002719389022,8.939288003730331,0.094753176099172,0.8168935339298138,0.0511010728402032,1748327.1227680072,352,362,7084,,,,,,,,,,,,,,,,0.310430226009752,0.1541708647977246,0.2542189931100154,-0.0783515161014103,,,,
test,B2_no_timing,B2,none,none,backup,S1,E1,10,20,42,issue18_archive,,0.2491198732996842,-0.3331937799579324,0.8516904388591456,0.7476726406211334,9.735802409690098,0.0431786795334723,0.7892733922055235,0.0541879096868171,2213891.8262832565,363,372,6865,,,,,,,,,,,,,,,,,,,-0.0233153397457497,0.5406392917592706,0.1440334568399226,0.2883548576194619,-0.0017786928988348
test,B2_T2_G2,B2,T2,G2,backup,S1,E1,10,20,42,run,8.95,0.07619118508380351,-0.20774453923285774,0.47494318157551685,0.36675421344482106,6.573575463706418,0.07276847285231466,0.37589825339653676,0.035979606700655496,1299982.7681420043,237,247,6865,866.0,457.0,0.0,409.0,0.5277136258660509,0.0,0.4722863741339492,82.0,112.0,0.0,0.0,,,,,,,,-0.0161324875802501,0.14532851616737674,0.13128855792646266,0.08818132027981851,-0.06287776962488789
test,B1_T2_G2,B1,T2,G2,backup,S3,E1,10,20,42,run,9.01,0.07816017331172342,-0.24309120747130508,0.4574539932580365,0.3215261223339375,6.5677986846114,0.07294005210141732,0.3759869358456236,0.035979606700655496,1308500.6877252527,237,247,6865,866.0,457.0,0.0,409.0,0.5277136258660509,0.0,0.4722863741339492,82.0,112.0,0.0,0.0,,,,,,,,-0.009118392508249862,0.13894464964059416,0.13346438287098317,0.06478363091325412,-0.03931651365605593
test,B2_T1_G1,B2,T1,G1,backup,S1,E1,10,20,42,run,9.07,0.015078151778458393,-0.2519946844625536,0.1768769088931963,0.059835197756716994,6.111073055900217,0.16163253912033473,0.4588650329301856,0.03190094683175528,1054925.9176957528,210,219,6865,866.0,481.0,0.0,385.0,0.5554272517321016,0.0,0.4445727482678984,78.0,0.0,0.0,0.0,,,,,,,,-0.05840072158825005,-0.0373989963378033,-0.09779964626025284,0.29112488903974443,-0.0008325236374696621
