,2022,2023,2024,2025,mean_delta,years_above_null95
divergence_amount,0.03685965314028694,0.00863045887399383,0.02676224182963932,0.014878288490218439,0.021782660583534633,4
bb_squeeze_rankpct,0.07155932946005661,0.0058801248541721085,0.004227991741795667,0.0022468046012573684,0.020978562664320438,4
rsi_overbought_6_rankpct,0.04430761064969824,-0.006276616910548594,0.00017826001676646275,-0.0001360465924019616,0.009518301790878536,1
macd_zero_cross_rankpct,0.008864616781521395,-0.005231336520770458,0.010252063095444963,0.012817368567622944,0.006675677980954711,3
market_avg_amplitude,0.013279886192270052,0.0014091488998423385,0.0024203593878093232,-0.0015415143481125604,0.0038919700329522883,3
atr_ratio,-9.788983338010482e-05,0.007032103888798935,0.0038442748262998983,0.0015046506604892151,0.003070784885551986,3
support_resistance_ratio_lag_5,-0.003644411771862144,0.0010362568447550013,0.010142114693091786,0.004182403829917192,0.002929090898975459,3
dist_to_high_60,-0.000340213393378086,-0.00012718191776889265,0.004722689609806985,0.003867781335971987,0.0020307689086579983,2
price_vs_ma5,0.0003195806908448118,9.298615702529878e-05,0.006037005650604665,-8.059804774918078e-06,0.0016103781734249645,1
volatility_15d,0.0020120844862375753,0.0034479619201692735,0.0009880800586884453,-0.00020003884430686014,0.0015620219051971085,3
market_sync_score,-0.010652323437380429,0.006157974255465659,0.000995382168600456,0.009200015696912978,0.001425262170899666,3
ma_arrangement_rankpct,0.0033628816408894924,-0.0003602145037112092,0.001156737598377089,0.0007465899118750396,0.001226498661857603,3
macd_death_cross_rankpct,0.00033129468972015186,-0.0006233933808598158,0.0017618093865172102,0.002853588896034709,0.0010808248978530638,2
price_vs_ma60,0.0009876634820489283,8.580297097432465e-05,0.0013153627872616869,0.001794838990877956,0.001045917057790724,3
close_current,0.003940808681538455,0.000372313518305023,0.0008427171190670268,-0.0011552477525280658,0.0010001478915956097,2
volatility_5d,0.0007577498954984829,0.002314216491777099,-0.0004168313695350756,0.0006000734654760809,0.0008138021208041468,3
support_resistance_ratio,-0.0016178912282167612,0.0013193144613110608,0.0025892231908105634,0.0004566872108744402,0.0006868334086948258,3
rsi_14,7.646066662547746e-05,9.640731623239418e-06,0.00253966458956717,3.652453562608127e-05,0.000665572630860492,1
macd_zero_cross_down_rankpct,-0.0007733511657820324,-0.0019266898435992275,0.0025769893555264156,0.0026718986481424345,0.0006372117485718976,2
log_volume_z,-0.00032718639686257767,8.098805757522642e-05,0.00028349509218161817,0.00216705775693371,0.0005510886274569943,1
market_avg_change,0.004612130346039134,-0.0005197433744455471,0.000561054093326907,-0.0024790424793603716,0.0005435996463900306,2
bb_lower,0.00192421835172496,0.0002508058536887514,-3.3998837007942484e-05,-0.0001911858607692718,0.0004874598769091243,1
close_smooth_10,0.0004335641581334482,0.00021401879867755103,0.0003095523051495075,0.0003353876269641676,0.00032313072223116857,0
macd,0.00027665166736412505,0.0001263958277343824,-0.00018619517719203893,0.0008830565795800993,0.00027497722437164196,1
ma_5,0.0005690389494645842,-6.693703554755404e-05,0.0004520262036641354,0.0001238500615989846,0.00026949454479503754,2
macd_signal_z,0.0,-4.72839160670091e-06,0.0009340536401786781,0.0,0.0002323313121429943,1
distance_to_resistance,-0.0001962777075603661,0.0002896328648999136,0.0002983936219832506,0.0004987453824545351,0.0002226235404443333,1
volume_spike_rankpct,0.0006307930176558951,-0.00036015180887738474,0.0001480569545100896,0.00041538798490026174,0.00020852153704721543,1
bb_squeeze_z,-4.059833120828582e-05,0.0003223429451595927,0.00010964012230296749,0.0004039048616366614,0.00019882239947273395,0
rsi_oversold_24_z,0.0007183722912591506,-8.684817769077924e-05,0.00010851149124641024,-3.7187103807179156e-05,0.0001757121252519006,1
rsi_24,-2.1991178801306077e-05,2.335879361126114e-05,0.0006599640426654396,2.3751157932849765e-05,0.0001712707038520611,1
rsi_oversold_14_z,0.00082358803116378,4.383366059201865e-05,0.00011211849456727041,-0.00031717185979451834,0.00016559208163213768,1
illiq_z,1.7251769181769738e-05,-4.2334228522677986e-05,0.0004520844220544107,0.0002250726418624449,0.00016301865114398684,1
bb_upper,0.00010000639129315037,5.457303655787005e-05,0.0005149165210776019,-3.78690373875612e-05,0.00015790672788526527,1
macd_signal,0.00039075173876423897,5.721764372551563e-05,0.00032379942830601527,-0.00015769779361773928,0.00015351775429450765,0
illiq_lag_3_z,0.0,0.00011919481889882677,-9.180023718025065e-06,0.00042231685512372774,0.00013308291257613236,0
support_resistance_ratio_lag_3,5.71902255004364e-05,0.0005549047760115,0.00024305164111609878,-0.00034081736844226995,0.0001285823185464413,1
bb_middle,0.00036237100713532033,-6.5312510911241795e-06,0.00019112259937470455,-4.492102886888283e-05,0.00012551033163750447,0
price_vs_ma20,4.216380896204797e-06,-4.448848389460025e-06,0.00048635473420188813,-5.108404506848352e-06,0.00012025346555044614,1
volume_lag_30,8.467530574784998e-05,8.762191933331387e-05,0.00025617266716493337,1.329353658263699e-07,0.0001071507069029809,0
volume_z,-0.00011268527713492738,0.00010495078659711332,-5.888425646083384e-06,0.00037880177426008466,9.12947145190468e-05,0
macd_signal_rankpct,-0.0002048628261186458,0.00014081656723252678,0.00033945993625073,2.696837737969915e-05,7.559551368607753e-05,0
vol_gk_lag_3_z,0.0,0.0,0.00030199778225625806,0.0,7.549944556406452e-05,0
vol_gk_lag_3_rankpct,0.0,0.0,0.0002953988612211522,0.0,7.384971530528806e-05,0
volume_ma20_z,-1.3573230664976066e-06,3.2623847867063738e-06,0.0001819670521767125,0.00010599100981967258,7.246578092914846e-05,0
atr_ratio_z,0.0010560774397934125,-0.0011918997014862542,0.0005227382712889028,-0.00015295398078940536,5.849050720166393e-05,2
illiq_lag_1_rankpct,5.849158272397403e-06,4.001782712759194e-05,1.2873801982116184e-05,0.0001700782105455989,5.720474948192611e-05,0
volume_ma20_rankpct,5.6679107259371975e-05,-4.488197446972375e-06,4.6626630496149346e-05,0.00011251276404922184,5.2832576089442695e-05,0
volume_lag_3_z,-1.1803688022449244e-05,-2.4955988760955172e-05,5.0188780027882185e-05,0.00019638098588947717,5.2452522283488734e-05,0
rsi_robust,-8.955786996778237e-06,5.01404182284837e-06,0.00019690546800116282,3.340811681185052e-06,4.90761336271045e-05,0
atr_ratio_rankpct,0.00011480554958320788,-4.68729363731768e-05,6.410239933252182e-05,4.59893541975287e-05,4.45060916850204e-05,0
amplitude,0.0,0.0,0.00016609681899903972,0.0,4.152420474975993e-05,0
macd_rankpct,1.0730125553304326e-05,0.0,0.0001536114085805007,0.0,4.108538353345126e-05,0
log_volume,8.985551471063502e-05,-2.1372481519010833e-06,8.191860860307099e-05,-9.339194691482255e-06,4.007442011758067e-05,0
open_lag_25_rankpct,0.0,0.0,0.00014287380644151249,0.0,3.571845161037812e-05,0
vol_gk_lag_3,5.320596023294932e-05,-2.026367281304786e-06,2.330552687351828e-05,5.944662541901291e-05,3.348293631104393e-05,0
volume_lag_10,6.660061892038716e-05,7.929448698285047e-05,6.136471712880898e-06,-1.992659073157821e-05,3.302624672113508e-05,0
volatility_20d,9.00071806210212e-05,2.32935551547353e-05,8.512867788301737e-06,8.623517492534205e-06,3.260928026414811e-05,0
open_lag_25,6.202206017014156e-05,1.16212600432819e-05,4.731547730990604e-05,-3.578056784414585e-06,2.9345185184728728e-05,0
volume_lag_5_z,0.0,0.0,0.00011389920113358265,0.0,2.8474800283395663e-05,0
illiq_rankpct,-1.1233872573068737e-05,2.9810412090380822e-05,0.00010857806159370043,-2.379648462846884e-05,2.5839529120635918e-05,0
price_vs_ma20_z,4.404294521831442e-05,2.465734214474047e-06,1.570248415622144e-05,3.2111362324505066e-05,2.3580631478378744e-05,0
pv_corr_10_rankpct,3.495115728724407e-05,3.395319701687827e-05,-1.7446979913404714e-05,3.805374644949566e-05,2.2377780210053322e-05,0
macd_hist_acceleration,9.339505122607505e-07,-6.113130368579078e-08,9.169611588710769e-05,-3.7397813984485495e-06,2.2207288424308524e-05,0
support_resistance_ratio_lag_1,-0.0002512241833645401,0.00010907218109212913,0.0003599634493214321,-0.00013497179943511295,2.070991190347704e-05,0
macd_robust,9.600561134082142e-06,1.7159730076488078e-05,7.871464718645083e-06,3.712795507748723e-05,1.7939927751675633e-05,0
illiq_lag_5_z,0.0,9.406819280077805e-06,6.329680541095062e-06,5.595410723246985e-05,1.792265176341068e-05,0
rank_volume_z,-4.932523703815583e-06,-3.347838022205174e-05,3.625850489741289e-06,0.00010605593913148859,1.7817721423840638e-05,0
macd_signal_cross_rankpct,2.468501623242858e-05,-1.8491943261977895e-05,-7.502326463959541e-07,5.544723432293619e-05,1.522251866174773e-05,0
rsi_momentum,0.0,0.0,6.084659673255555e-05,0.0,1.5211649183138887e-05,0
volatility_30d,8.179403921948492e-06,5.690448697948103e-05,-8.938989690565613e-06,2.7953914487621745e-06,1.473507316490652e-05,0
macd_z,-3.960716520201579e-06,-8.290803437727146e-06,6.059579763362244e-05,7.070124725006011e-06,1.3853600600174931e-05,0
signed_volume_strength_rankpct,2.5902225206042573e-05,-3.1865893691862546e-05,7.183077870287491e-07,5.5215431154276295e-05,1.2492517613871268e-05,0
prev_idx,7.5575790342563565e-06,3.934813152584038e-06,2.6506184863328563e-05,4.157699640572332e-06,1.0539069172685323e-05,0
macd_signal_distance,-1.2443078528878715e-05,-1.4289186378246832e-05,4.6251225884530456e-05,2.174630381968079e-05,1.0316316199271425e-05,0
pct_change,5.431360332597279e-07,0.0,4.034443153599909e-05,0.0,1.0221891892314705e-05,0
amplitude_lag_1,-9.233455478208086e-06,-1.7133082088727214e-05,-2.6001300418188045e-05,9.257519107785939e-05,1.005183827318401e-05,0
rsi_24_z,0.0,0.0,3.682625614082058e-05,0.0,9.206564035205145e-06,0
atr,-3.3102754470881735e-07,4.6370521753491545e-06,2.6369770706080597e-05,0.0,7.668948834180234e-06,0
price_vs_ma60_rankpct,2.5050951908967e-05,-1.1954997972130066e-05,1.2250564288107668e-05,4.947467599047961e-06,7.573496455998141e-06,0
close_lag_3,-1.3413940957995862e-08,0.0,2.7193873955277947e-05,0.0,6.795115003579988e-06,0
intraday_pos_lag_1_z,1.8699026642199357e-05,-9.652330917653273e-06,3.8340129518976696e-06,1.2526353933339784e-05,6.351765652445884e-06,0
ma_arrangement_z,0.0,0.0,1.9173442677544728e-05,0.0,4.793360669386182e-06,0
rank_return,1.7636368237705646e-05,0.0,-4.374976219523319e-06,5.232392243259554e-06,4.62344606536047e-06,0
efficiency_ratio_rankpct,0.0,0.0,1.679420909495022e-05,0.0,4.198552273737555e-06,0
high_lag_3,-4.753670038515345e-05,2.009806246672241e-05,1.2051703459969865e-05,2.9559795389100252e-05,3.5432152326597688e-06,0
rsi_6_rankpct,0.0,0.0,1.3037302032614662e-05,0.0,3.2593255081536654e-06,0
volatility_25d_rankpct,8.56109402425087e-06,0.0,3.3528419224881922e-06,0.0,2.9784839866847657e-06,0
upper_shadow_ratio,0.0,7.056230187374446e-06,2.731359644292386e-06,7.659741226850869e-07,2.6383909885879797e-06,0
volume_ratio,5.159517187269813e-06,5.569509379355075e-06,5.451861865957142e-06,-9.392378476968943e-06,1.6971274889032717e-06,0
close_lag_30_rankpct,0.0,0.0,6.701265344077889e-06,0.0,1.6753163360194723e-06,0
amplitude_lag_3_z,0.0,-1.0869167051952289e-06,7.614852700510433e-06,0.0,1.631983998828801e-06,0
volatility_5d_z,0.0,0.0,5.530844877532637e-06,0.0,1.3827112193831592e-06,0
close_lag_25_z,0.0,0.0,1.4889541014584395e-06,0.0,3.722385253646099e-07,0
boxcox_atr_rankpct,0.0,0.0,1.411224505254438e-06,0.0,3.528061263136095e-07,0
ret_intraday_lag_1,0.0,0.0,1.1203987376751101e-06,0.0,2.8009968441877753e-07,0
distance_to_support,-1.0314568399949486e-05,1.1720899555367481e-06,2.24020198058561e-07,9.75084460164144e-06,2.080965888218156e-07,0
return_lag_20,0.0,0.0,7.088325115756078e-07,0.0,1.7720812789390195e-07,0
ret_intraday_lag_5_z,0.0,0.0,0.0,0.0,0.0,0
divergence_strength,0.0,0.0,0.0,0.0,0.0,0
formation_period,0.0,0.0,0.0,0.0,0.0,0
market_sentiment_z,0.0,0.0,0.0,0.0,0.0,0
market_avg_change_z,0.0,0.0,0.0,0.0,0.0,0
market_avg_amplitude_z,0.0,0.0,0.0,0.0,0.0,0
rsi_overbought_24,0.0,0.0,0.0,0.0,0.0,0
rsi_overbought_14,0.0,0.0,0.0,0.0,0.0,0
rsi_overbought_6,0.0,0.0,0.0,0.0,0.0,0
rsi_oversold_24,0.0,0.0,0.0,0.0,0.0,0
rsi_oversold_14,0.0,0.0,0.0,0.0,0.0,0
rsi_oversold_6,0.0,0.0,0.0,0.0,0.0,0
bb_squeeze,0.0,0.0,0.0,0.0,0.0,0
volume_ma_ratio,0.0,0.0,0.0,0.0,0.0,0
close_vs_high,0.0,0.0,0.0,0.0,0.0,0
rank_return_z,0.0,0.0,0.0,0.0,0.0,0
body_strength_z,0.0,0.0,0.0,0.0,0.0,0
high_mean_20_z,0.0,0.0,0.0,0.0,0.0,0
smart_money_diff_z,0.0,0.0,0.0,0.0,0.0,0
ret_intraday_z,0.0,0.0,0.0,0.0,0.0,0
ret_overnight_z,0.0,0.0,0.0,0.0,0.0,0
intraday_pos_z,0.0,0.0,0.0,0.0,0.0,0
ret_overnight,0.0,0.0,0.0,0.0,0.0,0
vol_gk_lag_1_z,0.0,0.0,0.0,0.0,0.0,0
amplitude_lag_5_z,0.0,0.0,0.0,0.0,0.0,0
amplitude_lag_1_z,0.0,0.0,0.0,0.0,0.0,0
return_lag_20_z,0.0,0.0,0.0,0.0,0.0,0
return_lag_10_z,0.0,0.0,0.0,0.0,0.0,0
vol_gk_ratio_lag_3,0.0,0.0,0.0,0.0,0.0,0
amplitude_lag_5,0.0,0.0,0.0,0.0,0.0,0
amplitude_lag_3,0.0,0.0,0.0,0.0,0.0,0
open_lag_30,0.0,0.0,0.0,0.0,0.0,0
close_lag_30,0.0,0.0,0.0,0.0,0.0,0
low_lag_25,0.0,0.0,0.0,0.0,0.0,0
high_lag_25,0.0,0.0,0.0,0.0,0.0,0
support_resistance_ratio_lag_3_z,0.0,0.0,0.0,0.0,0.0,0
ret_intraday_lag_3_z,0.0,0.0,0.0,0.0,0.0,0
ret_overnight_lag_3_z,0.0,0.0,0.0,0.0,0.0,0
vol_gk_ratio_lag_3_z,0.0,0.0,0.0,0.0,0.0,0
vol_gk_ratio_lag_1_z,0.0,0.0,0.0,0.0,0.0,0
close_lag_25,0.0,0.0,0.0,0.0,0.0,0
volume_lag_20,0.0,0.0,0.0,0.0,0.0,0
close_lag_20,0.0,0.0,0.0,0.0,0.0,0
low_lag_15,0.0,0.0,0.0,0.0,0.0,0
high_lag_15,0.0,0.0,0.0,0.0,0.0,0
open_lag_15,0.0,0.0,0.0,0.0,0.0,0
smart_money_diff_lag_1_z,0.0,0.0,0.0,0.0,0.0,0
efficiency_ratio_lag_1_z,0.0,0.0,0.0,0.0,0.0,0
vol_gk_ratio_lag_10_z,0.0,0.0,0.0,0.0,0.0,0
vol_gk_lag_10_z,0.0,0.0,0.0,0.0,0.0,0
vol_gk_ratio_lag_5_z,0.0,0.0,0.0,0.0,0.0,0
high_mean_20,0.0,0.0,0.0,0.0,0.0,0
smart_money_diff,0.0,0.0,0.0,0.0,0.0,0
ret_intraday,0.0,0.0,0.0,0.0,0.0,0
intraday_pos_lag_3,0.0,0.0,0.0,0.0,0.0,0
intraday_pos_lag_2,0.0,0.0,0.0,0.0,0.0,0
intraday_pos_lag_1,0.0,0.0,0.0,0.0,0.0,0
return_lag_5,0.0,0.0,0.0,0.0,0.0,0
return_lag_3,0.0,0.0,0.0,0.0,0.0,0
return_lag_2,0.0,0.0,0.0,0.0,0.0,0
return_lag_1,0.0,0.0,0.0,0.0,0.0,0
ret_intraday_lag_3,0.0,0.0,0.0,0.0,0.0,0
ret_overnight_lag_3,0.0,0.0,0.0,0.0,0.0,0
smart_money_diff_lag_3,0.0,0.0,0.0,0.0,0.0,0
efficiency_ratio_lag_3,0.0,0.0,0.0,0.0,0.0,0
illiq_lag_3,0.0,0.0,0.0,0.0,0.0,0
ret_overnight_lag_1,0.0,0.0,0.0,0.0,0.0,0
smart_money_diff_lag_1,0.0,0.0,0.0,0.0,0.0,0
efficiency_ratio_lag_1,0.0,0.0,0.0,0.0,0.0,0
vol_gk_lag_5_z,0.0,0.0,0.0,0.0,0.0,0
obv_rankpct,0.0,0.0,0.0,0.0,0.0,0
volume_ma_20_rankpct,0.0,0.0,0.0,0.0,0.0,0
bb_lower_rankpct,0.0,0.0,0.0,0.0,0.0,0
bb_middle_rankpct,0.0,0.0,0.0,0.0,0.0,0
bb_upper_rankpct,0.0,0.0,0.0,0.0,0.0,0
ma_60_rankpct,0.0,0.0,0.0,0.0,0.0,0
ma_20_rankpct,0.0,0.0,0.0,0.0,0.0,0
ma_5_rankpct,0.0,0.0,0.0,0.0,0.0,0
illiq_lag_1,0.0,0.0,0.0,0.0,0.0,0
vol_gk_ratio_lag_10,0.0,0.0,0.0,0.0,0.0,0
vol_gk_lag_10,0.0,0.0,0.0,0.0,0.0,0
vol_gk_ratio_lag_5,0.0,0.0,0.0,0.0,0.0,0
vol_gk_lag_5,0.0,0.0,0.0,0.0,0.0,0
volume_rankpct,0.0,0.0,0.0,0.0,0.0,0
cs_n,0.0,0.0,0.0,0.0,0.0,0
market_sentiment,0.0,0.0,0.0,0.0,0.0,0
efficiency_ratio_lag_5,0.0,0.0,0.0,0.0,0.0,0
intraday_pos,0.0,0.0,0.0,0.0,0.0,0
efficiency_ratio,0.0,0.0,0.0,0.0,0.0,0
illiq,0.0,0.0,0.0,0.0,0.0,0
high_lag_10,0.0,0.0,0.0,0.0,0.0,0
open_lag_10,0.0,0.0,0.0,0.0,0.0,0
high_lag_5,0.0,0.0,0.0,0.0,0.0,0
open_lag_5,0.0,0.0,0.0,0.0,0.0,0
close_lag_5,0.0,0.0,0.0,0.0,0.0,0
open_lag_3,0.0,0.0,0.0,0.0,0.0,0
body_strength,0.0,0.0,0.0,0.0,0.0,0
clv,0.0,0.0,0.0,0.0,0.0,0
illiq_lag_5,0.0,0.0,0.0,0.0,0.0,0
slowd_rankpct,0.0,0.0,0.0,0.0,0.0,0
slowk_rankpct,0.0,0.0,0.0,0.0,0.0,0
atr_rankpct,0.0,0.0,0.0,0.0,0.0,0
volatility_15d_rankpct,0.0,0.0,0.0,0.0,0.0,0
volatility_10d_rankpct,0.0,0.0,0.0,0.0,0.0,0
volatility_5d_rankpct,0.0,0.0,0.0,0.0,0.0,0
volatility_3d_rankpct,0.0,0.0,0.0,0.0,0.0,0
rsi_24_rankpct,0.0,0.0,0.0,0.0,0.0,0
rsi_14_rankpct,0.0,0.0,0.0,0.0,0.0,0
macd_hist_rankpct,0.0,0.0,0.0,0.0,0.0,0
volume_ratio_rankpct,0.0,0.0,0.0,0.0,0.0,0
bb_position_rankpct,0.0,0.0,0.0,0.0,0.0,0
price_vs_ma20_rankpct,0.0,0.0,0.0,0.0,0.0,0
return_lag_5_z,0.0,0.0,0.0,0.0,0.0,0
return_lag_3_z,0.0,0.0,0.0,0.0,0.0,0
return_lag_2_z,0.0,0.0,0.0,0.0,0.0,0
ret_intraday_lag_5,0.0,0.0,0.0,0.0,0.0,0
ret_overnight_lag_5,0.0,0.0,0.0,0.0,0.0,0
smart_money_diff_lag_5,0.0,0.0,0.0,0.0,0.0,0
low_lag_30_z,0.0,0.0,0.0,0.0,0.0,0
open_lag_30_z,0.0,0.0,0.0,0.0,0.0,0
macd_signal_convergence,0.0,0.0,0.0,0.0,0.0,0
macd_hist_direction,0.0,0.0,0.0,0.0,0.0,0
daily_return,0.0,0.0,0.0,0.0,0.0,0
low_mean_20,0.0,0.0,0.0,0.0,0.0,0
macd_signal_cross,0.0,0.0,0.0,0.0,0.0,0
macd_death_cross,0.0,0.0,0.0,0.0,0.0,0
macd_golden_cross,0.0,0.0,0.0,0.0,0.0,0
macd_hist_trend_5,0.0,0.0,0.0,0.0,0.0,0
close_lag_30_z,0.0,0.0,0.0,0.0,0.0,0
volume_lag_25_z,0.0,0.0,0.0,0.0,0.0,0
high_lag_25_z,0.0,0.0,0.0,0.0,0.0,0
volume_lag_20_z,0.0,0.0,0.0,0.0,0.0,0
low_lag_20_z,0.0,0.0,0.0,0.0,0.0,0
volatility_20d_rankpct,0.0,0.0,0.0,0.0,0.0,0
close_lag_20_z,0.0,0.0,0.0,0.0,0.0,0
obv_trend_rankpct,0.0,0.0,0.0,0.0,0.0,0
distance_to_resistance_rankpct,0.0,0.0,0.0,0.0,0.0,0
distance_to_support_rankpct,0.0,0.0,0.0,0.0,0.0,0
macd_hist_trend_5_rankpct,0.0,0.0,0.0,0.0,0.0,0
volume_consistency_rankpct,0.0,0.0,0.0,0.0,0.0,0
price_trend_5_rankpct,0.0,0.0,0.0,0.0,0.0,0
volume_trend_10_rankpct,0.0,0.0,0.0,0.0,0.0,0
volume_trend_5_rankpct,0.0,0.0,0.0,0.0,0.0,0
rsi_turning_rankpct,0.0,0.0,0.0,0.0,0.0,0
rsi_turning_simple_rankpct,0.0,0.0,0.0,0.0,0.0,0
rsi_momentum_rankpct,0.0,0.0,0.0,0.0,0.0,0
volume_ma_ratio_rankpct,0.0,0.0,0.0,0.0,0.0,0
close_vs_high_rankpct,0.0,0.0,0.0,0.0,0.0,0
return_lag_1_z,0.0,0.0,0.0,0.0,0.0,0
volume_lag_30_z,0.0,0.0,0.0,0.0,0.0,0
close_lag_10_z,0.0,0.0,0.0,0.0,0.0,0
high_lag_5_z,0.0,0.0,0.0,0.0,0.0,0
log_volume_rankpct,0.0,0.0,0.0,0.0,0.0,0
support_resistance_ratio_rankpct,0.0,0.0,0.0,0.0,0.0,0
low_mean_20_rankpct,0.0,0.0,0.0,0.0,0.0,0
volatility_30d_rankpct,0.0,0.0,0.0,0.0,0.0,0
signed_vol_strength_rankpct,0.0,0.0,0.0,0.0,0.0,0
rank_volume_rankpct,0.0,0.0,0.0,0.0,0.0,0
body_strength_rankpct,0.0,0.0,0.0,0.0,0.0,0
upper_shadow_ratio_rankpct,0.0,0.0,0.0,0.0,0.0,0
clv_rankpct,0.0,0.0,0.0,0.0,0.0,0
macd_signal_convergence_trend_rankpct,0.0,0.0,0.0,0.0,0.0,0
macd_signal_convergence_rankpct,0.0,0.0,0.0,0.0,0.0,0
macd_hist_acceleration_rankpct,0.0,0.0,0.0,0.0,0.0,0
macd_hist_amplitude_rankpct,0.0,0.0,0.0,0.0,0.0,0
high_lag_20_z,0.0,0.0,0.0,0.0,0.0,0
vol_gk_rankpct,0.0,0.0,0.0,0.0,0.0,0
vol_divergence_rankpct,0.0,0.0,0.0,0.0,0.0,0
dist_to_high_60_rankpct,0.0,0.0,0.0,0.0,0.0,0
close_lag_10_rankpct,0.0,0.0,0.0,0.0,0.0,0
low_lag_5_rankpct,0.0,0.0,0.0,0.0,0.0,0
high_lag_5_rankpct,0.0,0.0,0.0,0.0,0.0,0
open_lag_5_rankpct,0.0,0.0,0.0,0.0,0.0,0
volume_lag_15_z,0.0,0.0,0.0,0.0,0.0,0
low_lag_15_z,0.0,0.0,0.0,0.0,0.0,0
high_lag_15_z,0.0,0.0,0.0,0.0,0.0,0
open_lag_15_z,0.0,0.0,0.0,0.0,0.0,0
close_lag_15_z,0.0,0.0,0.0,0.0,0.0,0
volume_lag_10_z,0.0,0.0,0.0,0.0,0.0,0
low_lag_10_z,0.0,0.0,0.0,0.0,0.0,0
high_lag_10_z,0.0,0.0,0.0,0.0,0.0,0
open_lag_10_z,0.0,0.0,0.0,0.0,0.0,0
daily_return_rankpct,0.0,0.0,0.0,0.0,0.0,0
close_smooth_10_rankpct,0.0,0.0,0.0,0.0,0.0,0
rsi_robust_rankpct,0.0,0.0,0.0,0.0,0.0,0
close_lag_25_rankpct,0.0,0.0,0.0,0.0,0.0,0
volume_lag_20_rankpct,0.0,0.0,0.0,0.0,0.0,0
low_lag_20_rankpct,0.0,0.0,0.0,0.0,0.0,0
high_lag_20_rankpct,0.0,0.0,0.0,0.0,0.0,0
close_lag_20_rankpct,0.0,0.0,0.0,0.0,0.0,0
volume_lag_15_rankpct,0.0,0.0,0.0,0.0,0.0,0
low_lag_15_rankpct,0.0,0.0,0.0,0.0,0.0,0
high_mean_20_rankpct,0.0,0.0,0.0,0.0,0.0,0
smart_money_diff_rankpct,0.0,0.0,0.0,0.0,0.0,0
ret_intraday_rankpct,0.0,0.0,0.0,0.0,0.0,0
ret_overnight_rankpct,0.0,0.0,0.0,0.0,0.0,0
intraday_pos_rankpct,0.0,0.0,0.0,0.0,0.0,0
vol_gk_ratio_rankpct,0.0,0.0,0.0,0.0,0.0,0
open_lag_10_rankpct,0.0,0.0,0.0,0.0,0.0,0
amplitude_lag_3_rankpct,0.0,0.0,0.0,0.0,0.0,0
amplitude_lag_1_rankpct,0.0,0.0,0.0,0.0,0.0,0
return_lag_20_rankpct,0.0,0.0,0.0,0.0,0.0,0
return_lag_10_rankpct,0.0,0.0,0.0,0.0,0.0,0
return_lag_5_rankpct,0.0,0.0,0.0,0.0,0.0,0
return_lag_3_rankpct,0.0,0.0,0.0,0.0,0.0,0
return_lag_2_rankpct,0.0,0.0,0.0,0.0,0.0,0
return_lag_1_rankpct,0.0,0.0,0.0,0.0,0.0,0
volume_lag_30_rankpct,0.0,0.0,0.0,0.0,0.0,0
low_lag_30_rankpct,0.0,0.0,0.0,0.0,0.0,0
close_lag_5_rankpct,0.0,0.0,0.0,0.0,0.0,0
low_lag_3_rankpct,0.0,0.0,0.0,0.0,0.0,0
high_lag_3_rankpct,0.0,0.0,0.0,0.0,0.0,0
open_lag_3_rankpct,0.0,0.0,0.0,0.0,0.0,0
amplitude_rankpct,0.0,0.0,0.0,0.0,0.0,0
open_lag_15_rankpct,0.0,0.0,0.0,0.0,0.0,0
close_lag_15_rankpct,0.0,0.0,0.0,0.0,0.0,0
low_lag_10_rankpct,0.0,0.0,0.0,0.0,0.0,0
volume_consistency,0.0,0.0,0.0,0.0,0.0,0
price_volume_divergence,0.0,0.0,0.0,0.0,0.0,0
volume_trend_10,0.0,0.0,0.0,0.0,0.0,0
volume_trend_5,0.0,0.0,0.0,0.0,0.0,0
rsi_turning,0.0,0.0,0.0,0.0,0.0,0
rsi_turning_simple,0.0,0.0,0.0,0.0,0.0,0
vol_gk_ratio,0.0,0.0,0.0,0.0,0.0,0
vol_gk,0.0,0.0,0.0,0.0,0.0,0
vol_divergence,0.0,0.0,0.0,0.0,0.0,0
rank_volume,0.0,0.0,0.0,0.0,0.0,0
signed_volume_strength,0.0,0.0,0.0,0.0,0.0,0
engulfing_pattern,0.0,0.0,0.0,0.0,0.0,0
high_lag_10_rankpct,0.0,0.0,0.0,0.0,0.0,0
support_resistance_ratio_lag_3_rankpct,0.0,0.0,0.0,0.0,0.0,0
ret_intraday_lag_3_rankpct,0.0,0.0,0.0,0.0,0.0,0
open_lag_30_rankpct,0.0,0.0,0.0,0.0,0.0,0
volume_lag_25_rankpct,0.0,0.0,0.0,0.0,0.0,0
high_lag_25_rankpct,0.0,0.0,0.0,0.0,0.0,0
illiq_lag_3_rankpct,0.0,0.0,0.0,0.0,0.0,0
support_resistance_ratio_lag_1_rankpct,0.0,0.0,0.0,0.0,0.0,0
ret_intraday_lag_1_rankpct,0.0,0.0,0.0,0.0,0.0,0
smart_money_diff_lag_1_rankpct,0.0,0.0,0.0,0.0,0.0,0
efficiency_ratio_lag_1_rankpct,0.0,0.0,0.0,0.0,0.0,0
vol_gk_ratio_lag_10_rankpct,0.0,0.0,0.0,0.0,0.0,0
vol_gk_lag_10_rankpct,0.0,0.0,0.0,0.0,0.0,0
vol_gk_ratio_lag_5_rankpct,0.0,0.0,0.0,0.0,0.0,0
vol_gk_lag_5_rankpct,0.0,0.0,0.0,0.0,0.0,0
vol_gk_ratio_lag_3_rankpct,0.0,0.0,0.0,0.0,0.0,0
high_lag_15_rankpct,0.0,0.0,0.0,0.0,0.0,0
rsi_14_z,0.0,0.0,0.0,0.0,0.0,0
macd_hist_z,0.0,0.0,0.0,0.0,0.0,0
vol_gk_ratio_lag_1_rankpct,0.0,0.0,0.0,0.0,0.0,0
vol_gk_lag_1_rankpct,0.0,0.0,0.0,0.0,0.0,0
amplitude_lag_5_rankpct,0.0,0.0,0.0,0.0,0.0,0
market_avg_change_rankpct,0.0,0.0,0.0,0.0,0.0,0
market_sentiment_rankpct,0.0,0.0,0.0,0.0,0.0,0
intraday_pos_lag_3_rankpct,0.0,0.0,0.0,0.0,0.0,0
intraday_pos_lag_2_rankpct,0.0,0.0,0.0,0.0,0.0,0
intraday_pos_lag_1_rankpct,0.0,0.0,0.0,0.0,0.0,0
support_resistance_ratio_lag_5_rankpct,0.0,0.0,0.0,0.0,0.0,0
ret_intraday_lag_5_rankpct,0.0,0.0,0.0,0.0,0.0,0
ret_overnight_lag_5_rankpct,0.0,0.0,0.0,0.0,0.0,0
smart_money_diff_lag_5_rankpct,0.0,0.0,0.0,0.0,0.0,0
efficiency_ratio_lag_5_rankpct,0.0,0.0,0.0,0.0,0.0,0
illiq_lag_5_rankpct,0.0,0.0,0.0,0.0,0.0,0
volatility_10d,0.0,0.0,0.0,0.0,0.0,0
volatility_3d,0.0,0.0,0.0,0.0,0.0,0
obv_trend,0.0,0.0,0.0,0.0,0.0,0
stoch_overbought,0.0,0.0,0.0,0.0,0.0,0
stoch_oversold,0.0,0.0,0.0,0.0,0.0,0
macd_hist_amplitude,0.0,0.0,0.0,0.0,0.0,0
macd_zero_cross_down,0.0,0.0,0.0,0.0,0.0,0
macd_zero_cross_up,0.0,0.0,0.0,0.0,0.0,0
volume_dryup,0.0,0.0,0.0,0.0,0.0,0
volume_spike,0.0,0.0,0.0,0.0,0.0,0
bb_lower_z,0.0,0.0,0.0,0.0,0.0,0
bb_middle_z,0.0,0.0,0.0,0.0,0.0,0
bb_upper_z,0.0,0.0,0.0,0.0,0.0,0
ma_60_z,0.0,0.0,0.0,0.0,0.0,0
ma_20_z,0.0,0.0,0.0,0.0,0.0,0
ma_5_z,0.0,0.0,0.0,0.0,0.0,0
close_lag_5_z,0.0,0.0,0.0,0.0,0.0,0
market_sync_score_rankpct,0.0,0.0,0.0,0.0,0.0,0
market_avg_amplitude_rankpct,0.0,0.0,0.0,0.0,0.0,0
rsi_overbought_24_z,0.0,0.0,0.0,0.0,0.0,0
rsi_overbought_14_z,0.0,0.0,0.0,0.0,0.0,0
rsi_overbought_6_z,0.0,0.0,0.0,0.0,0.0,0
rsi_oversold_6_z,0.0,0.0,0.0,0.0,0.0,0
bb_position_z,0.0,0.0,0.0,0.0,0.0,0
price_vs_ma60_z,0.0,0.0,0.0,0.0,0.0,0
slowd_z,0.0,0.0,0.0,0.0,0.0,0
slowk_z,0.0,0.0,0.0,0.0,0.0,0
obv_z,0.0,0.0,0.0,0.0,0.0,0
ret_overnight_lag_3_rankpct,0.0,0.0,0.0,0.0,0.0,0
smart_money_diff_lag_3_rankpct,0.0,0.0,0.0,0.0,0.0,0
efficiency_ratio_lag_3_rankpct,0.0,0.0,0.0,0.0,0.0,0
volume_ma_20_z,0.0,0.0,0.0,0.0,0.0,0
volume_trend_5_z,0.0,0.0,0.0,0.0,0.0,0
rsi_turning_z,0.0,0.0,0.0,0.0,0.0,0
rsi_turning_simple_z,0.0,0.0,0.0,0.0,0.0,0
rsi_momentum_z,0.0,0.0,0.0,0.0,0.0,0
volume_ma_ratio_z,0.0,0.0,0.0,0.0,0.0,0
volatility_3d_z,0.0,0.0,0.0,0.0,0.0,0
obv_trend_z,0.0,0.0,0.0,0.0,0.0,0
stoch_overbought_z,0.0,0.0,0.0,0.0,0.0,0
stoch_oversold_z,0.0,0.0,0.0,0.0,0.0,0
distance_to_support_z,0.0,0.0,0.0,0.0,0.0,0
doji_pattern_z,0.0,0.0,0.0,0.0,0.0,0
hammer_pattern_z,0.0,0.0,0.0,0.0,0.0,0
volume_spike_z,0.0,0.0,0.0,0.0,0.0,0
volume_ratio_z,0.0,0.0,0.0,0.0,0.0,0
macd_signal_distance_z,0.0,0.0,0.0,0.0,0.0,0
open_lag_5_z,0.0,0.0,0.0,0.0,0.0,0
macd_hist_acceleration_z,0.0,0.0,0.0,0.0,0.0,0
macd_hist_direction_z,0.0,0.0,0.0,0.0,0.0,0
macd_hist_amplitude_z,0.0,0.0,0.0,0.0,0.0,0
macd_zero_cross_down_z,0.0,0.0,0.0,0.0,0.0,0
macd_zero_cross_up_z,0.0,0.0,0.0,0.0,0.0,0
macd_signal_cross_z,0.0,0.0,0.0,0.0,0.0,0
low_lag_3_z,0.0,0.0,0.0,0.0,0.0,0
high_lag_3_z,0.0,0.0,0.0,0.0,0.0,0
open_lag_3_z,0.0,0.0,0.0,0.0,0.0,0
amplitude_z,0.0,0.0,0.0,0.0,0.0,0
daily_return_z,0.0,0.0,0.0,0.0,0.0,0
close_smooth_10_z,0.0,0.0,0.0,0.0,0.0,0
rsi_robust_z,0.0,0.0,0.0,0.0,0.0,0
support_resistance_ratio_z,0.0,0.0,0.0,0.0,0.0,0
low_mean_20_z,0.0,0.0,0.0,0.0,0.0,0
volume_trend_10_z,0.0,0.0,0.0,0.0,0.0,0
efficiency_ratio_z,0.0,0.0,0.0,0.0,0.0,0
vol_gk_ratio_z,0.0,0.0,0.0,0.0,0.0,0
vol_gk_z,0.0,0.0,0.0,0.0,0.0,0
vol_divergence_z,0.0,0.0,0.0,0.0,0.0,0
pv_corr_10_z,0.0,0.0,0.0,0.0,0.0,0
signed_vol_strength_z,0.0,0.0,0.0,0.0,0.0,0
close_vs_high_z,0.0,0.0,0.0,0.0,0.0,0
signed_volume_strength_z,0.0,0.0,0.0,0.0,0.0,0
engulfing_pattern_z,0.0,0.0,0.0,0.0,0.0,0
volatility_20d_z,0.0,0.0,0.0,0.0,0.0,0
volatility_10d_z,0.0,0.0,0.0,0.0,0.0,0
upper_shadow_ratio_z,0.0,0.0,0.0,0.0,0.0,0
clv_z,0.0,0.0,0.0,0.0,0.0,0
pct_change_z,0.0,0.0,0.0,0.0,0.0,0
macd_signal_convergence_trend_z,0.0,0.0,0.0,0.0,0.0,0
macd_signal_convergence_z,0.0,0.0,0.0,0.0,0.0,0
market_sync_score_z,0.0,0.0,0.0,0.0,0.0,0
ret_overnight_lag_5_z,0.0,0.0,0.0,0.0,0.0,0
smart_money_diff_lag_5_z,0.0,0.0,0.0,0.0,0.0,0
efficiency_ratio_lag_5_z,0.0,0.0,0.0,0.0,0.0,0
slowd,0.0,0.0,0.0,0.0,0.0,0
slowk,0.0,0.0,0.0,0.0,0.0,0
obv,0.0,0.0,0.0,0.0,0.0,0
volume_ma_20,0.0,0.0,0.0,0.0,0.0,0
ma_20,0.0,0.0,0.0,0.0,0.0,0
support_resistance_ratio_lag_5_z,0.0,0.0,0.0,0.0,0.0,0
macd_death_cross_z,0.0,0.0,0.0,0.0,0.0,0
macd_golden_cross_z,0.0,0.0,0.0,0.0,0.0,0
macd_hist_trend_5_z,0.0,0.0,0.0,0.0,0.0,0
volume_consistency_z,0.0,0.0,0.0,0.0,0.0,0
volume_ma20,0.0,0.0,0.0,0.0,0.0,0
macd_above_signal,0.0,0.0,0.0,0.0,0.0,0
smart_money_diff_lag_3_z,0.0,0.0,0.0,0.0,0.0,0
efficiency_ratio_lag_3_z,0.0,0.0,0.0,0.0,0.0,0
support_resistance_ratio_lag_1_z,0.0,0.0,0.0,0.0,0.0,0
ret_intraday_lag_1_z,0.0,0.0,0.0,0.0,0.0,0
ret_overnight_lag_1_z,0.0,0.0,0.0,0.0,0.0,0
doji_pattern,0.0,0.0,0.0,0.0,0.0,0
hammer_pattern,0.0,0.0,0.0,0.0,0.0,0
intraday_pos_lag_3_z,0.0,0.0,0.0,0.0,0.0,0
intraday_pos_lag_2_z,0.0,0.0,0.0,0.0,0.0,0
ma_arrangement,0.0,0.0,0.0,0.0,0.0,0
macd_increase_pct,0.0,0.0,0.0,0.0,0.0,0
price_decline_pct,0.0,0.0,0.0,0.0,0.0,0
macd_previous,0.0,0.0,0.0,0.0,0.0,0
macd_current,0.0,0.0,0.0,0.0,0.0,0
compare_rank,0.0,0.0,0.0,0.0,0.0,0
current_idx,0.0,0.0,0.0,0.0,0.0,0
rank_return_rankpct,0.0,0.0,-2.5126563096833365e-07,0.0,-6.281640774208341e-08,0
ret_overnight_lag_1_rankpct,0.0,0.0,-6.351062489251547e-07,0.0,-1.5877656223128866e-07,0
boxcox_atr,-4.270013276297391e-08,0.0,-1.1178949744783395e-06,2.0935600431037926e-07,-2.3780977573273354e-07,0
illiq_lag_1_z,0.0,0.0,-1.005029835354776e-06,0.0,-2.51257458838694e-07,0
macd_hist_direction_rankpct,-9.677040212707766e-06,4.642694749923404e-06,1.5498266017210938e-06,2.414731259059444e-06,-2.674469005009561e-07,0
low_lag_25_z,-1.7140492980516342e-06,0.0,5.223831126555112e-07,0.0,-2.9791654634903075e-07,0
volume_lag_5_rankpct,0.0,0.0,-1.990524259531945e-06,0.0,-4.976310648829863e-07,0
pv_corr_10,1.5239119013576996e-05,0.0,-1.7748137726036894e-05,0.0,-6.272546781149746e-07,0
open_lag_25_z,0.0,-3.606709638226402e-06,7.157837758509089e-06,-6.127580753467754e-06,-6.441131582962667e-07,0
volume_lag_3,-1.747443694655182e-05,2.9056798895865654e-06,1.1505152093582716e-05,0.0,-7.659012408456345e-07,0
volume_lag_5,-7.716644124133865e-06,3.144305396324265e-05,-2.0745721577508647e-05,-6.093873473722589e-06,-7.782963030306123e-07,0
low_lag_25_rankpct,-2.634854689764765e-06,0.0,-2.1198913427444843e-06,5.192653124153068e-07,-1.0588701800234857e-06,0
price_vs_ma5_z,0.0,0.0,-4.985900172282953e-06,0.0,-1.2464750430707383e-06,0
price_vs_ma5_rankpct,0.0,0.0,-5.300251988193949e-06,0.0,-1.3250629970484873e-06,0
macd_hist,-0.0006771019917548582,-7.472447794931725e-05,-0.00012453000505807665,0.0008707182326999074,-1.4095605155861612e-06,1
vol_gk_lag_1,0.0,0.0,-5.750331627085714e-06,0.0,-1.4375829067714285e-06,0
volume_lag_25,0.0,0.0,-5.87140399399555e-06,0.0,-1.4678509984988874e-06,0
macd_signal_distance_rankpct,-3.031451171198185e-06,0.0,-4.0754184646996094e-06,0.0,-1.7767174089744486e-06,0
engulfing_pattern_rankpct,4.378649450775818e-05,0.00013280212358868226,-1.1033675903215912e-05,-0.00017520977344898103,-2.4137078139391255e-06,0
return_lag_10,0.0,0.0,-9.980058407466075e-06,0.0,-2.4950146018665187e-06,0
pct_change_rankpct,0.0,0.0,-1.0707613978810926e-06,-1.0212541068033154e-05,-2.8208256164785617e-06,0
low_lag_5_z,0.0,0.0,-1.6476667829556924e-05,0.0,-4.119166957389231e-06,0
distance_to_resistance_z,-8.050875462739526e-06,3.010654285173775e-05,1.758331982365524e-05,-5.947297524477868e-05,-4.958497008031304e-06,0
vol_gk_ratio_lag_1,0.0,0.0,-2.119303637554415e-05,0.0,-5.2982590938860374e-06,0
close_previous,0.0,-2.2538981196529306e-05,0.0,0.0,-5.634745299132327e-06,0
low_lag_10,0.0,-2.2865194982180093e-05,0.0,0.0,-5.716298745545023e-06,0
volume_lag_3_rankpct,-1.4645865677120895e-05,-2.4711998291127024e-05,8.718402906154887e-05,-7.356063048791217e-05,-6.433616348652804e-06,0
macd_robust_z,7.272887203590983e-08,1.159140461903796e-05,-2.981592414685874e-05,-1.0986241638089034e-05,-7.284508073468476e-06,0
volume_lag_15,0.0,0.0,-3.235632568054925e-05,0.0,-8.089081420137312e-06,0
macd_signal_convergence_trend,-3.469758823704261e-06,6.905294318015898e-06,-4.980707164731202e-05,1.2996565299405738e-05,-8.34374271339866e-06,0
low_lag_20,-1.7442012441026833e-06,0.0,-3.116450503681811e-05,-7.16880804385589e-07,-8.406396771326596e-06,0
low_lag_30,-4.227828139513612e-05,6.40905822291149e-06,2.4944958876282897e-07,1.0989761567437029e-06,-8.630199356679524e-06,0
low_lag_5,0.0,0.0,-4.1707202316998426e-05,0.0,-1.0426800579249607e-05,0
rsi_6_z,0.0,0.0,-4.3533454001265515e-05,0.0,-1.0883363500316379e-05,0
close_lag_3_z,-2.6904509242697827e-06,2.4536837992472638e-05,4.615046889400176e-05,-0.00011368720537796584,-1.1422587353940306e-05,0
atr_z,-2.8854020787894008e-05,-5.493424093727661e-06,-6.261119202155552e-06,-6.109016698729874e-06,-1.1679395195626774e-05,0
volatility_25d,0.0,0.0,-5.7053256940275965e-05,0.0,-1.4263314235068991e-05,0
volume_dryup_z,-1.1656471882059982e-05,-4.041804695209539e-05,1.8709034752539822e-06,-2.671023266476169e-05,-1.922846200591577e-05,0
bb_position,0.0,0.0,-7.700819698580608e-05,0.0,-1.925204924645152e-05,0
high_lag_30,0.0,0.0,-8.676581699812447e-05,0.0,-2.1691454249531117e-05,0
signed_vol_strength,-5.579575677661097e-05,-8.223856795663842e-06,-2.7245928667374297e-05,2.5768065179399002e-06,-2.2172183930427303e-05,0
low_lag_3,5.403444934048984e-05,3.5738846446808914e-05,-6.40296871567414e-05,-0.00011532550146764464,-2.239547320927182e-05,0
ma_60,7.977939988079719e-05,-0.00010536638326452685,3.11799472442198e-05,-9.770959361632414e-05,-2.3029157438958503e-05,0
price_trend_5,-1.2033946998890599e-06,-1.6459208751484766e-07,-9.302495945834321e-05,7.073269525648129e-07,-2.3421404823295577e-05,0
macd_robust_rankpct,0.0,0.0,-9.761277308556471e-05,0.0,-2.4403193271391177e-05,0
price_trend_5_z,0.0,0.0,-0.00010110427381315734,0.0,-2.5276068453289335e-05,0
close_lag_10,4.9021686957195776e-05,-8.678383740801099e-06,2.9098761933021855e-05,-0.00017311525395347083,-2.5918297201013574e-05,0
macd_above_signal_z,-4.175017522367597e-06,8.778901750272627e-06,-3.402781517747311e-05,-7.832552264774861e-05,-2.6937363399329173e-05,0
volatility_30d_z,-1.4955886188827705e-05,-0.0001374247862637734,5.550706042667386e-05,-1.2239124257518164e-05,-2.7278184070861355e-05,0
macd_zero_cross_z,2.044389610156294e-06,0.00010832991388637359,-0.00017686906073943742,-5.147509799630079e-05,-2.9492463809802083e-05,0
high_lag_30_rankpct,0.0,0.0,-0.0001345051150543619,0.0,-3.362627876359048e-05,0
close_lag_3_rankpct,-5.338905790008841e-05,-9.728874601344639e-05,1.8125186558359818e-05,-1.125631058918053e-05,-3.595223198608888e-05,0
doji_pattern_rankpct,-0.000420740607416481,-0.0013078449585377516,0.0006844905074198659,0.0008929303061727678,-3.779118809039972e-05,2
price_volume_divergence_z,0.0,0.0,-0.00016221691924311887,0.0,-4.055422981077972e-05,0
volume_lag_10_rankpct,0.0,0.0,-0.0001626076718647118,0.0,-4.065191796617795e-05,0
rsi_6,0.0,0.0,-0.00017418210407871282,0.0,-4.3545526019678205e-05,0
volatility_15d_z,-4.119821942638602e-05,-0.00010282586006848948,-3.0293736539954708e-05,-7.027453970076536e-06,-4.5336317501226686e-05,0
volatility_25d_z,9.873024283235665e-05,-0.00037841810659033914,7.34288998444077e-05,-1.5666471008479732e-05,-5.548135873051363e-05,0
boxcox_atr_z,0.0,0.0,-0.0002362611496257716,0.0,-5.90652874064429e-05,0
dist_to_high_60_z,1.5154547105988847e-05,2.8310103482198645e-05,-0.00036604586987437626,4.0791531470407705e-06,-7.9625516534787e-05,0
high_lag_20,3.3548679434503015e-06,-5.769755206830318e-06,-0.00032160309148221433,-9.178432148759796e-06,-8.329910272358854e-05,0
open_lag_20,0.0,0.0,-0.0003606935776852005,0.0,-9.017339442130012e-05,0
close_lag_15,4.3956989012050585e-06,2.65105369590124e-06,-0.00036460549680994436,-3.9771712683212e-06,-9.038397887028982e-05,0
macd_zero_cross,-6.063373905362823e-05,0.0,-0.0004272636848610123,-3.3791689459938823e-06,-0.0001228191482151586,0
volume_dryup_rankpct,-0.00024760777901766673,-0.0003543865475565955,-0.0002805626324618449,0.0002540095626009098,-0.00015713684910879933,0
open_lag_20_rankpct,0.0,0.0,-0.0006590969871911323,0.0,-0.00016477424679778307,0
open_lag_20_z,-1.4421874762526876e-05,0.0,-0.000703306379755686,0.0,-0.00017943206362955322,0
macd_above_signal_rankpct,2.978077122017808e-06,-3.410955332072696e-06,-0.0011277474588080594,5.0902495772886525e-06,-0.0002807725218602064,0
price_volume_divergence_rankpct,-0.00010642448375797198,-4.6270404036818924e-05,-0.0010301446840794148,-2.876863769596394e-05,-0.0003029020523925424,0
high_lag_30_z,0.0,0.0,-0.0014995278590826944,0.0,-0.0003748819647706736,0
stoch_overbought_rankpct,-0.0006479082753516607,-0.0009373062768547324,-0.0013626284795847932,0.0006501485316723343,-0.000574423625029713,1
macd_golden_cross_rankpct,0.0011907272571591854,-0.0003691160402280458,-0.0019485221502583139,-0.001368373471943185,-0.0006238211013175898,1
rsi_overbought_24_rankpct,0.004626790795422275,-0.005732496139112975,-0.0006409860788442745,-0.0007776963329971798,-0.0006310969388830384,1
macd_zero_cross_up_rankpct,-0.00035792497195474837,0.0003227758034703987,-0.0017938281107651166,-0.0007763959274458276,-0.0006513433016738235,0
stoch_oversold_rankpct,-4.0502425706523404e-05,-5.609378452064995e-06,-0.003680562031158574,4.264100492634704e-05,-0.0009210082075977039,0
rsi_overbought_14_rankpct,0.00023019346082042702,-0.0002637766389002594,-0.0009615763174310454,-0.004322060395562599,-0.0013293049727683692,0
rsi_oversold_6_rankpct,0.002328635681331792,-0.0011689956033748006,-0.005862319261876192,-0.0014802381131817643,-0.0015457293242752412,1
hammer_pattern_rankpct,-0.002831772727166282,-0.002296709308921896,0.0015690324578101489,-0.005515323004701367,-0.002268693145744849,1
rsi_oversold_14_rankpct,-0.00010381442989781942,0.003339089202967327,-0.027828555848464664,0.0014607863170459368,-0.005783123689587305,2
rsi_oversold_24_rankpct,-0.004169219590555384,-0.0044580382270622,-0.03706171989678042,-0.04204301166227997,-0.021932997344169494,0
